symbol,ts,open,high,low,close,volume,timeframe
AAPL,2026-04-01 13:30:00,253.9,256.17,253.9,254.17,749139.0,1m
AAPL,2026-04-01 13:31:00,254.23,254.46,253.82,253.89,91031.0,1m
AAPL,2026-04-01 13:32:00,253.91,254.84,253.84,254.81,109887.0,1m
AAPL,2026-04-01 13:33:00,254.81,254.84,254.47,254.76,130668.0,1m
AAPL,2026-04-01 13:34:00,254.73,254.96,254.62,254.76,69168.0,1m
AAPL,2026-04-01 13:35:00,254.79,255.07,254.75,254.84,91072.0,1m
AAPL,2026-04-01 13:36:00,254.84,255.07,254.79,255.01,83237.0,1m
AAPL,2026-04-01 13:37:00,254.99,255.32,254.69,255.11,89571.0,1m
AAPL,2026-04-01 13:38:00,255.14,255.26,254.92,254.96,60281.0,1m
AAPL,2026-04-01 13:39:00,254.89,255.1,254.67,255.06,88573.0,1m
AAPL,2026-04-01 13:40:00,255.05,255.44,255.03,255.27,105397.0,1m
AAPL,2026-04-01 13:41:00,255.27,255.59,255.22,255.4,93500.0,1m
AAPL,2026-04-01 13:42:00,255.42,255.58,254.94,255.01,99618.0,1m
AAPL,2026-04-01 13:43:00,254.99,255.22,254.69,255.12,74595.0,1m
AAPL,2026-04-01 13:44:00,255.13,255.58,255.09,255.54,85969.0,1m
AAPL,2026-04-01 13:45:00,255.55,255.82,255.37,255.64,95790.0,1m
AAPL,2026-04-01 13:46:00,255.59,255.66,255.45,255.59,85875.0,1m
AAPL,2026-04-01 13:47:00,255.56,255.56,255.17,255.17,47818.0,1m
AAPL,2026-04-01 13:48:00,255.21,255.65,255.2,255.48,88317.0,1m
AAPL,2026-04-01 13:49:00,255.47,255.55,255.32,255.47,57063.0,1m
AAPL,2026-04-01 13:50:00,255.46,255.46,255.09,255.34,50112.0,1m
AAPL,2026-04-01 13:51:00,255.34,255.46,255.05,255.12,46483.0,1m
AAPL,2026-04-01 13:52:00,255.11,255.12,254.69,254.82,62877.0,1m
AAPL,2026-04-01 13:53:00,254.86,254.95,254.57,254.7,47979.0,1m
AAPL,2026-04-01 13:54:00,254.7,254.84,254.54,254.55,30964.0,1m
AAPL,2026-04-01 13:55:00,254.52,254.98,254.49,254.95,67400.0,1m
AAPL,2026-04-01 13:56:00,254.95,254.97,254.62,254.63,34506.0,1m
AAPL,2026-04-01 13:57:00,254.66,255.0,254.64,254.77,37511.0,1m
AAPL,2026-04-01 13:58:00,254.82,255.0,254.75,254.88,35223.0,1m
AAPL,2026-04-01 13:59:00,254.88,254.95,254.58,254.62,50536.0,1m
AAPL,2026-04-01 14:00:00,254.6,254.66,254.33,254.49,60878.0,1m
AAPL,2026-04-01 14:01:00,254.52,254.95,254.52,254.77,67244.0,1m
AAPL,2026-04-01 14:02:00,254.75,254.87,254.62,254.83,37346.0,1m
AAPL,2026-04-01 14:03:00,254.82,254.97,254.53,254.54,35105.0,1m
AAPL,2026-04-01 14:04:00,254.53,254.67,254.48,254.66,82955.0,1m
AAPL,2026-04-01 14:05:00,254.68,254.86,254.65,254.81,58705.0,1m
AAPL,2026-04-01 14:06:00,254.83,254.84,254.54,254.73,37192.0,1m
AAPL,2026-04-01 14:07:00,254.71,255.16,254.69,255.0,172629.0,1m
AAPL,2026-04-01 14:08:00,254.97,255.11,254.85,254.94,73744.0,1m
AAPL,2026-04-01 14:09:00,254.97,255.01,254.77,254.85,38401.0,1m
AAPL,2026-04-01 14:10:00,254.83,254.9,254.43,254.76,57195.0,1m
AAPL,2026-04-01 14:11:00,254.74,254.74,254.21,254.36,103579.0,1m
AAPL,2026-04-01 14:12:00,254.34,254.59,254.17,254.36,97179.0,1m
AAPL,2026-04-01 14:13:00,254.34,254.37,254.05,254.07,45393.0,1m
AAPL,2026-04-01 14:14:00,254.05,254.34,253.97,254.28,161016.0,1m
AAPL,2026-04-01 14:15:00,254.26,254.59,254.15,254.22,81712.0,1m
AAPL,2026-04-01 14:16:00,254.22,254.22,253.88,254.11,66493.0,1m
AAPL,2026-04-01 14:17:00,254.12,254.15,254.06,254.13,57485.0,1m
AAPL,2026-04-01 14:18:00,254.12,254.63,254.12,254.61,51720.0,1m
AAPL,2026-04-01 14:19:00,254.6,254.93,254.56,254.93,47860.0,1m
AAPL,2026-04-01 14:20:00,254.94,255.07,254.77,254.98,48574.0,1m
AAPL,2026-04-01 14:21:00,254.97,255.08,254.57,254.72,98632.0,1m
AAPL,2026-04-01 14:22:00,254.72,254.85,254.62,254.75,65472.0,1m
AAPL,2026-04-01 14:23:00,254.76,254.8,254.61,254.78,36757.0,1m
AAPL,2026-04-01 14:24:00,254.8,254.86,254.33,254.43,42017.0,1m
AAPL,2026-04-01 14:25:00,254.45,254.54,254.35,254.51,24090.0,1m
AAPL,2026-04-01 14:26:00,254.53,254.53,254.2,254.2,28883.0,1m
AAPL,2026-04-01 14:27:00,254.18,254.3,254.14,254.18,29780.0,1m
AAPL,2026-04-01 14:28:00,254.12,254.2,254.03,254.06,41797.0,1m
AAPL,2026-04-01 14:29:00,254.07,254.21,254.05,254.12,40759.0,1m
AAPL,2026-04-01 14:30:00,254.17,254.21,253.92,254.03,55410.0,1m
AAPL,2026-04-01 14:31:00,254.04,254.3,253.99,254.2,35430.0,1m
AAPL,2026-04-01 14:32:00,254.22,254.23,253.91,253.91,43734.0,1m
AAPL,2026-04-01 14:33:00,253.91,253.96,253.61,253.68,109947.0,1m
AAPL,2026-04-01 14:34:00,253.66,253.73,253.45,253.46,103445.0,1m
AAPL,2026-04-01 14:35:00,253.45,253.54,253.33,253.43,57191.0,1m
AAPL,2026-04-01 14:36:00,253.42,253.52,253.33,253.47,79221.0,1m
AAPL,2026-04-01 14:37:00,253.45,253.55,253.35,253.51,46138.0,1m
AAPL,2026-04-01 14:38:00,253.49,253.8,253.49,253.67,67573.0,1m
AAPL,2026-04-01 14:39:00,253.73,254.37,253.7,254.17,114642.0,1m
AAPL,2026-04-01 14:40:00,254.16,254.16,253.68,253.83,62016.0,1m
AAPL,2026-04-01 14:41:00,253.85,254.11,253.74,254.11,58871.0,1m
AAPL,2026-04-01 14:42:00,254.09,254.38,254.04,254.28,45738.0,1m
AAPL,2026-04-01 14:43:00,254.26,254.3,254.05,254.15,36174.0,1m
AAPL,2026-04-01 14:44:00,254.16,254.26,254.06,254.15,29811.0,1m
AAPL,2026-04-01 14:45:00,254.18,254.33,254.05,254.19,31043.0,1m
AAPL,2026-04-01 14:46:00,254.17,254.22,253.94,254.09,69026.0,1m
AAPL,2026-04-01 14:47:00,254.08,254.12,253.87,254.1,34059.0,1m
AAPL,2026-04-01 14:48:00,254.08,254.14,253.99,254.02,18818.0,1m
AAPL,2026-04-01 14:49:00,254.04,254.26,253.99,254.19,37007.0,1m
AAPL,2026-04-01 14:50:00,254.17,254.19,254.04,254.08,22512.0,1m
AAPL,2026-04-01 14:51:00,254.07,254.22,253.95,254.13,39018.0,1m
AAPL,2026-04-01 14:52:00,254.13,254.33,254.13,254.22,36949.0,1m
AAPL,2026-04-01 14:53:00,254.23,254.39,254.21,254.33,32850.0,1m
AAPL,2026-04-01 14:54:00,254.32,254.4,254.22,254.23,50568.0,1m
AAPL,2026-04-01 14:55:00,254.24,254.33,254.16,254.2,39348.0,1m
AAPL,2026-04-01 14:56:00,254.2,254.3,254.14,254.22,36192.0,1m
AAPL,2026-04-01 14:57:00,254.26,254.3,254.14,254.25,53545.0,1m
AAPL,2026-04-01 14:58:00,254.23,254.37,254.22,254.28,23860.0,1m
AAPL,2026-04-01 14:59:00,254.26,254.27,254.01,254.13,32704.0,1m
AAPL,2026-04-01 15:00:00,254.14,254.26,254.06,254.26,24518.0,1m
AAPL,2026-04-01 15:01:00,254.23,254.27,254.16,254.21,30331.0,1m
AAPL,2026-04-01 15:02:00,254.19,254.32,254.17,254.23,24834.0,1m
AAPL,2026-04-01 15:03:00,254.24,254.33,254.13,254.18,35267.0,1m
AAPL,2026-04-01 15:04:00,254.19,254.31,254.18,254.2,25630.0,1m
AAPL,2026-04-01 15:05:00,254.19,254.25,254.11,254.21,26617.0,1m
AAPL,2026-04-01 15:06:00,254.22,254.31,254.03,254.1,42896.0,1m
AAPL,2026-04-01 15:07:00,254.1,254.22,254.05,254.21,29063.0,1m
AAPL,2026-04-01 15:08:00,254.19,254.2,254.04,254.18,38498.0,1m
AAPL,2026-04-01 15:09:00,254.17,254.2,254.08,254.15,26292.0,1m
AAPL,2026-04-01 15:10:00,254.15,254.16,253.82,253.83,47804.0,1m
AAPL,2026-04-01 15:11:00,253.84,254.1,253.79,254.03,63443.0,1m
AAPL,2026-04-01 15:12:00,254.02,254.22,253.99,254.21,31511.0,1m
AAPL,2026-04-01 15:13:00,254.2,254.22,254.07,254.09,22281.0,1m
AAPL,2026-04-01 15:14:00,254.07,254.2,254.04,254.16,24720.0,1m
AAPL,2026-04-01 15:15:00,254.17,254.32,254.14,254.21,41309.0,1m
AAPL,2026-04-01 15:16:00,254.21,254.29,254.18,254.22,32017.0,1m
AAPL,2026-04-01 15:17:00,254.21,254.25,254.17,254.24,35366.0,1m
AAPL,2026-04-01 15:18:00,254.23,254.32,254.19,254.32,17259.0,1m
AAPL,2026-04-01 15:19:00,254.32,254.48,254.32,254.45,44226.0,1m
AAPL,2026-04-01 15:20:00,254.44,254.64,254.33,254.59,61194.0,1m
AAPL,2026-04-01 15:21:00,254.59,254.75,254.51,254.56,62151.0,1m
AAPL,2026-04-01 15:22:00,254.56,254.63,254.56,254.62,31975.0,1m
AAPL,2026-04-01 15:23:00,254.63,254.68,254.55,254.56,32685.0,1m
AAPL,2026-04-01 15:24:00,254.55,254.56,254.14,254.18,102130.0,1m
AAPL,2026-04-01 15:25:00,254.17,254.21,254.09,254.15,31719.0,1m
AAPL,2026-04-01 15:26:00,254.15,254.22,254.03,254.06,34977.0,1m
AAPL,2026-04-01 15:27:00,254.07,254.12,253.97,254.08,52372.0,1m
AAPL,2026-04-01 15:28:00,254.08,254.32,254.04,254.22,36449.0,1m
AAPL,2026-04-01 15:29:00,254.14,254.23,254.13,254.15,17861.0,1m
AAPL,2026-04-01 15:30:00,254.16,254.16,253.85,253.91,40656.0,1m
AAPL,2026-04-01 15:31:00,253.91,254.21,253.91,254.2,24097.0,1m
AAPL,2026-04-01 15:32:00,254.2,254.22,253.94,253.99,27690.0,1m
AAPL,2026-04-01 15:33:00,253.99,254.0,253.88,253.97,31054.0,1m
AAPL,2026-04-01 15:34:00,253.96,253.98,253.76,253.89,49243.0,1m
AAPL,2026-04-01 15:35:00,253.91,254.19,253.91,254.07,47436.0,1m
AAPL,2026-04-01 15:36:00,254.07,254.17,254.01,254.15,21148.0,1m
AAPL,2026-04-01 15:37:00,254.13,254.21,254.08,254.14,32584.0,1m
AAPL,2026-04-01 15:38:00,254.12,254.16,254.08,254.09,24867.0,1m
AAPL,2026-04-01 15:39:00,254.1,254.17,254.06,254.11,16482.0,1m
AAPL,2026-04-01 15:40:00,254.13,254.13,253.93,253.98,19523.0,1m
AAPL,2026-04-01 15:41:00,253.98,254.08,253.93,253.93,28750.0,1m
AAPL,2026-04-01 15:42:00,253.95,253.96,253.89,253.93,19657.0,1m
AAPL,2026-04-01 15:43:00,253.92,253.96,253.87,253.92,25162.0,1m
AAPL,2026-04-01 15:44:00,253.87,253.97,253.87,253.95,31200.0,1m
AAPL,2026-04-01 15:45:00,253.93,254.13,253.93,253.98,33315.0,1m
AAPL,2026-04-01 15:46:00,253.98,254.03,253.91,253.92,26341.0,1m
AAPL,2026-04-01 15:47:00,253.91,254.23,253.85,254.23,48972.0,1m
AAPL,2026-04-01 15:48:00,254.23,254.24,254.09,254.23,44576.0,1m
AAPL,2026-04-01 15:49:00,254.23,254.52,254.2,254.42,74040.0,1m
AAPL,2026-04-01 15:50:00,254.44,254.59,254.41,254.52,33433.0,1m
AAPL,2026-04-01 15:51:00,254.53,254.6,254.43,254.56,20428.0,1m
AAPL,2026-04-01 15:52:00,254.57,254.7,254.55,254.59,29746.0,1m
AAPL,2026-04-01 15:53:00,254.59,254.61,254.5,254.56,14905.0,1m
AAPL,2026-04-01 15:54:00,254.57,254.57,254.47,254.55,19292.0,1m
AAPL,2026-04-01 15:55:00,254.55,254.59,254.51,254.52,18791.0,1m
AAPL,2026-04-01 15:56:00,254.54,254.69,254.53,254.54,26391.0,1m
AAPL,2026-04-01 15:57:00,254.53,254.66,254.51,254.65,23942.0,1m
AAPL,2026-04-01 15:58:00,254.66,254.82,254.66,254.81,33055.0,1m
AAPL,2026-04-01 15:59:00,254.79,254.8,254.59,254.62,28235.0,1m
AAPL,2026-04-01 16:00:00,254.62,254.79,254.62,254.73,28432.0,1m
AAPL,2026-04-01 16:01:00,254.72,254.81,254.69,254.77,21859.0,1m
AAPL,2026-04-01 16:02:00,254.79,254.79,254.63,254.65,15176.0,1m
AAPL,2026-04-01 16:03:00,254.62,254.68,254.55,254.63,23442.0,1m
AAPL,2026-04-01 16:04:00,254.64,254.75,254.62,254.72,21283.0,1m
AAPL,2026-04-01 16:05:00,254.74,254.8,254.62,254.64,63974.0,1m
AAPL,2026-04-01 16:06:00,254.67,254.71,254.57,254.61,22342.0,1m
AAPL,2026-04-01 16:07:00,254.59,254.65,254.51,254.52,19749.0,1m
AAPL,2026-04-01 16:08:00,254.51,254.58,254.46,254.56,45128.0,1m
AAPL,2026-04-01 16:09:00,254.58,254.67,254.56,254.66,18853.0,1m
AAPL,2026-04-01 16:10:00,254.64,254.66,254.57,254.62,27476.0,1m
AAPL,2026-04-01 16:11:00,254.65,254.66,254.45,254.55,50407.0,1m
AAPL,2026-04-01 16:12:00,254.53,254.54,254.35,254.36,34969.0,1m
AAPL,2026-04-01 16:13:00,254.35,254.46,254.35,254.41,22343.0,1m
AAPL,2026-04-01 16:14:00,254.4,254.44,254.31,254.4,35400.0,1m
AAPL,2026-04-01 16:15:00,254.38,254.44,254.28,254.28,33176.0,1m
AAPL,2026-04-01 16:16:00,254.27,254.29,254.15,254.26,30829.0,1m
AAPL,2026-04-01 16:17:00,254.24,254.24,254.1,254.11,24895.0,1m
AAPL,2026-04-01 16:18:00,254.11,254.38,254.09,254.37,30553.0,1m
AAPL,2026-04-01 16:19:00,254.38,254.51,254.32,254.35,28053.0,1m
AAPL,2026-04-01 16:20:00,254.36,254.45,254.34,254.42,21965.0,1m
AAPL,2026-04-01 16:21:00,254.42,254.54,254.41,254.54,26459.0,1m
AAPL,2026-04-01 16:22:00,254.51,254.58,254.49,254.53,18097.0,1m
AAPL,2026-04-01 16:23:00,254.52,254.58,254.49,254.54,16972.0,1m
AAPL,2026-04-01 16:24:00,254.53,254.55,254.44,254.45,20386.0,1m
AAPL,2026-04-01 16:25:00,254.45,254.49,254.38,254.49,12527.0,1m
AAPL,2026-04-01 16:26:00,254.5,254.55,254.4,254.43,24409.0,1m
AAPL,2026-04-01 16:27:00,254.42,254.52,254.34,254.51,12614.0,1m
AAPL,2026-04-01 16:28:00,254.52,254.59,254.42,254.44,13124.0,1m
AAPL,2026-04-01 16:29:00,254.45,254.49,254.37,254.43,20079.0,1m
AAPL,2026-04-01 16:30:00,254.44,254.44,254.28,254.34,18852.0,1m
AAPL,2026-04-01 16:31:00,254.34,254.34,254.22,254.23,20657.0,1m
AAPL,2026-04-01 16:32:00,254.23,254.41,254.22,254.4,12500.0,1m
AAPL,2026-04-01 16:33:00,254.39,254.53,254.38,254.5,22148.0,1m
AAPL,2026-04-01 16:34:00,254.51,254.61,254.49,254.61,16788.0,1m
AAPL,2026-04-01 16:35:00,254.6,254.71,254.6,254.68,23583.0,1m
AAPL,2026-04-01 16:36:00,254.68,254.82,254.67,254.78,24258.0,1m
AAPL,2026-04-01 16:37:00,254.76,254.83,254.68,254.79,28525.0,1m
AAPL,2026-04-01 16:38:00,254.78,254.82,254.72,254.72,17757.0,1m
AAPL,2026-04-01 16:39:00,254.72,254.76,254.7,254.75,17720.0,1m
AAPL,2026-04-01 16:40:00,254.75,254.81,254.73,254.76,19816.0,1m
AAPL,2026-04-01 16:41:00,254.76,254.82,254.75,254.79,19414.0,1m
AAPL,2026-04-01 16:42:00,254.77,254.83,254.75,254.8,18122.0,1m
AAPL,2026-04-01 16:43:00,254.79,254.83,254.73,254.76,14843.0,1m
AAPL,2026-04-01 16:44:00,254.77,254.82,254.75,254.78,16015.0,1m
AAPL,2026-04-01 16:45:00,254.77,254.89,254.76,254.85,42113.0,1m
AAPL,2026-04-01 16:46:00,254.83,254.88,254.77,254.79,47871.0,1m
AAPL,2026-04-01 16:47:00,254.78,254.9,254.74,254.9,35173.0,1m
AAPL,2026-04-01 16:48:00,254.9,254.91,254.83,254.84,15590.0,1m
AAPL,2026-04-01 16:49:00,254.84,254.89,254.77,254.89,37172.0,1m
AAPL,2026-04-01 16:50:00,254.9,254.96,254.87,254.88,18550.0,1m
AAPL,2026-04-01 16:51:00,254.87,254.88,254.77,254.81,16745.0,1m
AAPL,2026-04-01 16:52:00,254.81,254.85,254.79,254.83,22367.0,1m
AAPL,2026-04-01 16:53:00,254.83,254.88,254.82,254.84,11549.0,1m
AAPL,2026-04-01 16:54:00,254.83,254.92,254.74,254.75,45945.0,1m
AAPL,2026-04-01 16:55:00,254.74,254.74,254.51,254.54,34615.0,1m
AAPL,2026-04-01 16:56:00,254.54,254.55,254.44,254.51,25708.0,1m
AAPL,2026-04-01 16:57:00,254.51,254.69,254.5,254.67,28147.0,1m
AAPL,2026-04-01 16:58:00,254.68,254.72,254.61,254.61,23827.0,1m
AAPL,2026-04-01 16:59:00,254.62,254.65,254.59,254.6,13194.0,1m
AAPL,2026-04-01 17:00:00,254.59,254.65,254.5,254.55,17223.0,1m
AAPL,2026-04-01 17:01:00,254.56,254.68,254.56,254.64,22782.0,1m
AAPL,2026-04-01 17:02:00,254.64,254.71,254.61,254.67,10030.0,1m
AAPL,2026-04-01 17:03:00,254.66,254.78,254.59,254.77,14984.0,1m
AAPL,2026-04-01 17:04:00,254.74,254.85,254.71,254.79,15828.0,1m
AAPL,2026-04-01 17:05:00,254.8,254.8,254.71,254.74,27498.0,1m
AAPL,2026-04-01 17:06:00,254.75,254.86,254.73,254.79,28906.0,1m
AAPL,2026-04-01 17:07:00,254.81,254.92,254.8,254.89,11914.0,1m
AAPL,2026-04-01 17:08:00,254.89,255.06,254.89,255.02,40942.0,1m
AAPL,2026-04-01 17:09:00,255.02,255.13,255.01,255.07,38182.0,1m
AAPL,2026-04-01 17:10:00,255.09,255.17,255.03,255.04,20986.0,1m
AAPL,2026-04-01 17:11:00,255.03,255.06,254.94,255.0,27899.0,1m
AAPL,2026-04-01 17:12:00,255.0,255.07,254.97,254.99,25763.0,1m
AAPL,2026-04-01 17:13:00,254.99,255.0,254.96,254.99,16153.0,1m
AAPL,2026-04-01 17:14:00,254.99,254.99,254.93,254.98,18263.0,1m
AAPL,2026-04-01 17:15:00,254.96,255.04,254.96,255.01,12883.0,1m
AAPL,2026-04-01 17:16:00,255.02,255.09,254.99,255.0,32041.0,1m
AAPL,2026-04-01 17:17:00,254.99,255.15,254.99,255.12,47089.0,1m
AAPL,2026-04-01 17:18:00,255.12,255.15,255.07,255.09,36085.0,1m
AAPL,2026-04-01 17:19:00,255.09,255.13,255.04,255.06,14504.0,1m
AAPL,2026-04-01 17:20:00,255.06,255.21,255.04,255.17,25381.0,1m
AAPL,2026-04-01 17:21:00,255.16,255.24,255.14,255.22,23265.0,1m
AAPL,2026-04-01 17:22:00,255.24,255.24,255.15,255.23,20134.0,1m
AAPL,2026-04-01 17:23:00,255.24,255.38,255.23,255.38,27948.0,1m
AAPL,2026-04-01 17:24:00,255.38,255.4,255.2,255.28,47535.0,1m
AAPL,2026-04-01 17:25:00,255.28,255.31,255.18,255.26,32220.0,1m
AAPL,2026-04-01 17:26:00,255.28,255.32,255.19,255.24,15680.0,1m
AAPL,2026-04-01 17:27:00,255.23,255.24,255.07,255.1,13473.0,1m
AAPL,2026-04-01 17:28:00,255.09,255.22,255.08,255.2,26497.0,1m
AAPL,2026-04-01 17:29:00,255.22,255.26,255.09,255.14,31101.0,1m
AAPL,2026-04-01 17:30:00,255.13,255.25,255.07,255.11,19142.0,1m
AAPL,2026-04-01 17:31:00,255.12,255.2,255.11,255.13,7520.0,1m
AAPL,2026-04-01 17:32:00,255.12,255.12,254.93,254.94,34854.0,1m
AAPL,2026-04-01 17:33:00,254.95,254.99,254.9,254.9,29176.0,1m
AAPL,2026-04-01 17:34:00,254.89,254.91,254.76,254.77,61671.0,1m
AAPL,2026-04-01 17:35:00,254.78,254.9,254.76,254.88,33613.0,1m
AAPL,2026-04-01 17:36:00,254.89,255.07,254.88,254.99,41357.0,1m
AAPL,2026-04-01 17:37:00,255.0,255.22,254.94,255.21,45691.0,1m
AAPL,2026-04-01 17:38:00,255.21,255.24,255.13,255.15,41465.0,1m
AAPL,2026-04-01 17:39:00,255.15,255.26,255.12,255.19,27844.0,1m
AAPL,2026-04-01 17:40:00,255.2,255.23,255.11,255.14,34790.0,1m
AAPL,2026-04-01 17:41:00,255.14,255.24,255.11,255.12,38895.0,1m
AAPL,2026-04-01 17:42:00,255.15,255.23,255.14,255.19,20769.0,1m
AAPL,2026-04-01 17:43:00,255.18,255.18,254.96,254.97,25796.0,1m
AAPL,2026-04-01 17:44:00,254.95,255.01,254.92,254.96,19692.0,1m
AAPL,2026-04-01 17:45:00,254.99,255.14,254.99,255.13,20494.0,1m
AAPL,2026-04-01 17:46:00,255.14,255.23,255.12,255.16,29463.0,1m
AAPL,2026-04-01 17:47:00,255.17,255.26,255.14,255.23,12871.0,1m
AAPL,2026-04-01 17:48:00,255.23,255.27,255.05,255.06,28451.0,1m
AAPL,2026-04-01 17:49:00,255.05,255.06,254.96,254.98,26986.0,1m
AAPL,2026-04-01 17:50:00,254.98,255.13,254.97,255.1,16421.0,1m
AAPL,2026-04-01 17:51:00,255.09,255.22,255.09,255.18,25609.0,1m
AAPL,2026-04-01 17:52:00,255.16,255.19,255.06,255.19,29079.0,1m
AAPL,2026-04-01 17:53:00,255.19,255.28,255.17,255.19,43690.0,1m
AAPL,2026-04-01 17:54:00,255.19,255.25,255.15,255.15,19919.0,1m
AAPL,2026-04-01 17:55:00,255.14,255.23,255.14,255.18,14468.0,1m
AAPL,2026-04-01 17:56:00,255.17,255.19,254.98,255.08,23616.0,1m
AAPL,2026-04-01 17:57:00,255.11,255.11,255.02,255.03,25742.0,1m
AAPL,2026-04-01 17:58:00,255.01,255.04,254.76,254.77,24274.0,1m
AAPL,2026-04-01 17:59:00,254.79,254.89,254.78,254.79,20091.0,1m
AAPL,2026-04-01 18:00:00,254.75,254.81,254.63,254.65,24483.0,1m
AAPL,2026-04-01 18:01:00,254.65,254.71,254.57,254.67,33603.0,1m
AAPL,2026-04-01 18:02:00,254.68,254.68,254.51,254.62,44634.0,1m
AAPL,2026-04-01 18:03:00,254.61,254.71,254.57,254.65,43232.0,1m
AAPL,2026-04-01 18:04:00,254.65,254.81,254.59,254.77,33868.0,1m
AAPL,2026-04-01 18:05:00,254.76,254.84,254.73,254.73,29291.0,1m
AAPL,2026-04-01 18:06:00,254.74,254.77,254.65,254.72,14887.0,1m
AAPL,2026-04-01 18:07:00,254.71,254.77,254.69,254.75,18724.0,1m
AAPL,2026-04-01 18:08:00,254.77,254.79,254.67,254.7,13046.0,1m
AAPL,2026-04-01 18:09:00,254.68,254.87,254.68,254.85,27013.0,1m
AAPL,2026-04-01 18:10:00,254.82,254.91,254.75,254.8,22068.0,1m
AAPL,2026-04-01 18:11:00,254.77,254.79,254.7,254.75,16285.0,1m
AAPL,2026-04-01 18:12:00,254.74,254.81,254.73,254.76,8622.0,1m
AAPL,2026-04-01 18:13:00,254.75,254.85,254.7,254.82,18805.0,1m
AAPL,2026-04-01 18:14:00,254.81,254.86,254.79,254.79,15653.0,1m
AAPL,2026-04-01 18:15:00,254.78,254.83,254.74,254.83,17147.0,1m
AAPL,2026-04-01 18:16:00,254.86,254.91,254.76,254.78,24384.0,1m
AAPL,2026-04-01 18:17:00,254.83,254.85,254.76,254.84,22217.0,1m
AAPL,2026-04-01 18:18:00,254.85,254.87,254.66,254.68,61047.0,1m
AAPL,2026-04-01 18:19:00,254.67,254.72,254.55,254.72,27693.0,1m
AAPL,2026-04-01 18:20:00,254.72,254.79,254.56,254.61,30511.0,1m
AAPL,2026-04-01 18:21:00,254.6,254.7,254.55,254.62,18993.0,1m
AAPL,2026-04-01 18:22:00,254.61,254.66,254.56,254.59,22631.0,1m
AAPL,2026-04-01 18:23:00,254.61,254.65,254.44,254.52,30993.0,1m
AAPL,2026-04-01 18:24:00,254.5,254.53,254.22,254.23,45401.0,1m
AAPL,2026-04-01 18:25:00,254.23,254.32,254.1,254.31,67637.0,1m
AAPL,2026-04-01 18:26:00,254.3,254.51,254.29,254.44,54235.0,1m
AAPL,2026-04-01 18:27:00,254.45,254.47,254.31,254.34,26727.0,1m
AAPL,2026-04-01 18:28:00,254.37,254.5,254.28,254.34,26149.0,1m
AAPL,2026-04-01 18:29:00,254.34,254.36,254.25,254.31,24089.0,1m
AAPL,2026-04-01 18:30:00,254.32,254.42,254.28,254.37,39832.0,1m
AAPL,2026-04-01 18:31:00,254.35,254.36,254.18,254.22,41486.0,1m
AAPL,2026-04-01 18:32:00,254.25,254.3,254.17,254.22,38046.0,1m
AAPL,2026-04-01 18:33:00,254.24,254.34,254.18,254.24,18010.0,1m
AAPL,2026-04-01 18:34:00,254.23,254.24,254.14,254.17,16269.0,1m
AAPL,2026-04-01 18:35:00,254.17,254.18,253.97,254.06,112484.0,1m
AAPL,2026-04-01 18:36:00,254.04,254.25,254.01,254.19,33921.0,1m
AAPL,2026-04-01 18:37:00,254.21,254.27,254.11,254.12,18481.0,1m
AAPL,2026-04-01 18:38:00,254.13,254.26,254.09,254.18,26285.0,1m
AAPL,2026-04-01 18:39:00,254.2,254.5,254.18,254.4,47213.0,1m
AAPL,2026-04-01 18:40:00,254.39,254.53,254.34,254.44,53469.0,1m
AAPL,2026-04-01 18:41:00,254.45,254.67,254.41,254.58,31674.0,1m
AAPL,2026-04-01 18:42:00,254.54,254.63,254.54,254.58,28901.0,1m
AAPL,2026-04-01 18:43:00,254.57,254.68,254.48,254.65,19254.0,1m
AAPL,2026-04-01 18:44:00,254.64,254.7,254.59,254.67,21862.0,1m
AAPL,2026-04-01 18:45:00,254.67,254.7,254.58,254.58,28817.0,1m
AAPL,2026-04-01 18:46:00,254.57,254.68,254.48,254.5,35731.0,1m
AAPL,2026-04-01 18:47:00,254.51,254.63,254.46,254.62,39726.0,1m
AAPL,2026-04-01 18:48:00,254.63,254.71,254.55,254.59,17272.0,1m
AAPL,2026-04-01 18:49:00,254.56,254.57,254.44,254.51,23810.0,1m
AAPL,2026-04-01 18:50:00,254.52,254.6,254.39,254.41,23518.0,1m
AAPL,2026-04-01 18:51:00,254.4,254.4,254.23,254.32,23366.0,1m
AAPL,2026-04-01 18:52:00,254.31,254.39,254.28,254.35,38179.0,1m
AAPL,2026-04-01 18:53:00,254.33,254.45,254.29,254.44,16632.0,1m
AAPL,2026-04-01 18:54:00,254.45,254.47,254.32,254.38,17005.0,1m
AAPL,2026-04-01 18:55:00,254.37,254.37,254.23,254.34,35107.0,1m
AAPL,2026-04-01 18:56:00,254.34,254.45,254.3,254.41,22173.0,1m
AAPL,2026-04-01 18:57:00,254.41,254.41,254.25,254.38,26390.0,1m
AAPL,2026-04-01 18:58:00,254.37,254.38,254.24,254.33,27205.0,1m
AAPL,2026-04-01 18:59:00,254.34,254.42,254.33,254.42,19109.0,1m
AAPL,2026-04-01 19:00:00,254.41,254.57,254.4,254.52,32475.0,1m
AAPL,2026-04-01 19:01:00,254.54,254.64,254.52,254.55,36345.0,1m
AAPL,2026-04-01 19:02:00,254.57,254.73,254.56,254.65,33065.0,1m
AAPL,2026-04-01 19:03:00,254.65,254.65,254.43,254.46,21444.0,1m
AAPL,2026-04-01 19:04:00,254.46,254.51,254.38,254.47,12376.0,1m
AAPL,2026-04-01 19:05:00,254.5,254.77,254.49,254.75,25790.0,1m
AAPL,2026-04-01 19:06:00,254.75,254.79,254.64,254.68,28831.0,1m
AAPL,2026-04-01 19:07:00,254.71,254.73,254.59,254.59,17887.0,1m
AAPL,2026-04-01 19:08:00,254.58,254.64,254.51,254.64,32431.0,1m
AAPL,2026-04-01 19:09:00,254.64,254.71,254.62,254.7,17374.0,1m
AAPL,2026-04-01 19:10:00,254.69,254.77,254.63,254.65,49108.0,1m
AAPL,2026-04-01 19:11:00,254.67,254.69,254.6,254.68,51289.0,1m
AAPL,2026-04-01 19:12:00,254.69,254.85,254.69,254.81,53543.0,1m
AAPL,2026-04-01 19:13:00,254.82,254.92,254.77,254.9,27998.0,1m
AAPL,2026-04-01 19:14:00,254.89,254.99,254.87,254.97,45363.0,1m
AAPL,2026-04-01 19:15:00,254.97,255.05,254.96,255.01,49821.0,1m
AAPL,2026-04-01 19:16:00,255.01,255.07,254.89,254.9,53608.0,1m
AAPL,2026-04-01 19:17:00,254.9,254.97,254.84,254.95,39256.0,1m
AAPL,2026-04-01 19:18:00,254.95,255.14,254.94,255.11,44459.0,1m
AAPL,2026-04-01 19:19:00,255.1,255.16,254.95,255.04,59457.0,1m
AAPL,2026-04-01 19:20:00,255.05,255.21,255.02,255.19,58437.0,1m
AAPL,2026-04-01 19:21:00,255.2,255.27,255.02,255.09,45162.0,1m
AAPL,2026-04-01 19:22:00,255.09,255.22,255.09,255.18,67997.0,1m
AAPL,2026-04-01 19:23:00,255.18,255.25,255.16,255.25,61672.0,1m
AAPL,2026-04-01 19:24:00,255.25,255.29,255.21,255.26,34556.0,1m
AAPL,2026-04-01 19:25:00,255.26,255.36,255.24,255.3,43209.0,1m
AAPL,2026-04-01 19:26:00,255.31,255.45,255.31,255.45,41492.0,1m
AAPL,2026-04-01 19:27:00,255.45,255.52,255.41,255.52,108257.0,1m
AAPL,2026-04-01 19:28:00,255.51,255.63,255.5,255.59,49158.0,1m
AAPL,2026-04-01 19:29:00,255.6,255.67,255.54,255.65,74018.0,1m
AAPL,2026-04-01 19:30:00,255.64,255.76,255.58,255.65,93057.0,1m
AAPL,2026-04-01 19:31:00,255.64,255.68,255.55,255.56,40937.0,1m
AAPL,2026-04-01 19:32:00,255.56,255.58,255.43,255.44,42773.0,1m
AAPL,2026-04-01 19:33:00,255.44,255.47,255.36,255.45,50578.0,1m
AAPL,2026-04-01 19:34:00,255.46,255.69,255.45,255.68,46827.0,1m
AAPL,2026-04-01 19:35:00,255.68,255.7,255.6,255.64,53456.0,1m
AAPL,2026-04-01 19:36:00,255.63,255.72,255.62,255.69,54398.0,1m
AAPL,2026-04-01 19:37:00,255.69,255.76,255.65,255.74,39247.0,1m
AAPL,2026-04-01 19:38:00,255.73,255.87,255.65,255.87,72554.0,1m
AAPL,2026-04-01 19:39:00,255.87,256.0,255.84,255.95,89031.0,1m
AAPL,2026-04-01 19:40:00,255.94,256.04,255.9,255.98,81246.0,1m
AAPL,2026-04-01 19:41:00,255.98,256.11,255.94,256.0,70875.0,1m
AAPL,2026-04-01 19:42:00,256.0,256.06,255.96,255.97,43180.0,1m
AAPL,2026-04-01 19:43:00,255.97,255.99,255.9,255.92,45226.0,1m
AAPL,2026-04-01 19:44:00,255.92,255.93,255.75,255.85,87799.0,1m
AAPL,2026-04-01 19:45:00,255.84,256.03,255.74,256.01,81395.0,1m
AAPL,2026-04-01 19:46:00,256.03,256.13,255.92,255.96,81026.0,1m
AAPL,2026-04-01 19:47:00,255.96,256.04,255.9,255.91,38273.0,1m
AAPL,2026-04-01 19:48:00,255.9,256.05,255.89,256.05,76447.0,1m
AAPL,2026-04-01 19:49:00,256.05,256.13,255.95,256.04,155964.0,1m
AAPL,2026-04-01 19:50:00,256.05,256.1,255.39,255.56,173694.0,1m
AAPL,2026-04-01 19:51:00,255.56,255.61,255.42,255.5,137020.0,1m
AAPL,2026-04-01 19:52:00,255.49,255.59,255.41,255.55,91436.0,1m
AAPL,2026-04-01 19:53:00,255.56,255.56,255.31,255.43,134105.0,1m
AAPL,2026-04-01 19:54:00,255.42,255.54,255.33,255.4,116186.0,1m
AAPL,2026-04-01 19:55:00,255.39,255.39,255.15,255.28,170601.0,1m
AAPL,2026-04-01 19:56:00,255.28,255.48,255.18,255.27,194051.0,1m
AAPL,2026-04-01 19:57:00,255.27,255.58,255.25,255.57,197996.0,1m
AAPL,2026-04-01 19:58:00,255.57,255.72,255.55,255.64,273616.0,1m
AAPL,2026-04-01 19:59:00,255.63,255.76,255.35,255.69,686397.0,1m
AAPL,2026-04-02 13:30:00,254.2,254.8,252.81,253.15,674379.0,1m
AAPL,2026-04-02 13:31:00,253.25,253.35,252.82,252.92,110635.0,1m
AAPL,2026-04-02 13:32:00,253.05,253.05,252.3,252.47,114278.0,1m
AAPL,2026-04-02 13:33:00,252.43,252.79,252.1,252.59,95898.0,1m
AAPL,2026-04-02 13:34:00,252.58,252.9,252.13,252.16,78180.0,1m
AAPL,2026-04-02 13:35:00,252.16,252.19,251.51,251.79,130138.0,1m
AAPL,2026-04-02 13:36:00,251.79,251.81,251.38,251.45,73750.0,1m
AAPL,2026-04-02 13:37:00,251.46,251.5,251.11,251.44,88811.0,1m
AAPL,2026-04-02 13:38:00,251.36,251.44,250.9,251.01,86586.0,1m
AAPL,2026-04-02 13:39:00,251.01,251.1,250.79,250.86,75594.0,1m
AAPL,2026-04-02 13:40:00,250.88,251.09,250.67,250.82,125234.0,1m
AAPL,2026-04-02 13:41:00,250.81,251.58,250.79,251.58,129015.0,1m
AAPL,2026-04-02 13:42:00,251.56,251.59,251.1,251.19,99054.0,1m
AAPL,2026-04-02 13:43:00,251.19,251.27,250.65,250.73,95890.0,1m
AAPL,2026-04-02 13:44:00,250.77,250.96,250.67,250.84,39376.0,1m
AAPL,2026-04-02 13:45:00,250.84,251.18,250.69,251.08,67637.0,1m
AAPL,2026-04-02 13:46:00,251.07,251.41,250.97,251.29,66073.0,1m
AAPL,2026-04-02 13:47:00,251.32,251.47,251.25,251.41,54846.0,1m
AAPL,2026-04-02 13:48:00,251.38,251.71,251.24,251.71,65511.0,1m
AAPL,2026-04-02 13:49:00,251.73,251.84,251.64,251.68,56827.0,1m
AAPL,2026-04-02 13:50:00,251.69,252.08,251.69,252.03,74037.0,1m
AAPL,2026-04-02 13:51:00,251.97,252.19,251.88,252.0,53966.0,1m
AAPL,2026-04-02 13:52:00,252.0,252.21,251.94,251.98,51587.0,1m
AAPL,2026-04-02 13:53:00,251.97,252.35,251.94,252.17,58630.0,1m
AAPL,2026-04-02 13:54:00,252.16,252.54,252.11,252.25,56999.0,1m
AAPL,2026-04-02 13:55:00,252.21,252.35,252.15,252.33,46633.0,1m
AAPL,2026-04-02 13:56:00,252.33,252.44,252.17,252.2,46380.0,1m
AAPL,2026-04-02 13:57:00,252.2,252.42,252.05,252.4,35268.0,1m
AAPL,2026-04-02 13:58:00,252.36,252.6,252.3,252.54,40594.0,1m
AAPL,2026-04-02 13:59:00,252.52,252.66,252.47,252.53,38180.0,1m
AAPL,2026-04-02 14:00:00,252.52,252.81,252.43,252.5,86854.0,1m
AAPL,2026-04-02 14:01:00,252.52,252.64,252.0,252.0,65297.0,1m
AAPL,2026-04-02 14:02:00,252.0,252.04,251.77,251.9,62601.0,1m
AAPL,2026-04-02 14:03:00,251.89,251.91,251.29,251.5,73564.0,1m
AAPL,2026-04-02 14:04:00,251.5,251.64,251.36,251.42,44022.0,1m
AAPL,2026-04-02 14:05:00,251.42,251.64,251.19,251.58,44839.0,1m
AAPL,2026-04-02 14:06:00,251.56,251.93,251.48,251.93,42909.0,1m
AAPL,2026-04-02 14:07:00,251.92,251.95,251.59,251.61,56689.0,1m
AAPL,2026-04-02 14:08:00,251.6,251.79,251.43,251.75,47183.0,1m
AAPL,2026-04-02 14:09:00,251.74,251.79,251.64,251.68,30445.0,1m
AAPL,2026-04-02 14:10:00,251.68,251.88,251.61,251.85,41044.0,1m
AAPL,2026-04-02 14:11:00,251.86,252.21,251.86,252.08,54830.0,1m
AAPL,2026-04-02 14:12:00,252.09,252.14,251.96,252.12,43861.0,1m
AAPL,2026-04-02 14:13:00,252.1,252.2,251.89,252.03,39508.0,1m
AAPL,2026-04-02 14:14:00,252.02,252.18,252.0,252.04,30140.0,1m
AAPL,2026-04-02 14:15:00,252.07,252.25,252.03,252.23,30832.0,1m
AAPL,2026-04-02 14:16:00,252.21,252.54,252.1,252.15,59015.0,1m
AAPL,2026-04-02 14:17:00,252.15,252.29,252.12,252.23,23151.0,1m
AAPL,2026-04-02 14:18:00,252.25,252.25,252.04,252.16,18478.0,1m
AAPL,2026-04-02 14:19:00,252.15,252.33,252.13,252.14,31957.0,1m
AAPL,2026-04-02 14:20:00,252.14,252.38,251.94,251.96,59498.0,1m
AAPL,2026-04-02 14:21:00,251.97,252.3,251.97,252.24,42685.0,1m
AAPL,2026-04-02 14:22:00,252.23,252.23,251.85,251.92,55748.0,1m
AAPL,2026-04-02 14:23:00,251.87,252.04,251.87,252.02,23128.0,1m
AAPL,2026-04-02 14:24:00,252.03,252.12,251.89,252.02,41312.0,1m
AAPL,2026-04-02 14:25:00,251.99,252.17,251.99,252.13,42712.0,1m
AAPL,2026-04-02 14:26:00,252.12,252.29,252.07,252.07,36127.0,1m
AAPL,2026-04-02 14:27:00,252.08,252.31,252.02,252.13,40768.0,1m
AAPL,2026-04-02 14:28:00,252.1,252.32,252.07,252.28,29060.0,1m
AAPL,2026-04-02 14:29:00,252.27,252.27,252.03,252.13,33486.0,1m
AAPL,2026-04-02 14:30:00,252.11,252.26,251.99,252.26,25610.0,1m
AAPL,2026-04-02 14:31:00,252.26,252.5,252.22,252.23,29681.0,1m
AAPL,2026-04-02 14:32:00,252.21,252.76,252.18,252.71,48425.0,1m
AAPL,2026-04-02 14:33:00,252.69,252.94,252.65,252.86,58580.0,1m
AAPL,2026-04-02 14:34:00,252.85,252.92,252.6,252.66,57428.0,1m
AAPL,2026-04-02 14:35:00,252.65,253.42,252.65,253.35,55200.0,1m
AAPL,2026-04-02 14:36:00,253.25,254.17,253.09,253.92,125222.0,1m
AAPL,2026-04-02 14:37:00,253.88,254.58,253.74,254.02,91530.0,1m
AAPL,2026-04-02 14:38:00,254.07,254.16,253.43,253.49,102368.0,1m
AAPL,2026-04-02 14:39:00,253.45,254.17,253.36,254.03,63237.0,1m
AAPL,2026-04-02 14:40:00,254.02,254.1,253.78,253.84,48642.0,1m
AAPL,2026-04-02 14:41:00,253.81,254.03,253.3,253.39,46308.0,1m
AAPL,2026-04-02 14:42:00,253.41,253.85,253.41,253.74,49524.0,1m
AAPL,2026-04-02 14:43:00,253.75,254.02,253.66,254.0,42075.0,1m
AAPL,2026-04-02 14:44:00,253.94,254.06,253.72,253.97,33834.0,1m
AAPL,2026-04-02 14:45:00,253.98,254.07,253.85,253.99,18668.0,1m
AAPL,2026-04-02 14:46:00,253.95,254.04,253.8,253.9,48477.0,1m
AAPL,2026-04-02 14:47:00,253.91,254.15,253.79,254.09,38244.0,1m
AAPL,2026-04-02 14:48:00,254.07,254.11,253.89,254.04,37948.0,1m
AAPL,2026-04-02 14:49:00,254.04,254.34,254.01,254.19,42508.0,1m
AAPL,2026-04-02 14:50:00,254.19,254.38,253.97,254.18,57060.0,1m
AAPL,2026-04-02 14:51:00,254.19,254.28,253.98,254.11,46184.0,1m
AAPL,2026-04-02 14:52:00,254.11,254.49,254.04,254.48,33209.0,1m
AAPL,2026-04-02 14:53:00,254.46,254.64,254.23,254.41,25413.0,1m
AAPL,2026-04-02 14:54:00,254.4,254.72,254.4,254.63,20029.0,1m
AAPL,2026-04-02 14:55:00,254.64,255.03,254.59,254.98,59853.0,1m
AAPL,2026-04-02 14:56:00,254.98,255.2,254.98,255.03,39888.0,1m
AAPL,2026-04-02 14:57:00,255.03,255.32,254.99,255.2,69929.0,1m
AAPL,2026-04-02 14:58:00,255.18,255.25,255.09,255.22,25970.0,1m
AAPL,2026-04-02 14:59:00,255.24,255.4,255.08,255.38,25185.0,1m
AAPL,2026-04-02 15:00:00,255.4,255.47,255.11,255.15,56032.0,1m
AAPL,2026-04-02 15:01:00,255.23,255.4,255.21,255.28,32560.0,1m
AAPL,2026-04-02 15:02:00,255.3,255.33,255.12,255.13,42710.0,1m
AAPL,2026-04-02 15:03:00,255.14,255.5,255.07,255.47,36624.0,1m
AAPL,2026-04-02 15:04:00,255.46,255.7,255.41,255.67,54056.0,1m
AAPL,2026-04-02 15:05:00,255.66,255.73,255.28,255.3,43008.0,1m
AAPL,2026-04-02 15:06:00,255.32,255.35,255.12,255.16,31278.0,1m
AAPL,2026-04-02 15:07:00,255.15,255.35,255.14,255.24,24297.0,1m
AAPL,2026-04-02 15:08:00,255.3,255.54,255.3,255.48,23779.0,1m
AAPL,2026-04-02 15:09:00,255.47,255.49,255.31,255.43,21513.0,1m
AAPL,2026-04-02 15:10:00,255.37,255.52,255.15,255.45,33302.0,1m
AAPL,2026-04-02 15:11:00,255.44,255.61,255.38,255.41,23860.0,1m
AAPL,2026-04-02 15:12:00,255.41,255.63,255.38,255.48,24942.0,1m
AAPL,2026-04-02 15:13:00,255.48,255.54,255.14,255.14,34757.0,1m
AAPL,2026-04-02 15:14:00,255.16,255.16,254.87,254.99,32253.0,1m
AAPL,2026-04-02 15:15:00,255.0,255.13,254.94,255.01,11324.0,1m
AAPL,2026-04-02 15:16:00,254.98,255.12,254.93,255.06,88516.0,1m
AAPL,2026-04-02 15:17:00,255.06,255.1,254.82,254.86,29033.0,1m
AAPL,2026-04-02 15:18:00,254.8,254.94,254.73,254.94,23830.0,1m
AAPL,2026-04-02 15:19:00,254.94,255.0,254.91,254.93,13362.0,1m
AAPL,2026-04-02 15:20:00,254.92,254.92,254.55,254.63,47320.0,1m
AAPL,2026-04-02 15:21:00,254.7,254.84,254.47,254.62,42515.0,1m
AAPL,2026-04-02 15:22:00,254.59,254.74,254.41,254.5,19301.0,1m
AAPL,2026-04-02 15:23:00,254.52,254.59,254.49,254.55,19370.0,1m
AAPL,2026-04-02 15:24:00,254.56,254.77,254.53,254.75,20057.0,1m
AAPL,2026-04-02 15:25:00,254.74,254.76,254.47,254.63,25444.0,1m
AAPL,2026-04-02 15:26:00,254.63,254.95,254.59,254.93,29458.0,1m
AAPL,2026-04-02 15:27:00,254.9,255.15,254.88,255.14,38505.0,1m
AAPL,2026-04-02 15:28:00,255.14,255.24,255.09,255.18,16990.0,1m
AAPL,2026-04-02 15:29:00,255.21,255.21,255.05,255.12,13757.0,1m
AAPL,2026-04-02 15:30:00,255.17,255.17,255.0,255.08,22768.0,1m
AAPL,2026-04-02 15:31:00,255.1,255.1,254.86,254.91,28393.0,1m
AAPL,2026-04-02 15:32:00,254.92,255.03,254.82,254.89,21655.0,1m
AAPL,2026-04-02 15:33:00,254.88,254.92,254.73,254.77,15935.0,1m
AAPL,2026-04-02 15:34:00,254.78,254.88,254.65,254.85,8814.0,1m
AAPL,2026-04-02 15:35:00,254.82,254.84,254.7,254.82,9504.0,1m
AAPL,2026-04-02 15:36:00,254.82,255.04,254.75,255.04,24278.0,1m
AAPL,2026-04-02 15:37:00,254.98,255.19,254.97,255.07,16055.0,1m
AAPL,2026-04-02 15:38:00,255.08,255.08,254.9,255.03,14001.0,1m
AAPL,2026-04-02 15:39:00,255.15,255.15,254.92,255.0,5382.0,1m
AAPL,2026-04-02 15:40:00,255.02,255.12,254.92,254.96,17330.0,1m
AAPL,2026-04-02 15:41:00,254.98,255.02,254.76,254.81,13776.0,1m
AAPL,2026-04-02 15:42:00,254.84,254.85,254.61,254.65,12934.0,1m
AAPL,2026-04-02 15:43:00,254.69,254.73,254.63,254.71,18923.0,1m
AAPL,2026-04-02 15:44:00,254.71,254.89,254.71,254.85,12798.0,1m
AAPL,2026-04-02 15:45:00,254.84,254.84,254.57,254.6,21190.0,1m
AAPL,2026-04-02 15:46:00,254.58,254.77,254.51,254.71,13770.0,1m
AAPL,2026-04-02 15:47:00,254.69,254.78,254.66,254.76,12039.0,1m
AAPL,2026-04-02 15:48:00,254.75,254.81,254.6,254.74,17861.0,1m
AAPL,2026-04-02 15:49:00,254.75,254.77,254.65,254.67,6885.0,1m
AAPL,2026-04-02 15:50:00,254.69,254.69,254.49,254.52,16550.0,1m
AAPL,2026-04-02 15:51:00,254.54,254.58,254.39,254.47,12770.0,1m
AAPL,2026-04-02 15:52:00,254.47,254.71,254.44,254.69,15185.0,1m
AAPL,2026-04-02 15:53:00,254.62,254.67,254.41,254.43,7335.0,1m
AAPL,2026-04-02 15:54:00,254.4,254.81,254.36,254.77,23697.0,1m
AAPL,2026-04-02 15:55:00,254.77,254.83,254.66,254.83,15487.0,1m
AAPL,2026-04-02 15:56:00,254.82,254.82,254.56,254.6,15726.0,1m
AAPL,2026-04-02 15:57:00,254.57,254.63,254.46,254.47,9211.0,1m
AAPL,2026-04-02 15:58:00,254.54,254.57,254.51,254.57,9383.0,1m
AAPL,2026-04-02 15:59:00,254.54,254.64,254.53,254.57,7281.0,1m
AAPL,2026-04-02 16:00:00,254.57,254.64,254.49,254.55,7625.0,1m
AAPL,2026-04-02 16:01:00,254.57,254.75,254.53,254.72,48241.0,1m
AAPL,2026-04-02 16:02:00,254.72,254.72,254.52,254.58,14105.0,1m
AAPL,2026-04-02 16:03:00,254.57,254.62,254.47,254.5,16254.0,1m
AAPL,2026-04-02 16:04:00,254.51,254.52,254.29,254.37,17906.0,1m
AAPL,2026-04-02 16:05:00,254.39,254.54,254.39,254.51,9705.0,1m
AAPL,2026-04-02 16:06:00,254.48,254.48,254.37,254.41,15991.0,1m
AAPL,2026-04-02 16:07:00,254.37,254.4,254.24,254.35,14018.0,1m
AAPL,2026-04-02 16:08:00,254.32,254.36,254.12,254.16,38138.0,1m
AAPL,2026-04-02 16:09:00,254.15,254.67,254.14,254.65,44938.0,1m
AAPL,2026-04-02 16:10:00,254.66,254.69,254.44,254.44,8749.0,1m
AAPL,2026-04-02 16:11:00,254.39,254.44,254.36,254.43,6859.0,1m
AAPL,2026-04-02 16:12:00,254.41,254.54,254.37,254.51,11342.0,1m
AAPL,2026-04-02 16:13:00,254.5,254.57,254.43,254.52,9335.0,1m
AAPL,2026-04-02 16:14:00,254.49,254.52,254.45,254.48,5059.0,1m
AAPL,2026-04-02 16:15:00,254.45,254.48,254.36,254.38,10889.0,1m
AAPL,2026-04-02 16:16:00,254.39,254.51,254.33,254.34,10674.0,1m
AAPL,2026-04-02 16:17:00,254.35,254.41,254.24,254.31,17519.0,1m
AAPL,2026-04-02 16:18:00,254.32,254.36,254.21,254.26,7969.0,1m
AAPL,2026-04-02 16:19:00,254.31,254.31,254.0,254.03,24336.0,1m
AAPL,2026-04-02 16:20:00,254.03,254.18,254.0,254.13,22539.0,1m
AAPL,2026-04-02 16:21:00,254.12,254.24,254.1,254.19,21030.0,1m
AAPL,2026-04-02 16:22:00,254.17,254.34,254.17,254.3,13230.0,1m
AAPL,2026-04-02 16:23:00,254.3,254.39,254.25,254.32,14928.0,1m
AAPL,2026-04-02 16:24:00,254.33,254.33,254.25,254.26,15249.0,1m
AAPL,2026-04-02 16:25:00,254.25,254.27,254.03,254.1,29618.0,1m
AAPL,2026-04-02 16:26:00,254.09,254.36,254.08,254.34,57742.0,1m
AAPL,2026-04-02 16:27:00,254.35,254.41,254.28,254.41,12115.0,1m
AAPL,2026-04-02 16:28:00,254.42,254.55,254.24,254.31,19104.0,1m
AAPL,2026-04-02 16:29:00,254.28,254.29,254.11,254.11,7234.0,1m
AAPL,2026-04-02 16:30:00,254.13,254.23,254.1,254.1,10682.0,1m
AAPL,2026-04-02 16:31:00,254.07,254.39,254.07,254.32,8927.0,1m
AAPL,2026-04-02 16:32:00,254.32,254.54,254.31,254.5,17814.0,1m
AAPL,2026-04-02 16:33:00,254.46,254.6,254.43,254.47,16653.0,1m
AAPL,2026-04-02 16:34:00,254.5,254.5,254.42,254.45,12394.0,1m
AAPL,2026-04-02 16:35:00,254.48,254.59,254.45,254.56,14050.0,1m
AAPL,2026-04-02 16:36:00,254.56,254.6,254.35,254.48,29835.0,1m
AAPL,2026-04-02 16:37:00,254.48,254.61,254.45,254.54,10140.0,1m
AAPL,2026-04-02 16:38:00,254.45,254.46,254.25,254.38,10281.0,1m
AAPL,2026-04-02 16:39:00,254.34,254.51,254.34,254.44,9265.0,1m
AAPL,2026-04-02 16:40:00,254.47,255.0,254.46,254.75,53962.0,1m
AAPL,2026-04-02 16:41:00,254.71,254.71,254.57,254.64,13467.0,1m
AAPL,2026-04-02 16:42:00,254.62,254.71,254.59,254.68,10371.0,1m
AAPL,2026-04-02 16:43:00,254.67,254.76,254.65,254.74,10510.0,1m
AAPL,2026-04-02 16:44:00,254.75,254.86,254.72,254.73,11239.0,1m
AAPL,2026-04-02 16:45:00,254.78,254.86,254.71,254.83,18787.0,1m
AAPL,2026-04-02 16:46:00,254.86,254.89,254.73,254.77,11084.0,1m
AAPL,2026-04-02 16:47:00,254.78,254.78,254.65,254.68,9800.0,1m
AAPL,2026-04-02 16:48:00,254.68,254.72,254.58,254.58,14624.0,1m
AAPL,2026-04-02 16:49:00,254.58,254.64,254.53,254.61,10142.0,1m
AAPL,2026-04-02 16:50:00,254.63,254.71,254.57,254.57,10954.0,1m
AAPL,2026-04-02 16:51:00,254.59,254.6,254.4,254.48,21916.0,1m
AAPL,2026-04-02 16:52:00,254.51,254.58,254.51,254.56,8499.0,1m
AAPL,2026-04-02 16:53:00,254.57,254.62,254.52,254.58,17068.0,1m
AAPL,2026-04-02 16:54:00,254.61,254.68,254.56,254.6,9750.0,1m
AAPL,2026-04-02 16:55:00,254.56,254.63,254.54,254.59,12657.0,1m
AAPL,2026-04-02 16:56:00,254.59,254.6,254.52,254.55,10984.0,1m
AAPL,2026-04-02 16:57:00,254.53,254.64,254.52,254.52,11014.0,1m
AAPL,2026-04-02 16:58:00,254.5,254.63,254.45,254.57,10064.0,1m
AAPL,2026-04-02 16:59:00,254.62,254.64,254.42,254.42,14364.0,1m
AAPL,2026-04-02 17:00:00,254.42,254.49,254.19,254.19,24554.0,1m
AAPL,2026-04-02 17:01:00,254.22,254.3,254.17,254.19,10937.0,1m
AAPL,2026-04-02 17:02:00,254.21,254.28,254.19,254.28,7970.0,1m
AAPL,2026-04-02 17:03:00,254.3,254.58,254.29,254.54,14756.0,1m
AAPL,2026-04-02 17:04:00,254.51,254.69,254.51,254.66,6906.0,1m
AAPL,2026-04-02 17:05:00,254.64,254.68,254.58,254.64,11887.0,1m
AAPL,2026-04-02 17:06:00,254.68,254.68,254.47,254.58,16373.0,1m
AAPL,2026-04-02 17:07:00,254.6,254.68,254.53,254.62,15370.0,1m
AAPL,2026-04-02 17:08:00,254.61,254.61,254.45,254.45,10562.0,1m
AAPL,2026-04-02 17:09:00,254.52,254.63,254.49,254.63,11256.0,1m
AAPL,2026-04-02 17:10:00,254.66,254.75,254.65,254.7,15784.0,1m
AAPL,2026-04-02 17:11:00,254.71,254.77,254.69,254.75,14135.0,1m
AAPL,2026-04-02 17:12:00,254.75,254.84,254.75,254.84,8956.0,1m
AAPL,2026-04-02 17:13:00,254.85,255.07,254.77,255.04,26154.0,1m
AAPL,2026-04-02 17:14:00,255.05,255.19,255.01,255.03,13459.0,1m
AAPL,2026-04-02 17:15:00,255.03,255.2,255.03,255.15,19231.0,1m
AAPL,2026-04-02 17:16:00,255.18,255.4,255.17,255.31,22014.0,1m
AAPL,2026-04-02 17:17:00,255.28,255.28,255.14,255.22,10743.0,1m
AAPL,2026-04-02 17:18:00,255.22,255.27,255.16,255.19,10570.0,1m
AAPL,2026-04-02 17:19:00,255.19,255.28,255.18,255.22,13481.0,1m
AAPL,2026-04-02 17:20:00,255.22,255.28,255.16,255.23,11585.0,1m
AAPL,2026-04-02 17:21:00,255.21,255.29,255.17,255.29,7184.0,1m
AAPL,2026-04-02 17:22:00,255.29,255.32,255.19,255.32,13706.0,1m
AAPL,2026-04-02 17:23:00,255.31,255.42,255.3,255.4,30262.0,1m
AAPL,2026-04-02 17:24:00,255.4,255.46,255.33,255.41,50895.0,1m
AAPL,2026-04-02 17:25:00,255.39,255.49,255.35,255.39,19466.0,1m
AAPL,2026-04-02 17:26:00,255.4,255.4,255.32,255.4,8454.0,1m
AAPL,2026-04-02 17:27:00,255.39,255.39,255.28,255.34,7778.0,1m
AAPL,2026-04-02 17:28:00,255.35,255.39,255.32,255.38,8904.0,1m
AAPL,2026-04-02 17:29:00,255.38,255.4,255.3,255.34,10291.0,1m
AAPL,2026-04-02 17:30:00,255.34,255.38,255.29,255.36,11885.0,1m
AAPL,2026-04-02 17:31:00,255.37,255.39,255.25,255.27,13007.0,1m
AAPL,2026-04-02 17:32:00,255.26,255.29,255.23,255.27,14633.0,1m
AAPL,2026-04-02 17:33:00,255.27,255.32,255.13,255.18,17456.0,1m
AAPL,2026-04-02 17:34:00,255.19,255.27,255.16,255.16,9681.0,1m
AAPL,2026-04-02 17:35:00,255.17,255.18,254.94,254.99,16252.0,1m
AAPL,2026-04-02 17:36:00,255.02,255.04,254.94,254.94,11474.0,1m
AAPL,2026-04-02 17:37:00,254.94,254.99,254.92,254.96,8442.0,1m
AAPL,2026-04-02 17:38:00,254.97,255.08,254.97,255.06,6792.0,1m
AAPL,2026-04-02 17:39:00,255.06,255.17,255.05,255.08,12801.0,1m
AAPL,2026-04-02 17:40:00,255.09,255.13,255.05,255.08,26402.0,1m
AAPL,2026-04-02 17:41:00,255.07,255.11,255.01,255.02,55767.0,1m
AAPL,2026-04-02 17:42:00,255.02,255.06,254.96,255.03,18339.0,1m
AAPL,2026-04-02 17:43:00,255.02,255.07,254.92,254.94,15173.0,1m
AAPL,2026-04-02 17:44:00,254.94,255.03,254.89,254.99,12091.0,1m
AAPL,2026-04-02 17:45:00,255.0,255.0,254.9,254.91,15012.0,1m
AAPL,2026-04-02 17:46:00,254.9,254.92,254.72,254.79,18578.0,1m
AAPL,2026-04-02 17:47:00,254.8,254.82,254.56,254.61,20294.0,1m
AAPL,2026-04-02 17:48:00,254.64,254.65,254.51,254.53,19800.0,1m
AAPL,2026-04-02 17:49:00,254.55,254.57,254.41,254.46,26390.0,1m
AAPL,2026-04-02 17:50:00,254.45,254.6,254.44,254.53,25484.0,1m
AAPL,2026-04-02 17:51:00,254.53,254.54,254.38,254.38,32045.0,1m
AAPL,2026-04-02 17:52:00,254.38,254.45,254.31,254.36,13235.0,1m
AAPL,2026-04-02 17:53:00,254.34,254.57,254.34,254.5,22805.0,1m
AAPL,2026-04-02 17:54:00,254.51,254.55,254.43,254.54,48308.0,1m
AAPL,2026-04-02 17:55:00,254.55,254.64,254.42,254.52,18184.0,1m
AAPL,2026-04-02 17:56:00,254.51,254.55,254.44,254.51,13754.0,1m
AAPL,2026-04-02 17:57:00,254.51,254.56,254.46,254.48,15170.0,1m
AAPL,2026-04-02 17:58:00,254.49,254.52,254.45,254.51,14435.0,1m
AAPL,2026-04-02 17:59:00,254.51,254.64,254.49,254.61,17012.0,1m
AAPL,2026-04-02 18:00:00,254.58,254.83,254.58,254.78,29582.0,1m
AAPL,2026-04-02 18:01:00,254.78,254.98,254.77,254.98,31764.0,1m
AAPL,2026-04-02 18:02:00,254.97,255.0,254.9,254.91,15299.0,1m
AAPL,2026-04-02 18:03:00,254.93,255.0,254.81,254.91,28931.0,1m
AAPL,2026-04-02 18:04:00,254.91,254.98,254.83,254.98,16997.0,1m
AAPL,2026-04-02 18:05:00,254.97,255.19,254.95,255.15,52330.0,1m
AAPL,2026-04-02 18:06:00,255.14,255.17,255.01,255.14,18407.0,1m
AAPL,2026-04-02 18:07:00,255.14,255.14,255.02,255.03,16660.0,1m
AAPL,2026-04-02 18:08:00,255.04,255.13,255.03,255.11,11391.0,1m
AAPL,2026-04-02 18:09:00,255.12,255.23,255.09,255.1,27960.0,1m
AAPL,2026-04-02 18:10:00,255.04,255.18,254.99,255.13,42707.0,1m
AAPL,2026-04-02 18:11:00,255.11,255.2,255.11,255.17,14938.0,1m
AAPL,2026-04-02 18:12:00,255.16,255.16,255.08,255.15,13662.0,1m
AAPL,2026-04-02 18:13:00,255.17,255.2,255.13,255.17,16191.0,1m
AAPL,2026-04-02 18:14:00,255.16,255.19,255.11,255.13,17014.0,1m
AAPL,2026-04-02 18:15:00,255.15,255.15,254.97,255.02,22297.0,1m
AAPL,2026-04-02 18:16:00,255.01,255.11,254.95,255.11,23976.0,1m
AAPL,2026-04-02 18:17:00,255.09,255.22,255.07,255.15,24434.0,1m
AAPL,2026-04-02 18:18:00,255.16,255.18,255.1,255.1,16168.0,1m
AAPL,2026-04-02 18:19:00,255.11,255.13,255.01,255.03,13037.0,1m
AAPL,2026-04-02 18:20:00,255.07,255.09,254.98,255.03,12419.0,1m
AAPL,2026-04-02 18:21:00,255.03,255.12,255.0,255.12,12198.0,1m
AAPL,2026-04-02 18:22:00,255.13,255.17,255.07,255.13,17219.0,1m
AAPL,2026-04-02 18:23:00,255.16,255.16,255.05,255.1,21501.0,1m
AAPL,2026-04-02 18:24:00,255.1,255.16,255.05,255.11,26295.0,1m
AAPL,2026-04-02 18:25:00,255.12,255.14,255.06,255.13,22493.0,1m
AAPL,2026-04-02 18:26:00,255.13,255.2,255.06,255.14,32773.0,1m
AAPL,2026-04-02 18:27:00,255.15,255.21,255.15,255.18,14649.0,1m
AAPL,2026-04-02 18:28:00,255.2,255.3,255.16,255.24,16970.0,1m
AAPL,2026-04-02 18:29:00,255.24,255.25,255.13,255.15,14678.0,1m
AAPL,2026-04-02 18:30:00,255.16,255.2,255.08,255.16,25414.0,1m
AAPL,2026-04-02 18:31:00,255.14,255.19,254.95,254.99,51221.0,1m
AAPL,2026-04-02 18:32:00,255.0,255.0,254.91,254.98,26858.0,1m
AAPL,2026-04-02 18:33:00,254.97,255.04,254.95,255.03,16264.0,1m
AAPL,2026-04-02 18:34:00,255.04,255.14,254.99,255.01,16255.0,1m
AAPL,2026-04-02 18:35:00,255.01,255.12,254.99,255.1,8028.0,1m
AAPL,2026-04-02 18:36:00,255.1,255.1,254.85,254.95,39593.0,1m
AAPL,2026-04-02 18:37:00,254.94,255.0,254.89,254.96,10727.0,1m
AAPL,2026-04-02 18:38:00,254.94,254.94,254.84,254.84,20303.0,1m
AAPL,2026-04-02 18:39:00,254.87,255.0,254.8,254.99,25220.0,1m
AAPL,2026-04-02 18:40:00,254.97,255.2,254.97,255.19,16486.0,1m
AAPL,2026-04-02 18:41:00,255.19,255.3,255.14,255.23,24816.0,1m
AAPL,2026-04-02 18:42:00,255.22,255.22,254.99,255.01,20976.0,1m
AAPL,2026-04-02 18:43:00,254.98,254.99,254.88,254.96,19821.0,1m
AAPL,2026-04-02 18:44:00,254.96,255.12,254.96,255.12,20582.0,1m
AAPL,2026-04-02 18:45:00,255.09,255.22,255.01,255.19,49250.0,1m
AAPL,2026-04-02 18:46:00,255.18,255.2,255.12,255.14,22487.0,1m
AAPL,2026-04-02 18:47:00,255.15,255.17,254.96,254.96,20706.0,1m
AAPL,2026-04-02 18:48:00,254.96,255.09,254.9,254.99,31991.0,1m
AAPL,2026-04-02 18:49:00,255.01,255.27,254.99,255.23,26178.0,1m
AAPL,2026-04-02 18:50:00,255.26,255.26,255.1,255.19,17425.0,1m
AAPL,2026-04-02 18:51:00,255.19,255.31,255.19,255.29,32769.0,1m
AAPL,2026-04-02 18:52:00,255.27,255.29,255.16,255.26,15523.0,1m
AAPL,2026-04-02 18:53:00,255.27,255.4,255.22,255.4,85439.0,1m
AAPL,2026-04-02 18:54:00,255.41,255.44,255.36,255.44,23734.0,1m
AAPL,2026-04-02 18:55:00,255.44,255.46,255.37,255.38,28036.0,1m
AAPL,2026-04-02 18:56:00,255.39,255.45,255.35,255.36,10716.0,1m
AAPL,2026-04-02 18:57:00,255.36,255.42,255.35,255.39,13525.0,1m
AAPL,2026-04-02 18:58:00,255.38,255.38,255.33,255.36,15043.0,1m
AAPL,2026-04-02 18:59:00,255.35,255.35,255.26,255.28,18863.0,1m
AAPL,2026-04-02 19:00:00,255.29,255.39,255.26,255.39,28464.0,1m
AAPL,2026-04-02 19:01:00,255.39,255.57,255.37,255.55,32658.0,1m
AAPL,2026-04-02 19:02:00,255.55,255.6,255.51,255.53,19969.0,1m
AAPL,2026-04-02 19:03:00,255.53,255.53,255.35,255.36,19099.0,1m
AAPL,2026-04-02 19:04:00,255.36,255.37,255.23,255.29,26025.0,1m
AAPL,2026-04-02 19:05:00,255.29,255.54,255.29,255.48,25051.0,1m
AAPL,2026-04-02 19:06:00,255.47,255.57,255.47,255.55,25889.0,1m
AAPL,2026-04-02 19:07:00,255.54,255.59,255.51,255.54,37303.0,1m
AAPL,2026-04-02 19:08:00,255.55,255.7,255.51,255.58,41776.0,1m
AAPL,2026-04-02 19:09:00,255.59,255.66,255.57,255.62,21499.0,1m
AAPL,2026-04-02 19:10:00,255.65,255.66,255.52,255.58,44559.0,1m
AAPL,2026-04-02 19:11:00,255.59,255.6,255.48,255.53,24915.0,1m
AAPL,2026-04-02 19:12:00,255.51,255.53,255.38,255.46,40516.0,1m
AAPL,2026-04-02 19:13:00,255.45,255.5,255.36,255.41,28983.0,1m
AAPL,2026-04-02 19:14:00,255.44,255.54,255.34,255.52,24578.0,1m
AAPL,2026-04-02 19:15:00,255.53,255.59,255.36,255.37,42208.0,1m
AAPL,2026-04-02 19:16:00,255.37,255.42,255.32,255.35,18524.0,1m
AAPL,2026-04-02 19:17:00,255.34,255.36,255.24,255.27,19657.0,1m
AAPL,2026-04-02 19:18:00,255.26,255.35,255.23,255.3,22093.0,1m
AAPL,2026-04-02 19:19:00,255.29,255.4,255.28,255.34,11677.0,1m
AAPL,2026-04-02 19:20:00,255.34,255.37,255.3,255.3,12319.0,1m
AAPL,2026-04-02 19:21:00,255.3,255.31,255.21,255.24,28352.0,1m
AAPL,2026-04-02 19:22:00,255.24,255.25,255.08,255.24,32648.0,1m
AAPL,2026-04-02 19:23:00,255.24,255.39,255.15,255.35,16893.0,1m
AAPL,2026-04-02 19:24:00,255.36,255.36,255.22,255.25,12251.0,1m
AAPL,2026-04-02 19:25:00,255.25,255.27,255.15,255.16,12686.0,1m
AAPL,2026-04-02 19:26:00,255.14,255.17,255.07,255.08,19824.0,1m
AAPL,2026-04-02 19:27:00,255.08,255.15,255.05,255.09,11239.0,1m
AAPL,2026-04-02 19:28:00,255.07,255.12,255.01,255.03,20074.0,1m
AAPL,2026-04-02 19:29:00,255.03,255.15,255.03,255.11,15103.0,1m
AAPL,2026-04-02 19:30:00,255.11,255.11,255.0,255.02,19851.0,1m
AAPL,2026-04-02 19:31:00,255.03,255.04,254.95,255.04,10945.0,1m
AAPL,2026-04-02 19:32:00,255.02,255.06,254.89,254.9,29946.0,1m
AAPL,2026-04-02 19:33:00,254.92,254.92,254.82,254.82,24712.0,1m
AAPL,2026-04-02 19:34:00,254.83,254.94,254.82,254.93,14201.0,1m
AAPL,2026-04-02 19:35:00,254.94,255.09,254.89,254.92,31855.0,1m
AAPL,2026-04-02 19:36:00,254.91,254.94,254.84,254.9,18196.0,1m
AAPL,2026-04-02 19:37:00,254.88,254.91,254.86,254.9,15325.0,1m
AAPL,2026-04-02 19:38:00,254.91,254.97,254.89,254.94,32025.0,1m
AAPL,2026-04-02 19:39:00,254.93,255.12,254.92,255.12,52929.0,1m
AAPL,2026-04-02 19:40:00,255.13,255.4,255.12,255.38,47279.0,1m
AAPL,2026-04-02 19:41:00,255.37,255.39,255.22,255.32,29974.0,1m
AAPL,2026-04-02 19:42:00,255.31,255.34,255.24,255.27,19432.0,1m
AAPL,2026-04-02 19:43:00,255.26,255.26,255.1,255.11,21152.0,1m
AAPL,2026-04-02 19:44:00,255.1,255.1,254.98,254.99,22744.0,1m
AAPL,2026-04-02 19:45:00,254.98,255.11,254.95,255.04,32893.0,1m
AAPL,2026-04-02 19:46:00,255.03,255.06,254.81,254.81,31594.0,1m
AAPL,2026-04-02 19:47:00,254.82,255.02,254.8,255.0,23429.0,1m
AAPL,2026-04-02 19:48:00,255.0,255.09,254.93,255.06,18004.0,1m
AAPL,2026-04-02 19:49:00,255.06,255.15,255.05,255.11,22872.0,1m
AAPL,2026-04-02 19:50:00,255.11,255.91,255.11,255.51,216510.0,1m
AAPL,2026-04-02 19:51:00,255.5,255.54,255.35,255.49,70159.0,1m
AAPL,2026-04-02 19:52:00,255.51,255.51,255.39,255.45,66105.0,1m
AAPL,2026-04-02 19:53:00,255.48,255.79,255.47,255.68,117278.0,1m
AAPL,2026-04-02 19:54:00,255.65,255.91,255.56,255.57,170327.0,1m
AAPL,2026-04-02 19:55:00,255.58,256.13,255.56,256.03,144631.0,1m
AAPL,2026-04-02 19:56:00,256.03,256.11,255.89,255.95,112358.0,1m
AAPL,2026-04-02 19:57:00,255.96,256.0,255.8,255.98,108684.0,1m
AAPL,2026-04-02 19:58:00,255.98,256.02,255.9,255.91,146662.0,1m
AAPL,2026-04-02 19:59:00,255.92,256.07,255.86,255.89,529478.0,1m
AAPL,2026-04-06 13:30:00,256.51,257.5,256.49,256.66,568978.0,1m
AAPL,2026-04-06 13:31:00,256.66,257.13,256.46,256.93,86135.0,1m
AAPL,2026-04-06 13:32:00,256.95,257.45,256.95,257.44,86409.0,1m
AAPL,2026-04-06 13:33:00,257.41,258.14,257.4,258.08,119181.0,1m
AAPL,2026-04-06 13:34:00,258.08,258.15,257.75,258.06,73802.0,1m
AAPL,2026-04-06 13:35:00,258.04,258.04,257.48,257.48,49039.0,1m
AAPL,2026-04-06 13:36:00,257.49,257.5,257.07,257.17,55770.0,1m
AAPL,2026-04-06 13:37:00,257.15,257.51,257.06,257.3,33534.0,1m
AAPL,2026-04-06 13:38:00,257.31,257.66,257.19,257.63,50242.0,1m
AAPL,2026-04-06 13:39:00,257.63,257.86,257.49,257.49,72060.0,1m
AAPL,2026-04-06 13:40:00,257.5,257.52,257.06,257.32,70770.0,1m
AAPL,2026-04-06 13:41:00,257.33,257.82,257.21,257.69,43018.0,1m
AAPL,2026-04-06 13:42:00,257.7,258.05,257.51,258.03,72480.0,1m
AAPL,2026-04-06 13:43:00,258.03,258.22,257.96,258.09,64285.0,1m
AAPL,2026-04-06 13:44:00,258.1,258.11,257.6,257.66,84854.0,1m
AAPL,2026-04-06 13:45:00,257.66,258.53,257.66,258.47,78447.0,1m
AAPL,2026-04-06 13:46:00,258.47,258.61,258.3,258.3,46625.0,1m
AAPL,2026-04-06 13:47:00,258.31,258.67,258.07,258.67,87753.0,1m
AAPL,2026-04-06 13:48:00,258.65,258.76,258.34,258.58,69392.0,1m
AAPL,2026-04-06 13:49:00,258.59,258.84,258.49,258.49,72623.0,1m
AAPL,2026-04-06 13:50:00,258.49,258.95,258.49,258.95,54392.0,1m
AAPL,2026-04-06 13:51:00,258.97,259.26,258.88,259.12,80320.0,1m
AAPL,2026-04-06 13:52:00,259.11,259.24,259.03,259.04,81903.0,1m
AAPL,2026-04-06 13:53:00,259.03,259.05,258.81,258.96,39869.0,1m
AAPL,2026-04-06 13:54:00,258.96,259.08,258.9,258.93,27635.0,1m
AAPL,2026-04-06 13:55:00,258.96,259.12,258.89,259.06,33090.0,1m
AAPL,2026-04-06 13:56:00,259.07,259.34,258.98,259.34,60083.0,1m
AAPL,2026-04-06 13:57:00,259.35,259.59,259.32,259.53,66645.0,1m
AAPL,2026-04-06 13:58:00,259.57,259.62,259.39,259.5,42474.0,1m
AAPL,2026-04-06 13:59:00,259.53,260.0,259.52,259.96,202782.0,1m
AAPL,2026-04-06 14:00:00,259.93,260.0,259.46,259.58,85367.0,1m
AAPL,2026-04-06 14:01:00,259.56,259.62,259.35,259.47,78104.0,1m
AAPL,2026-04-06 14:02:00,259.45,259.68,259.36,259.63,42318.0,1m
AAPL,2026-04-06 14:03:00,259.63,259.63,259.34,259.36,65751.0,1m
AAPL,2026-04-06 14:04:00,259.38,259.46,258.97,259.04,64666.0,1m
AAPL,2026-04-06 14:05:00,259.06,259.29,258.94,259.01,62272.0,1m
AAPL,2026-04-06 14:06:00,259.01,259.34,258.93,259.34,42534.0,1m
AAPL,2026-04-06 14:07:00,259.4,259.42,259.11,259.23,77342.0,1m
AAPL,2026-04-06 14:08:00,259.22,259.43,259.17,259.4,52613.0,1m
AAPL,2026-04-06 14:09:00,259.41,259.81,259.41,259.8,87779.0,1m
AAPL,2026-04-06 14:10:00,259.78,259.84,259.41,259.47,61779.0,1m
AAPL,2026-04-06 14:11:00,259.51,259.77,259.41,259.73,50102.0,1m
AAPL,2026-04-06 14:12:00,259.73,259.92,259.69,259.71,64046.0,1m
AAPL,2026-04-06 14:13:00,259.71,259.87,259.65,259.84,24117.0,1m
AAPL,2026-04-06 14:14:00,259.81,260.12,259.78,260.1,83260.0,1m
AAPL,2026-04-06 14:15:00,260.08,260.35,260.01,260.35,85023.0,1m
AAPL,2026-04-06 14:16:00,260.31,260.55,260.3,260.47,75377.0,1m
AAPL,2026-04-06 14:17:00,260.45,260.62,260.36,260.57,70999.0,1m
AAPL,2026-04-06 14:18:00,260.58,260.65,260.36,260.63,46517.0,1m
AAPL,2026-04-06 14:19:00,260.63,261.04,260.6,260.97,139328.0,1m
AAPL,2026-04-06 14:20:00,260.95,261.06,260.76,260.91,72157.0,1m
AAPL,2026-04-06 14:21:00,260.87,261.38,260.77,261.38,112542.0,1m
AAPL,2026-04-06 14:22:00,261.38,261.51,261.29,261.46,89496.0,1m
AAPL,2026-04-06 14:23:00,261.44,261.66,261.28,261.66,95973.0,1m
AAPL,2026-04-06 14:24:00,261.68,261.72,261.57,261.59,103836.0,1m
AAPL,2026-04-06 14:25:00,261.6,261.81,261.46,261.51,101522.0,1m
AAPL,2026-04-06 14:26:00,261.5,261.74,261.5,261.73,75673.0,1m
AAPL,2026-04-06 14:27:00,261.72,261.96,261.68,261.81,83704.0,1m
AAPL,2026-04-06 14:28:00,261.8,262.02,261.73,261.96,145807.0,1m
AAPL,2026-04-06 14:29:00,261.95,261.99,261.75,261.76,69375.0,1m
AAPL,2026-04-06 14:30:00,261.76,262.14,261.75,262.06,77431.0,1m
AAPL,2026-04-06 14:31:00,262.08,262.16,261.89,261.99,90305.0,1m
AAPL,2026-04-06 14:32:00,261.99,262.07,261.61,261.8,101250.0,1m
AAPL,2026-04-06 14:33:00,261.81,261.82,261.52,261.55,90566.0,1m
AAPL,2026-04-06 14:34:00,261.56,261.66,261.47,261.62,78959.0,1m
AAPL,2026-04-06 14:35:00,261.63,261.7,261.31,261.38,75347.0,1m
AAPL,2026-04-06 14:36:00,261.39,261.43,261.13,261.23,70761.0,1m
AAPL,2026-04-06 14:37:00,261.24,261.34,261.13,261.17,59376.0,1m
AAPL,2026-04-06 14:38:00,261.18,261.29,260.68,260.76,154910.0,1m
AAPL,2026-04-06 14:39:00,260.76,260.91,260.6,260.68,70848.0,1m
AAPL,2026-04-06 14:40:00,260.67,260.88,260.6,260.84,58756.0,1m
AAPL,2026-04-06 14:41:00,260.89,261.11,260.78,260.86,78580.0,1m
AAPL,2026-04-06 14:42:00,260.87,261.0,260.71,260.71,42756.0,1m
AAPL,2026-04-06 14:43:00,260.72,260.83,260.67,260.81,31069.0,1m
AAPL,2026-04-06 14:44:00,260.78,261.0,260.62,260.63,43312.0,1m
AAPL,2026-04-06 14:45:00,260.62,260.62,260.34,260.5,43138.0,1m
AAPL,2026-04-06 14:46:00,260.47,260.56,260.28,260.34,40575.0,1m
AAPL,2026-04-06 14:47:00,260.35,260.37,260.14,260.14,32881.0,1m
AAPL,2026-04-06 14:48:00,260.17,260.24,260.06,260.07,50950.0,1m
AAPL,2026-04-06 14:49:00,260.06,260.13,259.91,259.95,46923.0,1m
AAPL,2026-04-06 14:50:00,259.98,260.06,259.78,259.87,41719.0,1m
AAPL,2026-04-06 14:51:00,259.88,260.07,259.87,259.96,24900.0,1m
AAPL,2026-04-06 14:52:00,259.94,260.17,259.92,260.02,39195.0,1m
AAPL,2026-04-06 14:53:00,260.03,260.06,259.85,259.87,35564.0,1m
AAPL,2026-04-06 14:54:00,259.86,259.98,259.77,259.94,37599.0,1m
AAPL,2026-04-06 14:55:00,259.94,260.04,259.71,259.82,41623.0,1m
AAPL,2026-04-06 14:56:00,259.81,260.03,259.75,260.01,43583.0,1m
AAPL,2026-04-06 14:57:00,260.02,260.11,259.94,259.96,44501.0,1m
AAPL,2026-04-06 14:58:00,259.96,260.05,259.9,260.04,43161.0,1m
AAPL,2026-04-06 14:59:00,260.03,260.08,259.91,259.91,31018.0,1m
AAPL,2026-04-06 15:00:00,259.9,260.01,259.83,259.83,34071.0,1m
AAPL,2026-04-06 15:01:00,259.84,260.09,259.81,260.05,44124.0,1m
AAPL,2026-04-06 15:02:00,260.04,260.11,259.99,260.06,39103.0,1m
AAPL,2026-04-06 15:03:00,260.05,260.05,259.85,259.91,53890.0,1m
AAPL,2026-04-06 15:04:00,259.91,260.11,259.8,260.09,22594.0,1m
AAPL,2026-04-06 15:05:00,260.11,260.12,260.0,260.02,24937.0,1m
AAPL,2026-04-06 15:06:00,260.05,260.07,259.67,259.71,51518.0,1m
AAPL,2026-04-06 15:07:00,259.71,259.83,259.63,259.8,28031.0,1m
AAPL,2026-04-06 15:08:00,259.83,259.85,259.63,259.74,49106.0,1m
AAPL,2026-04-06 15:09:00,259.7,259.75,259.56,259.75,41127.0,1m
AAPL,2026-04-06 15:10:00,259.77,259.77,259.52,259.56,32659.0,1m
AAPL,2026-04-06 15:11:00,259.61,259.64,259.42,259.48,27701.0,1m
AAPL,2026-04-06 15:12:00,259.49,259.53,259.46,259.49,17206.0,1m
AAPL,2026-04-06 15:13:00,259.48,259.75,259.47,259.5,25273.0,1m
AAPL,2026-04-06 15:14:00,259.45,259.55,259.32,259.52,29038.0,1m
AAPL,2026-04-06 15:15:00,259.55,259.61,259.45,259.47,16370.0,1m
AAPL,2026-04-06 15:16:00,259.49,259.63,259.4,259.58,22411.0,1m
AAPL,2026-04-06 15:17:00,259.58,259.93,259.55,259.88,54235.0,1m
AAPL,2026-04-06 15:18:00,259.88,259.98,259.81,259.81,62052.0,1m
AAPL,2026-04-06 15:19:00,259.84,259.86,259.65,259.75,40315.0,1m
AAPL,2026-04-06 15:20:00,259.76,259.77,259.4,259.43,93288.0,1m
AAPL,2026-04-06 15:21:00,259.45,259.59,259.36,259.55,48287.0,1m
AAPL,2026-04-06 15:22:00,259.57,259.65,259.49,259.54,24908.0,1m
AAPL,2026-04-06 15:23:00,259.55,259.6,259.34,259.39,37677.0,1m
AAPL,2026-04-06 15:24:00,259.38,259.41,259.18,259.31,37263.0,1m
AAPL,2026-04-06 15:25:00,259.31,259.31,258.97,259.11,69293.0,1m
AAPL,2026-04-06 15:26:00,259.12,259.26,259.12,259.19,33810.0,1m
AAPL,2026-04-06 15:27:00,259.2,259.3,259.08,259.08,40470.0,1m
AAPL,2026-04-06 15:28:00,259.12,259.23,259.0,259.23,20840.0,1m
AAPL,2026-04-06 15:29:00,259.23,259.41,259.22,259.25,33332.0,1m
AAPL,2026-04-06 15:30:00,259.23,259.34,259.14,259.14,36174.0,1m
AAPL,2026-04-06 15:31:00,259.14,259.2,259.09,259.14,37640.0,1m
AAPL,2026-04-06 15:32:00,259.14,259.32,259.13,259.16,41966.0,1m
AAPL,2026-04-06 15:33:00,259.15,259.19,259.01,259.11,48041.0,1m
AAPL,2026-04-06 15:34:00,259.14,259.19,259.09,259.12,14276.0,1m
AAPL,2026-04-06 15:35:00,259.11,259.31,259.07,259.26,20078.0,1m
AAPL,2026-04-06 15:36:00,259.25,259.27,259.14,259.24,39284.0,1m
AAPL,2026-04-06 15:37:00,259.25,259.29,259.12,259.29,30272.0,1m
AAPL,2026-04-06 15:38:00,259.28,259.43,259.24,259.28,31089.0,1m
AAPL,2026-04-06 15:39:00,259.3,259.53,259.3,259.52,31750.0,1m
AAPL,2026-04-06 15:40:00,259.51,259.62,259.45,259.51,43634.0,1m
AAPL,2026-04-06 15:41:00,259.5,259.53,259.25,259.34,33225.0,1m
AAPL,2026-04-06 15:42:00,259.34,259.39,259.23,259.24,29944.0,1m
AAPL,2026-04-06 15:43:00,259.22,259.25,259.09,259.1,23967.0,1m
AAPL,2026-04-06 15:44:00,259.1,259.16,259.05,259.13,17496.0,1m
AAPL,2026-04-06 15:45:00,259.13,259.15,259.05,259.11,24846.0,1m
AAPL,2026-04-06 15:46:00,259.13,259.27,259.12,259.24,21769.0,1m
AAPL,2026-04-06 15:47:00,259.25,259.45,259.21,259.3,38492.0,1m
AAPL,2026-04-06 15:48:00,259.3,259.34,259.27,259.32,18915.0,1m
AAPL,2026-04-06 15:49:00,259.32,259.32,259.25,259.31,12345.0,1m
AAPL,2026-04-06 15:50:00,259.29,259.42,259.17,259.38,18752.0,1m
AAPL,2026-04-06 15:51:00,259.38,259.4,259.33,259.35,12519.0,1m
AAPL,2026-04-06 15:52:00,259.33,259.53,259.32,259.51,33491.0,1m
AAPL,2026-04-06 15:53:00,259.5,259.55,259.42,259.5,27339.0,1m
AAPL,2026-04-06 15:54:00,259.51,259.53,259.37,259.4,19955.0,1m
AAPL,2026-04-06 15:55:00,259.42,259.42,259.25,259.25,16497.0,1m
AAPL,2026-04-06 15:56:00,259.26,259.3,259.1,259.19,21205.0,1m
AAPL,2026-04-06 15:57:00,259.19,259.35,259.17,259.32,16455.0,1m
AAPL,2026-04-06 15:58:00,259.33,259.43,259.31,259.37,14323.0,1m
AAPL,2026-04-06 15:59:00,259.38,259.54,259.37,259.51,20034.0,1m
AAPL,2026-04-06 16:00:00,259.52,259.62,259.49,259.51,27357.0,1m
AAPL,2026-04-06 16:01:00,259.54,259.63,259.45,259.45,24191.0,1m
AAPL,2026-04-06 16:02:00,259.46,259.47,259.11,259.15,32048.0,1m
AAPL,2026-04-06 16:03:00,259.16,259.33,259.16,259.32,17233.0,1m
AAPL,2026-04-06 16:04:00,259.33,259.33,259.06,259.09,17153.0,1m
AAPL,2026-04-06 16:05:00,259.1,259.19,259.03,259.19,17206.0,1m
AAPL,2026-04-06 16:06:00,259.2,259.29,259.11,259.14,57211.0,1m
AAPL,2026-04-06 16:07:00,259.14,259.2,259.11,259.11,7948.0,1m
AAPL,2026-04-06 16:08:00,259.13,259.14,258.97,259.01,15421.0,1m
AAPL,2026-04-06 16:09:00,259.01,259.1,258.92,258.94,13098.0,1m
AAPL,2026-04-06 16:10:00,258.95,259.01,258.95,258.98,8363.0,1m
AAPL,2026-04-06 16:11:00,258.99,259.04,258.96,259.01,12908.0,1m
AAPL,2026-04-06 16:12:00,259.04,259.08,258.95,258.98,14684.0,1m
AAPL,2026-04-06 16:13:00,259.0,259.01,258.91,258.97,13939.0,1m
AAPL,2026-04-06 16:14:00,258.97,259.02,258.9,258.95,9407.0,1m
AAPL,2026-04-06 16:15:00,258.97,259.09,258.86,258.86,21958.0,1m
AAPL,2026-04-06 16:16:00,258.88,258.94,258.78,258.92,30792.0,1m
AAPL,2026-04-06 16:17:00,258.93,258.94,258.8,258.81,16352.0,1m
AAPL,2026-04-06 16:18:00,258.82,258.83,258.71,258.76,25070.0,1m
AAPL,2026-04-06 16:19:00,258.76,258.91,258.74,258.89,37427.0,1m
AAPL,2026-04-06 16:20:00,258.89,258.96,258.81,258.94,17110.0,1m
AAPL,2026-04-06 16:21:00,258.95,259.03,258.93,258.94,20936.0,1m
AAPL,2026-04-06 16:22:00,258.93,259.02,258.88,258.88,22868.0,1m
AAPL,2026-04-06 16:23:00,258.87,258.92,258.81,258.9,19438.0,1m
AAPL,2026-04-06 16:24:00,258.94,259.01,258.91,258.95,18095.0,1m
AAPL,2026-04-06 16:25:00,258.97,258.99,258.91,258.99,14053.0,1m
AAPL,2026-04-06 16:26:00,258.98,259.03,258.95,258.98,12333.0,1m
AAPL,2026-04-06 16:27:00,258.97,259.07,258.92,259.0,23998.0,1m
AAPL,2026-04-06 16:28:00,258.99,259.01,258.91,258.99,15372.0,1m
AAPL,2026-04-06 16:29:00,258.99,259.06,258.97,259.04,9659.0,1m
AAPL,2026-04-06 16:30:00,259.03,259.03,258.88,258.89,10598.0,1m
AAPL,2026-04-06 16:31:00,258.88,258.95,258.83,258.93,18106.0,1m
AAPL,2026-04-06 16:32:00,258.94,259.05,258.94,259.02,9911.0,1m
AAPL,2026-04-06 16:33:00,259.0,259.05,258.96,258.99,10181.0,1m
AAPL,2026-04-06 16:34:00,259.01,259.22,259.01,259.19,17959.0,1m
AAPL,2026-04-06 16:35:00,259.18,259.21,259.14,259.2,22907.0,1m
AAPL,2026-04-06 16:36:00,259.2,259.25,259.19,259.22,13879.0,1m
AAPL,2026-04-06 16:37:00,259.22,259.31,259.2,259.28,20182.0,1m
AAPL,2026-04-06 16:38:00,259.3,259.4,259.29,259.3,15083.0,1m
AAPL,2026-04-06 16:39:00,259.3,259.31,259.24,259.24,12614.0,1m
AAPL,2026-04-06 16:40:00,259.27,259.29,259.2,259.25,16168.0,1m
AAPL,2026-04-06 16:41:00,259.25,259.31,259.2,259.31,11499.0,1m
AAPL,2026-04-06 16:42:00,259.3,259.35,259.25,259.26,10034.0,1m
AAPL,2026-04-06 16:43:00,259.25,259.26,259.19,259.23,9662.0,1m
AAPL,2026-04-06 16:44:00,259.23,259.45,259.23,259.42,34399.0,1m
AAPL,2026-04-06 16:45:00,259.42,259.52,259.33,259.47,41453.0,1m
AAPL,2026-04-06 16:46:00,259.46,259.57,259.42,259.56,17345.0,1m
AAPL,2026-04-06 16:47:00,259.56,259.56,259.4,259.41,16759.0,1m
AAPL,2026-04-06 16:48:00,259.39,259.48,259.35,259.43,34199.0,1m
AAPL,2026-04-06 16:49:00,259.43,259.43,259.3,259.33,13785.0,1m
AAPL,2026-04-06 16:50:00,259.34,259.35,259.15,259.2,19320.0,1m
AAPL,2026-04-06 16:51:00,259.18,259.22,259.13,259.17,16967.0,1m
AAPL,2026-04-06 16:52:00,259.16,259.17,259.05,259.06,14226.0,1m
AAPL,2026-04-06 16:53:00,259.13,259.17,259.08,259.14,6381.0,1m
AAPL,2026-04-06 16:54:00,259.16,259.2,258.96,259.18,33156.0,1m
AAPL,2026-04-06 16:55:00,259.2,259.22,259.01,259.07,12559.0,1m
AAPL,2026-04-06 16:56:00,259.09,259.09,258.9,258.95,17654.0,1m
AAPL,2026-04-06 16:57:00,258.95,259.03,258.95,258.96,5485.0,1m
AAPL,2026-04-06 16:58:00,258.95,259.04,258.93,259.02,32001.0,1m
AAPL,2026-04-06 16:59:00,259.02,259.06,259.0,259.0,15544.0,1m
AAPL,2026-04-06 17:00:00,259.0,259.07,258.87,258.89,20447.0,1m
AAPL,2026-04-06 17:01:00,258.89,258.91,258.73,258.73,21788.0,1m
AAPL,2026-04-06 17:02:00,258.71,258.75,258.51,258.55,42836.0,1m
AAPL,2026-04-06 17:03:00,258.54,258.61,258.47,258.61,27192.0,1m
AAPL,2026-04-06 17:04:00,258.6,258.67,258.57,258.57,14300.0,1m
AAPL,2026-04-06 17:05:00,258.56,258.6,258.48,258.53,19709.0,1m
AAPL,2026-04-06 17:06:00,258.52,258.55,258.45,258.49,13468.0,1m
AAPL,2026-04-06 17:07:00,258.46,258.57,258.45,258.5,11545.0,1m
AAPL,2026-04-06 17:08:00,258.51,258.64,258.51,258.57,16332.0,1m
AAPL,2026-04-06 17:09:00,258.56,258.64,258.52,258.58,21795.0,1m
AAPL,2026-04-06 17:10:00,258.6,258.62,258.4,258.49,20398.0,1m
AAPL,2026-04-06 17:11:00,258.49,258.52,258.39,258.46,14725.0,1m
AAPL,2026-04-06 17:12:00,258.46,258.49,258.05,258.07,40699.0,1m
AAPL,2026-04-06 17:13:00,258.08,258.22,257.9,257.94,58414.0,1m
AAPL,2026-04-06 17:14:00,257.96,258.29,257.91,258.22,52224.0,1m
AAPL,2026-04-06 17:15:00,258.24,258.38,258.23,258.24,38371.0,1m
AAPL,2026-04-06 17:16:00,258.25,258.3,258.22,258.29,21088.0,1m
AAPL,2026-04-06 17:17:00,258.31,258.55,258.31,258.44,18375.0,1m
AAPL,2026-04-06 17:18:00,258.42,258.46,258.27,258.36,23396.0,1m
AAPL,2026-04-06 17:19:00,258.34,258.41,258.25,258.34,39542.0,1m
AAPL,2026-04-06 17:20:00,258.33,258.41,258.27,258.32,16385.0,1m
AAPL,2026-04-06 17:21:00,258.32,258.44,258.26,258.41,11057.0,1m
AAPL,2026-04-06 17:22:00,258.43,258.48,258.38,258.47,16765.0,1m
AAPL,2026-04-06 17:23:00,258.46,258.62,258.44,258.5,27746.0,1m
AAPL,2026-04-06 17:24:00,258.5,258.63,258.49,258.61,15523.0,1m
AAPL,2026-04-06 17:25:00,258.62,258.7,258.54,258.69,24473.0,1m
AAPL,2026-04-06 17:26:00,258.7,258.7,258.59,258.64,11127.0,1m
AAPL,2026-04-06 17:27:00,258.63,258.79,258.62,258.71,15036.0,1m
AAPL,2026-04-06 17:28:00,258.69,258.79,258.67,258.79,10056.0,1m
AAPL,2026-04-06 17:29:00,258.78,258.86,258.75,258.78,12415.0,1m
AAPL,2026-04-06 17:30:00,258.79,258.81,258.66,258.73,19290.0,1m
AAPL,2026-04-06 17:31:00,258.73,258.84,258.71,258.81,20512.0,1m
AAPL,2026-04-06 17:32:00,258.81,258.85,258.74,258.75,15582.0,1m
AAPL,2026-04-06 17:33:00,258.74,258.76,258.66,258.75,8318.0,1m
AAPL,2026-04-06 17:34:00,258.74,259.01,258.7,258.83,30471.0,1m
AAPL,2026-04-06 17:35:00,258.84,258.9,258.77,258.79,19358.0,1m
AAPL,2026-04-06 17:36:00,258.79,258.95,258.74,258.93,21168.0,1m
AAPL,2026-04-06 17:37:00,258.94,258.94,258.78,258.79,18718.0,1m
AAPL,2026-04-06 17:38:00,258.8,258.8,258.69,258.79,22254.0,1m
AAPL,2026-04-06 17:39:00,258.79,258.83,258.67,258.72,27389.0,1m
AAPL,2026-04-06 17:40:00,258.72,258.75,258.66,258.68,18130.0,1m
AAPL,2026-04-06 17:41:00,258.7,258.7,258.51,258.56,36403.0,1m
AAPL,2026-04-06 17:42:00,258.59,258.61,258.54,258.58,28089.0,1m
AAPL,2026-04-06 17:43:00,258.59,258.64,258.54,258.6,23523.0,1m
AAPL,2026-04-06 17:44:00,258.6,258.68,258.52,258.65,15171.0,1m
AAPL,2026-04-06 17:45:00,258.65,258.65,258.57,258.57,27340.0,1m
AAPL,2026-04-06 17:46:00,258.57,258.57,258.43,258.45,19505.0,1m
AAPL,2026-04-06 17:47:00,258.46,258.46,258.37,258.39,34390.0,1m
AAPL,2026-04-06 17:48:00,258.38,258.44,258.37,258.4,38980.0,1m
AAPL,2026-04-06 17:49:00,258.41,258.52,258.39,258.48,17202.0,1m
AAPL,2026-04-06 17:50:00,258.48,258.5,258.43,258.47,26131.0,1m
AAPL,2026-04-06 17:51:00,258.49,258.49,258.36,258.45,26162.0,1m
AAPL,2026-04-06 17:52:00,258.45,258.54,258.42,258.42,23914.0,1m
AAPL,2026-04-06 17:53:00,258.44,258.46,258.25,258.31,26082.0,1m
AAPL,2026-04-06 17:54:00,258.3,258.35,258.23,258.3,49337.0,1m
AAPL,2026-04-06 17:55:00,258.32,258.5,258.3,258.43,31633.0,1m
AAPL,2026-04-06 17:56:00,258.41,258.41,258.24,258.33,30404.0,1m
AAPL,2026-04-06 17:57:00,258.33,258.33,258.26,258.26,19426.0,1m
AAPL,2026-04-06 17:58:00,258.25,258.29,258.18,258.18,32528.0,1m
AAPL,2026-04-06 17:59:00,258.2,258.24,258.12,258.18,30491.0,1m
AAPL,2026-04-06 18:00:00,258.19,258.22,258.08,258.13,37321.0,1m
AAPL,2026-04-06 18:01:00,258.15,258.21,258.12,258.16,15050.0,1m
AAPL,2026-04-06 18:02:00,258.15,258.19,258.07,258.12,20317.0,1m
AAPL,2026-04-06 18:03:00,258.11,258.14,258.05,258.05,25498.0,1m
AAPL,2026-04-06 18:04:00,258.06,258.16,257.96,258.03,39232.0,1m
AAPL,2026-04-06 18:05:00,258.02,258.17,258.0,258.14,21696.0,1m
AAPL,2026-04-06 18:06:00,258.12,258.16,258.07,258.12,12515.0,1m
AAPL,2026-04-06 18:07:00,258.13,258.16,257.87,257.87,45740.0,1m
AAPL,2026-04-06 18:08:00,257.88,257.91,257.85,257.91,25885.0,1m
AAPL,2026-04-06 18:09:00,257.88,258.01,257.85,257.92,38126.0,1m
AAPL,2026-04-06 18:10:00,257.93,258.25,257.9,258.21,39569.0,1m
AAPL,2026-04-06 18:11:00,258.18,258.48,258.13,258.43,39151.0,1m
AAPL,2026-04-06 18:12:00,258.4,258.51,258.34,258.43,28419.0,1m
AAPL,2026-04-06 18:13:00,258.46,258.5,258.38,258.4,9621.0,1m
AAPL,2026-04-06 18:14:00,258.42,258.43,258.32,258.38,9175.0,1m
AAPL,2026-04-06 18:15:00,258.39,258.59,258.39,258.58,15800.0,1m
AAPL,2026-04-06 18:16:00,258.58,258.72,258.54,258.69,22604.0,1m
AAPL,2026-04-06 18:17:00,258.68,258.91,258.66,258.91,20448.0,1m
AAPL,2026-04-06 18:18:00,258.92,259.04,258.92,259.04,33618.0,1m
AAPL,2026-04-06 18:19:00,259.04,259.12,259.0,259.08,25034.0,1m
AAPL,2026-04-06 18:20:00,259.05,259.05,258.94,258.96,10797.0,1m
AAPL,2026-04-06 18:21:00,258.92,259.08,258.92,259.08,10851.0,1m
AAPL,2026-04-06 18:22:00,259.05,259.05,258.95,259.02,15900.0,1m
AAPL,2026-04-06 18:23:00,259.0,259.1,258.98,259.09,18212.0,1m
AAPL,2026-04-06 18:24:00,259.07,259.25,259.05,259.19,34323.0,1m
AAPL,2026-04-06 18:25:00,259.14,259.19,259.08,259.16,19270.0,1m
AAPL,2026-04-06 18:26:00,259.14,259.15,259.0,259.02,22362.0,1m
AAPL,2026-04-06 18:27:00,259.0,259.35,259.0,259.33,44152.0,1m
AAPL,2026-04-06 18:28:00,259.33,259.39,259.24,259.3,35485.0,1m
AAPL,2026-04-06 18:29:00,259.28,259.31,259.25,259.28,20691.0,1m
AAPL,2026-04-06 18:30:00,259.29,259.37,259.28,259.32,14876.0,1m
AAPL,2026-04-06 18:31:00,259.31,259.32,259.07,259.13,44283.0,1m
AAPL,2026-04-06 18:32:00,259.16,259.2,259.05,259.05,22834.0,1m
AAPL,2026-04-06 18:33:00,259.04,259.06,258.97,258.98,21183.0,1m
AAPL,2026-04-06 18:34:00,258.97,258.99,258.84,258.96,21166.0,1m
AAPL,2026-04-06 18:35:00,258.96,259.08,258.96,259.07,15659.0,1m
AAPL,2026-04-06 18:36:00,259.09,259.12,259.07,259.1,13773.0,1m
AAPL,2026-04-06 18:37:00,259.1,259.16,259.02,259.16,12854.0,1m
AAPL,2026-04-06 18:38:00,259.14,259.17,259.1,259.13,15141.0,1m
AAPL,2026-04-06 18:39:00,259.14,259.16,259.0,259.03,20896.0,1m
AAPL,2026-04-06 18:40:00,259.04,259.08,258.88,258.88,15578.0,1m
AAPL,2026-04-06 18:41:00,258.89,258.98,258.88,258.98,14401.0,1m
AAPL,2026-04-06 18:42:00,258.97,259.09,258.97,259.03,29051.0,1m
AAPL,2026-04-06 18:43:00,259.02,259.05,258.95,259.04,15932.0,1m
AAPL,2026-04-06 18:44:00,259.05,259.08,258.98,259.01,8164.0,1m
AAPL,2026-04-06 18:45:00,259.01,259.14,259.01,259.04,27112.0,1m
AAPL,2026-04-06 18:46:00,259.06,259.08,258.97,259.04,22514.0,1m
AAPL,2026-04-06 18:47:00,259.03,259.09,259.01,259.02,13398.0,1m
AAPL,2026-04-06 18:48:00,259.0,259.07,259.0,259.06,11944.0,1m
AAPL,2026-04-06 18:49:00,259.06,259.09,259.01,259.06,9729.0,1m
AAPL,2026-04-06 18:50:00,259.08,259.11,259.04,259.06,10289.0,1m
AAPL,2026-04-06 18:51:00,259.07,259.08,259.01,259.01,16924.0,1m
AAPL,2026-04-06 18:52:00,259.03,259.1,259.01,259.1,21720.0,1m
AAPL,2026-04-06 18:53:00,259.1,259.13,259.07,259.11,8985.0,1m
AAPL,2026-04-06 18:54:00,259.11,259.26,259.1,259.2,23221.0,1m
AAPL,2026-04-06 18:55:00,259.2,259.26,259.17,259.18,13485.0,1m
AAPL,2026-04-06 18:56:00,259.18,259.2,259.12,259.15,13486.0,1m
AAPL,2026-04-06 18:57:00,259.14,259.2,259.1,259.14,11711.0,1m
AAPL,2026-04-06 18:58:00,259.12,259.23,259.11,259.18,18670.0,1m
AAPL,2026-04-06 18:59:00,259.17,259.23,259.16,259.17,17352.0,1m
AAPL,2026-04-06 19:00:00,259.19,259.24,259.12,259.24,30686.0,1m
AAPL,2026-04-06 19:01:00,259.24,259.26,259.15,259.22,15123.0,1m
AAPL,2026-04-06 19:02:00,259.23,259.25,259.12,259.13,42539.0,1m
AAPL,2026-04-06 19:03:00,259.13,259.14,259.01,259.06,44223.0,1m
AAPL,2026-04-06 19:04:00,259.07,259.16,259.01,259.15,51143.0,1m
AAPL,2026-04-06 19:05:00,259.15,259.15,258.99,258.99,37169.0,1m
AAPL,2026-04-06 19:06:00,259.0,259.02,258.88,258.98,34960.0,1m
AAPL,2026-04-06 19:07:00,258.98,259.05,258.92,258.94,40489.0,1m
AAPL,2026-04-06 19:08:00,258.96,258.98,258.82,258.86,38550.0,1m
AAPL,2026-04-06 19:09:00,258.87,258.95,258.76,258.77,56233.0,1m
AAPL,2026-04-06 19:10:00,258.76,258.76,258.63,258.68,54009.0,1m
AAPL,2026-04-06 19:11:00,258.66,258.72,258.61,258.7,29330.0,1m
AAPL,2026-04-06 19:12:00,258.71,258.73,258.61,258.65,33743.0,1m
AAPL,2026-04-06 19:13:00,258.64,258.69,258.59,258.62,23217.0,1m
AAPL,2026-04-06 19:14:00,258.63,258.67,258.55,258.63,15323.0,1m
AAPL,2026-04-06 19:15:00,258.63,258.73,258.6,258.69,24271.0,1m
AAPL,2026-04-06 19:16:00,258.68,258.69,258.52,258.55,21905.0,1m
AAPL,2026-04-06 19:17:00,258.55,258.56,258.42,258.44,38318.0,1m
AAPL,2026-04-06 19:18:00,258.44,258.44,258.34,258.42,32050.0,1m
AAPL,2026-04-06 19:19:00,258.43,258.47,258.36,258.38,31128.0,1m
AAPL,2026-04-06 19:20:00,258.38,258.41,258.28,258.28,21145.0,1m
AAPL,2026-04-06 19:21:00,258.27,258.28,258.15,258.19,44287.0,1m
AAPL,2026-04-06 19:22:00,258.16,258.31,258.07,258.22,79590.0,1m
AAPL,2026-04-06 19:23:00,258.25,258.37,258.24,258.32,34593.0,1m
AAPL,2026-04-06 19:24:00,258.34,258.43,258.3,258.37,21933.0,1m
AAPL,2026-04-06 19:25:00,258.38,258.39,258.29,258.39,17875.0,1m
AAPL,2026-04-06 19:26:00,258.39,258.4,258.28,258.3,29651.0,1m
AAPL,2026-04-06 19:27:00,258.29,258.36,258.08,258.11,27247.0,1m
AAPL,2026-04-06 19:28:00,258.08,258.14,258.02,258.14,42317.0,1m
AAPL,2026-04-06 19:29:00,258.15,258.25,258.1,258.25,32621.0,1m
AAPL,2026-04-06 19:30:00,258.23,258.34,258.23,258.29,30547.0,1m
AAPL,2026-04-06 19:31:00,258.3,258.3,258.16,258.19,23028.0,1m
AAPL,2026-04-06 19:32:00,258.18,258.23,258.13,258.21,24548.0,1m
AAPL,2026-04-06 19:33:00,258.22,258.34,258.22,258.31,29492.0,1m
AAPL,2026-04-06 19:34:00,258.31,258.31,258.24,258.29,35934.0,1m
AAPL,2026-04-06 19:35:00,258.27,258.43,258.27,258.39,34972.0,1m
AAPL,2026-04-06 19:36:00,258.36,258.55,258.35,258.42,70220.0,1m
AAPL,2026-04-06 19:37:00,258.38,258.55,258.35,258.48,44250.0,1m
AAPL,2026-04-06 19:38:00,258.48,258.54,258.39,258.49,34125.0,1m
AAPL,2026-04-06 19:39:00,258.49,258.56,258.47,258.52,31036.0,1m
AAPL,2026-04-06 19:40:00,258.51,258.69,258.5,258.61,50893.0,1m
AAPL,2026-04-06 19:41:00,258.61,258.62,258.48,258.53,26774.0,1m
AAPL,2026-04-06 19:42:00,258.52,258.66,258.47,258.65,34325.0,1m
AAPL,2026-04-06 19:43:00,258.64,258.74,258.64,258.7,26693.0,1m
AAPL,2026-04-06 19:44:00,258.72,258.86,258.71,258.78,28558.0,1m
AAPL,2026-04-06 19:45:00,258.78,259.04,258.76,258.99,61453.0,1m
AAPL,2026-04-06 19:46:00,258.98,258.99,258.83,258.85,40071.0,1m
AAPL,2026-04-06 19:47:00,258.86,258.93,258.71,258.73,49925.0,1m
AAPL,2026-04-06 19:48:00,258.71,258.78,258.62,258.77,18398.0,1m
AAPL,2026-04-06 19:49:00,258.77,259.0,258.76,258.98,44866.0,1m
AAPL,2026-04-06 19:50:00,259.0,259.08,258.74,258.86,71366.0,1m
AAPL,2026-04-06 19:51:00,258.84,259.05,258.82,258.95,71924.0,1m
AAPL,2026-04-06 19:52:00,258.96,259.03,258.69,258.69,85879.0,1m
AAPL,2026-04-06 19:53:00,258.69,258.83,258.66,258.81,58793.0,1m
AAPL,2026-04-06 19:54:00,258.8,258.81,258.67,258.72,66400.0,1m
AAPL,2026-04-06 19:55:00,258.72,258.78,258.53,258.61,83124.0,1m
AAPL,2026-04-06 19:56:00,258.6,258.63,258.53,258.57,60499.0,1m
AAPL,2026-04-06 19:57:00,258.56,258.65,258.5,258.65,79753.0,1m
AAPL,2026-04-06 19:58:00,258.64,258.78,258.63,258.77,128510.0,1m
AAPL,2026-04-06 19:59:00,258.77,259.0,258.68,258.89,471364.0,1m
AAPL,2026-04-07 13:30:00,256.07,256.2,254.21,254.74,804948.0,1m
AAPL,2026-04-07 13:31:00,254.8,254.8,253.66,253.85,150653.0,1m
AAPL,2026-04-07 13:32:00,253.84,254.03,253.12,253.13,212712.0,1m
AAPL,2026-04-07 13:33:00,253.11,253.3,252.6,252.73,208475.0,1m
AAPL,2026-04-07 13:34:00,252.7,253.05,252.64,252.93,133312.0,1m
AAPL,2026-04-07 13:35:00,252.92,252.92,252.13,252.44,152000.0,1m
AAPL,2026-04-07 13:36:00,252.43,252.67,252.17,252.28,135658.0,1m
AAPL,2026-04-07 13:37:00,252.3,252.51,251.8,251.8,172346.0,1m
AAPL,2026-04-07 13:38:00,251.8,251.8,251.35,251.4,195063.0,1m
AAPL,2026-04-07 13:39:00,251.4,251.73,251.27,251.35,176202.0,1m
AAPL,2026-04-07 13:40:00,251.37,251.37,250.72,250.82,181769.0,1m
AAPL,2026-04-07 13:41:00,250.84,251.08,250.76,251.02,127428.0,1m
AAPL,2026-04-07 13:42:00,251.06,251.16,250.75,250.93,136392.0,1m
AAPL,2026-04-07 13:43:00,250.89,251.0,250.42,250.46,190307.0,1m
AAPL,2026-04-07 13:44:00,250.46,250.57,250.17,250.26,176595.0,1m
AAPL,2026-04-07 13:45:00,250.3,250.32,249.84,250.01,325768.0,1m
AAPL,2026-04-07 13:46:00,250.02,250.2,249.91,250.01,167041.0,1m
AAPL,2026-04-07 13:47:00,250.03,250.13,249.57,249.63,285773.0,1m
AAPL,2026-04-07 13:48:00,249.64,249.78,249.46,249.58,262500.0,1m
AAPL,2026-04-07 13:49:00,249.59,250.1,249.51,249.59,231320.0,1m
AAPL,2026-04-07 13:50:00,249.58,249.58,249.0,249.29,322463.0,1m
AAPL,2026-04-07 13:51:00,249.31,249.5,249.27,249.36,127439.0,1m
AAPL,2026-04-07 13:52:00,249.34,249.47,249.2,249.43,125273.0,1m
AAPL,2026-04-07 13:53:00,249.41,249.6,249.23,249.56,150072.0,1m
AAPL,2026-04-07 13:54:00,249.58,249.79,249.53,249.77,191502.0,1m
AAPL,2026-04-07 13:55:00,249.75,249.98,249.59,249.73,227577.0,1m
AAPL,2026-04-07 13:56:00,249.73,249.82,249.25,249.48,244184.0,1m
AAPL,2026-04-07 13:57:00,249.48,249.58,249.28,249.52,160292.0,1m
AAPL,2026-04-07 13:58:00,249.53,249.85,249.52,249.74,153996.0,1m
AAPL,2026-04-07 13:59:00,249.77,249.77,249.3,249.32,118014.0,1m
AAPL,2026-04-07 14:00:00,249.32,249.45,249.07,249.37,192054.0,1m
AAPL,2026-04-07 14:01:00,249.36,249.5,249.29,249.49,129610.0,1m
AAPL,2026-04-07 14:02:00,249.48,249.66,249.36,249.65,64244.0,1m
AAPL,2026-04-07 14:03:00,249.65,249.7,249.53,249.59,82457.0,1m
AAPL,2026-04-07 14:04:00,249.59,249.6,249.35,249.48,99966.0,1m
AAPL,2026-04-07 14:05:00,249.45,249.62,249.29,249.44,110724.0,1m
AAPL,2026-04-07 14:06:00,249.43,249.44,248.64,248.75,296199.0,1m
AAPL,2026-04-07 14:07:00,248.75,249.05,248.71,248.74,121199.0,1m
AAPL,2026-04-07 14:08:00,248.74,248.92,248.7,248.82,129979.0,1m
AAPL,2026-04-07 14:09:00,248.81,249.18,248.81,249.06,129037.0,1m
AAPL,2026-04-07 14:10:00,249.07,249.16,248.91,249.16,124986.0,1m
AAPL,2026-04-07 14:11:00,249.16,249.2,248.92,249.05,89114.0,1m
AAPL,2026-04-07 14:12:00,249.05,249.12,248.81,248.89,88939.0,1m
AAPL,2026-04-07 14:13:00,248.88,248.92,248.6,248.71,112534.0,1m
AAPL,2026-04-07 14:14:00,248.72,248.76,248.47,248.54,198037.0,1m
AAPL,2026-04-07 14:15:00,248.54,248.67,248.31,248.42,119426.0,1m
AAPL,2026-04-07 14:16:00,248.43,248.62,248.35,248.38,146494.0,1m
AAPL,2026-04-07 14:17:00,248.39,248.66,248.38,248.41,113548.0,1m
AAPL,2026-04-07 14:18:00,248.41,248.62,248.38,248.42,89158.0,1m
AAPL,2026-04-07 14:19:00,248.4,248.43,248.14,248.2,107260.0,1m
AAPL,2026-04-07 14:20:00,248.21,248.45,248.14,248.36,116470.0,1m
AAPL,2026-04-07 14:21:00,248.36,248.49,248.29,248.46,112678.0,1m
AAPL,2026-04-07 14:22:00,248.47,248.59,248.36,248.42,153829.0,1m
AAPL,2026-04-07 14:23:00,248.41,248.63,248.24,248.56,137566.0,1m
AAPL,2026-04-07 14:24:00,248.54,248.62,248.23,248.4,134851.0,1m
AAPL,2026-04-07 14:25:00,248.38,248.5,248.19,248.26,141619.0,1m
AAPL,2026-04-07 14:26:00,248.26,248.26,248.02,248.08,144166.0,1m
AAPL,2026-04-07 14:27:00,248.09,248.1,247.64,247.73,262261.0,1m
AAPL,2026-04-07 14:28:00,247.73,247.79,247.57,247.64,111294.0,1m
AAPL,2026-04-07 14:29:00,247.65,247.81,247.58,247.68,109398.0,1m
AAPL,2026-04-07 14:30:00,247.67,247.69,247.33,247.35,208819.0,1m
AAPL,2026-04-07 14:31:00,247.32,247.45,247.27,247.43,131004.0,1m
AAPL,2026-04-07 14:32:00,247.43,247.71,247.42,247.63,140143.0,1m
AAPL,2026-04-07 14:33:00,247.63,248.19,247.61,248.02,178300.0,1m
AAPL,2026-04-07 14:34:00,248.01,248.07,247.86,247.95,179468.0,1m
AAPL,2026-04-07 14:35:00,247.97,247.97,247.5,247.73,111622.0,1m
AAPL,2026-04-07 14:36:00,247.73,248.01,247.56,247.95,85287.0,1m
AAPL,2026-04-07 14:37:00,247.93,247.94,247.75,247.82,99140.0,1m
AAPL,2026-04-07 14:38:00,247.85,248.0,247.75,247.95,58753.0,1m
AAPL,2026-04-07 14:39:00,247.95,247.97,247.66,247.82,78892.0,1m
AAPL,2026-04-07 14:40:00,247.82,247.91,247.75,247.84,44983.0,1m
AAPL,2026-04-07 14:41:00,247.83,247.85,247.68,247.73,55313.0,1m
AAPL,2026-04-07 14:42:00,247.71,247.71,247.46,247.48,115266.0,1m
AAPL,2026-04-07 14:43:00,247.49,247.52,247.22,247.26,111934.0,1m
AAPL,2026-04-07 14:44:00,247.27,247.49,247.25,247.33,65853.0,1m
AAPL,2026-04-07 14:45:00,247.31,247.39,247.14,247.23,82110.0,1m
AAPL,2026-04-07 14:46:00,247.24,247.72,247.23,247.46,121056.0,1m
AAPL,2026-04-07 14:47:00,247.45,247.56,247.33,247.36,66116.0,1m
AAPL,2026-04-07 14:48:00,247.34,247.4,247.12,247.19,69757.0,1m
AAPL,2026-04-07 14:49:00,247.19,247.45,247.18,247.3,69840.0,1m
AAPL,2026-04-07 14:50:00,247.29,247.45,247.12,247.16,70633.0,1m
AAPL,2026-04-07 14:51:00,247.13,247.25,246.83,246.95,222886.0,1m
AAPL,2026-04-07 14:52:00,246.96,247.0,246.88,246.91,95095.0,1m
AAPL,2026-04-07 14:53:00,246.91,247.03,246.73,246.78,122727.0,1m
AAPL,2026-04-07 14:54:00,246.79,246.8,246.48,246.56,183800.0,1m
AAPL,2026-04-07 14:55:00,246.53,246.77,246.48,246.61,103189.0,1m
AAPL,2026-04-07 14:56:00,246.59,246.64,246.54,246.57,61913.0,1m
AAPL,2026-04-07 14:57:00,246.58,246.58,246.31,246.48,111922.0,1m
AAPL,2026-04-07 14:58:00,246.48,246.54,246.2,246.25,110657.0,1m
AAPL,2026-04-07 14:59:00,246.24,246.3,246.0,246.19,190200.0,1m
AAPL,2026-04-07 15:00:00,246.18,246.26,245.99,246.08,113028.0,1m
AAPL,2026-04-07 15:01:00,246.07,246.11,245.87,246.08,133024.0,1m
AAPL,2026-04-07 15:02:00,246.08,246.1,245.7,245.82,171940.0,1m
AAPL,2026-04-07 15:03:00,245.83,246.02,245.81,245.94,76454.0,1m
AAPL,2026-04-07 15:04:00,245.95,246.01,245.81,245.93,64183.0,1m
AAPL,2026-04-07 15:05:00,245.93,246.09,245.89,246.01,80782.0,1m
AAPL,2026-04-07 15:06:00,246.0,246.19,246.0,246.09,105432.0,1m
AAPL,2026-04-07 15:07:00,246.09,246.14,245.97,246.03,92391.0,1m
AAPL,2026-04-07 15:08:00,246.01,246.19,245.92,246.12,74614.0,1m
AAPL,2026-04-07 15:09:00,246.13,246.3,246.01,246.28,99350.0,1m
AAPL,2026-04-07 15:10:00,246.27,246.62,246.22,246.59,179678.0,1m
AAPL,2026-04-07 15:11:00,246.59,246.9,246.57,246.81,173192.0,1m
AAPL,2026-04-07 15:12:00,246.81,246.87,246.64,246.84,112673.0,1m
AAPL,2026-04-07 15:13:00,246.82,246.86,246.72,246.84,60968.0,1m
AAPL,2026-04-07 15:14:00,246.86,246.88,246.77,246.84,57701.0,1m
AAPL,2026-04-07 15:15:00,246.83,247.6,246.82,247.48,194573.0,1m
AAPL,2026-04-07 15:16:00,247.46,247.62,247.22,247.25,192941.0,1m
AAPL,2026-04-07 15:17:00,247.24,247.31,247.08,247.29,68285.0,1m
AAPL,2026-04-07 15:18:00,247.29,247.46,247.19,247.25,92414.0,1m
AAPL,2026-04-07 15:19:00,247.25,247.41,247.2,247.34,48191.0,1m
AAPL,2026-04-07 15:20:00,247.34,247.34,247.06,247.07,61787.0,1m
AAPL,2026-04-07 15:21:00,247.05,247.09,246.86,247.02,99458.0,1m
AAPL,2026-04-07 15:22:00,247.02,247.23,247.0,247.19,61497.0,1m
AAPL,2026-04-07 15:23:00,247.18,247.39,247.08,247.37,73437.0,1m
AAPL,2026-04-07 15:24:00,247.37,247.42,247.22,247.27,41986.0,1m
AAPL,2026-04-07 15:25:00,247.27,247.61,247.24,247.51,81235.0,1m
AAPL,2026-04-07 15:26:00,247.51,247.61,247.4,247.59,69511.0,1m
AAPL,2026-04-07 15:27:00,247.59,247.61,247.43,247.5,112560.0,1m
AAPL,2026-04-07 15:28:00,247.51,247.68,247.51,247.68,63878.0,1m
AAPL,2026-04-07 15:29:00,247.68,247.85,247.59,247.8,121319.0,1m
AAPL,2026-04-07 15:30:00,247.81,247.89,247.61,247.63,104721.0,1m
AAPL,2026-04-07 15:31:00,247.63,247.64,247.44,247.52,82430.0,1m
AAPL,2026-04-07 15:32:00,247.52,247.6,247.4,247.59,85607.0,1m
AAPL,2026-04-07 15:33:00,247.59,247.67,247.56,247.65,43702.0,1m
AAPL,2026-04-07 15:34:00,247.64,247.7,247.55,247.56,45219.0,1m
AAPL,2026-04-07 15:35:00,247.56,247.76,247.56,247.66,45208.0,1m
AAPL,2026-04-07 15:36:00,247.65,247.77,247.62,247.74,48066.0,1m
AAPL,2026-04-07 15:37:00,247.74,247.89,247.42,247.73,134317.0,1m
AAPL,2026-04-07 15:38:00,247.73,247.85,247.72,247.81,61009.0,1m
AAPL,2026-04-07 15:39:00,247.75,247.76,247.55,247.63,50730.0,1m
AAPL,2026-04-07 15:40:00,247.63,247.81,247.51,247.75,75942.0,1m
AAPL,2026-04-07 15:41:00,247.75,247.82,247.64,247.69,40776.0,1m
AAPL,2026-04-07 15:42:00,247.71,247.75,247.64,247.75,35635.0,1m
AAPL,2026-04-07 15:43:00,247.75,247.86,247.7,247.75,51649.0,1m
AAPL,2026-04-07 15:44:00,247.79,247.86,247.71,247.79,36912.0,1m
AAPL,2026-04-07 15:45:00,247.8,247.93,247.77,247.86,43026.0,1m
AAPL,2026-04-07 15:46:00,247.87,247.95,247.85,247.87,64534.0,1m
AAPL,2026-04-07 15:47:00,247.87,248.0,247.86,247.95,91258.0,1m
AAPL,2026-04-07 15:48:00,247.94,247.95,247.86,247.94,32944.0,1m
AAPL,2026-04-07 15:49:00,247.93,248.01,247.89,247.99,67638.0,1m
AAPL,2026-04-07 15:50:00,247.99,248.14,247.96,248.11,108532.0,1m
AAPL,2026-04-07 15:51:00,248.12,248.21,248.06,248.09,102243.0,1m
AAPL,2026-04-07 15:52:00,248.08,248.09,247.92,247.95,64927.0,1m
AAPL,2026-04-07 15:53:00,247.95,248.09,247.94,248.08,34489.0,1m
AAPL,2026-04-07 15:54:00,248.09,248.11,247.97,248.05,49505.0,1m
AAPL,2026-04-07 15:55:00,248.04,248.5,248.02,248.26,166504.0,1m
AAPL,2026-04-07 15:56:00,248.27,248.29,248.09,248.17,86454.0,1m
AAPL,2026-04-07 15:57:00,248.18,248.42,248.18,248.41,55755.0,1m
AAPL,2026-04-07 15:58:00,248.42,248.45,248.33,248.43,67571.0,1m
AAPL,2026-04-07 15:59:00,248.45,248.51,248.38,248.46,66212.0,1m
AAPL,2026-04-07 16:00:00,248.47,248.7,248.47,248.56,110720.0,1m
AAPL,2026-04-07 16:01:00,248.55,248.79,248.55,248.72,82572.0,1m
AAPL,2026-04-07 16:02:00,248.72,249.21,248.71,249.17,222263.0,1m
AAPL,2026-04-07 16:03:00,249.14,249.43,249.11,249.18,201986.0,1m
AAPL,2026-04-07 16:04:00,249.24,249.36,249.12,249.29,80846.0,1m
AAPL,2026-04-07 16:05:00,249.3,249.3,249.13,249.17,112255.0,1m
AAPL,2026-04-07 16:06:00,249.19,249.25,249.04,249.15,73593.0,1m
AAPL,2026-04-07 16:07:00,249.15,249.23,248.87,248.92,155476.0,1m
AAPL,2026-04-07 16:08:00,248.9,248.91,248.67,248.83,91678.0,1m
AAPL,2026-04-07 16:09:00,248.83,248.99,248.78,248.99,42500.0,1m
AAPL,2026-04-07 16:10:00,249.0,249.11,248.96,248.99,46047.0,1m
AAPL,2026-04-07 16:11:00,248.98,249.19,248.97,249.17,58624.0,1m
AAPL,2026-04-07 16:12:00,249.18,249.25,249.13,249.18,72739.0,1m
AAPL,2026-04-07 16:13:00,249.18,249.25,249.11,249.15,27882.0,1m
AAPL,2026-04-07 16:14:00,249.15,249.25,249.13,249.16,37307.0,1m
AAPL,2026-04-07 16:15:00,249.17,249.26,249.06,249.24,41426.0,1m
AAPL,2026-04-07 16:16:00,249.22,249.25,249.14,249.21,23244.0,1m
AAPL,2026-04-07 16:17:00,249.19,249.2,248.93,248.95,50172.0,1m
AAPL,2026-04-07 16:18:00,248.95,249.05,248.8,249.0,60348.0,1m
AAPL,2026-04-07 16:19:00,249.0,249.11,248.94,249.06,68227.0,1m
AAPL,2026-04-07 16:20:00,249.05,249.17,248.96,249.16,65027.0,1m
AAPL,2026-04-07 16:21:00,249.14,249.73,249.14,249.69,262921.0,1m
AAPL,2026-04-07 16:22:00,249.7,249.88,249.64,249.79,252938.0,1m
AAPL,2026-04-07 16:23:00,249.79,250.24,249.74,249.88,269768.0,1m
AAPL,2026-04-07 16:24:00,249.86,250.05,249.75,250.02,146515.0,1m
AAPL,2026-04-07 16:25:00,250.02,250.15,249.79,249.95,126029.0,1m
AAPL,2026-04-07 16:26:00,249.95,250.1,249.92,250.1,95178.0,1m
AAPL,2026-04-07 16:27:00,250.09,250.27,250.05,250.19,120471.0,1m
AAPL,2026-04-07 16:28:00,250.18,250.29,250.0,250.14,96330.0,1m
AAPL,2026-04-07 16:29:00,250.14,250.28,250.12,250.17,96074.0,1m
AAPL,2026-04-07 16:30:00,250.17,250.34,250.1,250.26,83477.0,1m
AAPL,2026-04-07 16:31:00,250.27,250.33,250.15,250.33,63401.0,1m
AAPL,2026-04-07 16:32:00,250.34,250.34,250.03,250.09,77816.0,1m
AAPL,2026-04-07 16:33:00,250.1,250.17,250.04,250.14,48972.0,1m
AAPL,2026-04-07 16:34:00,250.14,250.19,249.93,250.18,104983.0,1m
AAPL,2026-04-07 16:35:00,250.18,250.22,249.95,249.96,46061.0,1m
AAPL,2026-04-07 16:36:00,249.95,249.95,249.76,249.92,66850.0,1m
AAPL,2026-04-07 16:37:00,249.92,249.99,249.82,249.9,67197.0,1m
AAPL,2026-04-07 16:38:00,249.9,250.08,249.88,249.9,45509.0,1m
AAPL,2026-04-07 16:39:00,249.9,249.91,249.66,249.82,66591.0,1m
AAPL,2026-04-07 16:40:00,249.84,249.97,249.81,249.89,41502.0,1m
AAPL,2026-04-07 16:41:00,249.9,250.01,249.85,249.88,40195.0,1m
AAPL,2026-04-07 16:42:00,249.88,250.0,249.83,249.91,23273.0,1m
AAPL,2026-04-07 16:43:00,249.92,249.92,249.8,249.84,21069.0,1m
AAPL,2026-04-07 16:44:00,249.85,249.99,249.85,249.95,25141.0,1m
AAPL,2026-04-07 16:45:00,249.97,250.12,249.96,250.09,77901.0,1m
AAPL,2026-04-07 16:46:00,250.06,250.33,250.03,250.29,80896.0,1m
AAPL,2026-04-07 16:47:00,250.28,250.3,250.15,250.29,51922.0,1m
AAPL,2026-04-07 16:48:00,250.29,250.39,250.25,250.27,60352.0,1m
AAPL,2026-04-07 16:49:00,250.27,250.27,250.15,250.17,39519.0,1m
AAPL,2026-04-07 16:50:00,250.17,250.19,249.96,250.06,66725.0,1m
AAPL,2026-04-07 16:51:00,250.06,250.14,249.97,250.02,37727.0,1m
AAPL,2026-04-07 16:52:00,250.02,250.06,249.93,250.04,48134.0,1m
AAPL,2026-04-07 16:53:00,250.05,250.09,250.0,250.03,33125.0,1m
AAPL,2026-04-07 16:54:00,250.01,250.07,249.98,250.03,35317.0,1m
AAPL,2026-04-07 16:55:00,250.02,250.07,249.82,249.84,48664.0,1m
AAPL,2026-04-07 16:56:00,249.84,249.93,249.77,249.88,39515.0,1m
AAPL,2026-04-07 16:57:00,249.88,249.95,249.78,249.85,38228.0,1m
AAPL,2026-04-07 16:58:00,249.85,249.96,249.79,249.95,37487.0,1m
AAPL,2026-04-07 16:59:00,249.95,250.04,249.9,250.03,46186.0,1m
AAPL,2026-04-07 17:00:00,250.01,253.4,249.72,252.42,666574.0,1m
AAPL,2026-04-07 17:01:00,252.39,252.46,251.77,251.99,547091.0,1m
AAPL,2026-04-07 17:02:00,251.98,252.4,251.72,252.09,472137.0,1m
AAPL,2026-04-07 17:03:00,252.07,252.26,251.71,251.87,229828.0,1m
AAPL,2026-04-07 17:04:00,251.81,252.15,251.62,251.73,314022.0,1m
AAPL,2026-04-07 17:05:00,251.75,252.05,251.41,251.81,260376.0,1m
AAPL,2026-04-07 17:06:00,251.83,252.07,251.64,251.68,141345.0,1m
AAPL,2026-04-07 17:07:00,251.67,251.69,251.34,251.6,145798.0,1m
AAPL,2026-04-07 17:08:00,251.58,251.66,251.24,251.33,85281.0,1m
AAPL,2026-04-07 17:09:00,251.32,251.6,251.22,251.6,102562.0,1m
AAPL,2026-04-07 17:10:00,251.56,251.75,251.48,251.65,82032.0,1m
AAPL,2026-04-07 17:11:00,251.63,251.66,251.34,251.47,73863.0,1m
AAPL,2026-04-07 17:12:00,251.48,251.7,251.44,251.6,70275.0,1m
AAPL,2026-04-07 17:13:00,251.61,251.65,251.42,251.53,63177.0,1m
AAPL,2026-04-07 17:14:00,251.52,251.6,251.42,251.47,55180.0,1m
AAPL,2026-04-07 17:15:00,251.46,251.69,251.33,251.67,167269.0,1m
AAPL,2026-04-07 17:16:00,251.65,251.75,251.57,251.73,67000.0,1m
AAPL,2026-04-07 17:17:00,251.75,251.81,251.48,251.7,119212.0,1m
AAPL,2026-04-07 17:18:00,251.68,251.86,251.55,251.7,62704.0,1m
AAPL,2026-04-07 17:19:00,251.71,251.85,251.66,251.73,105979.0,1m
AAPL,2026-04-07 17:20:00,251.75,251.87,251.62,251.66,74081.0,1m
AAPL,2026-04-07 17:21:00,251.63,251.8,251.6,251.79,52677.0,1m
AAPL,2026-04-07 17:22:00,251.8,251.84,251.66,251.8,45060.0,1m
AAPL,2026-04-07 17:23:00,251.81,251.93,251.71,251.86,39903.0,1m
AAPL,2026-04-07 17:24:00,251.86,252.09,251.86,251.91,63680.0,1m
AAPL,2026-04-07 17:25:00,251.91,251.91,251.69,251.69,48394.0,1m
AAPL,2026-04-07 17:26:00,251.72,251.88,251.7,251.71,45594.0,1m
AAPL,2026-04-07 17:27:00,251.71,251.8,251.62,251.78,34291.0,1m
AAPL,2026-04-07 17:28:00,251.82,251.83,251.28,251.45,98451.0,1m
AAPL,2026-04-07 17:29:00,251.43,251.59,251.4,251.59,55214.0,1m
AAPL,2026-04-07 17:30:00,251.62,251.73,251.57,251.65,71064.0,1m
AAPL,2026-04-07 17:31:00,251.71,251.9,251.59,251.88,47372.0,1m
AAPL,2026-04-07 17:32:00,251.87,252.1,251.85,252.03,79304.0,1m
AAPL,2026-04-07 17:33:00,252.03,252.15,251.98,252.03,66065.0,1m
AAPL,2026-04-07 17:34:00,252.01,252.19,251.99,252.17,74043.0,1m
AAPL,2026-04-07 17:35:00,252.17,252.56,252.16,252.56,128380.0,1m
AAPL,2026-04-07 17:36:00,252.54,252.8,252.36,252.4,105580.0,1m
AAPL,2026-04-07 17:37:00,252.38,252.49,252.34,252.39,54610.0,1m
AAPL,2026-04-07 17:38:00,252.4,252.41,252.14,252.19,50293.0,1m
AAPL,2026-04-07 17:39:00,252.19,252.28,251.92,252.01,73765.0,1m
AAPL,2026-04-07 17:40:00,251.99,252.0,251.65,251.66,42997.0,1m
AAPL,2026-04-07 17:41:00,251.68,251.99,251.65,251.93,66833.0,1m
AAPL,2026-04-07 17:42:00,251.94,252.04,251.78,251.84,26756.0,1m
AAPL,2026-04-07 17:43:00,251.85,251.85,251.66,251.7,53501.0,1m
AAPL,2026-04-07 17:44:00,251.68,251.79,251.58,251.64,59380.0,1m
AAPL,2026-04-07 17:45:00,251.62,251.71,251.42,251.46,27211.0,1m
AAPL,2026-04-07 17:46:00,251.45,251.58,251.45,251.46,35316.0,1m
AAPL,2026-04-07 17:47:00,251.46,251.55,251.46,251.53,31019.0,1m
AAPL,2026-04-07 17:48:00,251.53,251.54,251.32,251.52,48063.0,1m
AAPL,2026-04-07 17:49:00,251.5,251.58,251.45,251.55,31041.0,1m
AAPL,2026-04-07 17:50:00,251.56,251.77,251.56,251.7,34751.0,1m
AAPL,2026-04-07 17:51:00,251.7,251.8,251.69,251.75,29366.0,1m
AAPL,2026-04-07 17:52:00,251.77,251.9,251.77,251.86,35745.0,1m
AAPL,2026-04-07 17:53:00,251.85,251.94,251.79,251.79,25685.0,1m
AAPL,2026-04-07 17:54:00,251.79,251.79,251.61,251.64,25091.0,1m
AAPL,2026-04-07 17:55:00,251.66,251.66,251.52,251.58,18099.0,1m
AAPL,2026-04-07 17:56:00,251.61,251.65,251.58,251.59,11522.0,1m
AAPL,2026-04-07 17:57:00,251.59,251.62,251.42,251.49,37094.0,1m
AAPL,2026-04-07 17:58:00,251.48,251.64,251.41,251.62,71405.0,1m
AAPL,2026-04-07 17:59:00,251.62,251.72,251.61,251.7,31825.0,1m
AAPL,2026-04-07 18:00:00,251.7,251.98,251.7,251.9,57453.0,1m
AAPL,2026-04-07 18:01:00,251.89,251.95,251.85,251.9,32386.0,1m
AAPL,2026-04-07 18:02:00,251.9,251.92,251.72,251.89,27914.0,1m
AAPL,2026-04-07 18:03:00,251.89,251.9,251.72,251.88,29557.0,1m
AAPL,2026-04-07 18:04:00,251.88,251.95,251.84,251.93,24744.0,1m
AAPL,2026-04-07 18:05:00,251.93,251.94,251.79,251.83,25349.0,1m
AAPL,2026-04-07 18:06:00,251.82,251.85,251.73,251.77,22813.0,1m
AAPL,2026-04-07 18:07:00,251.78,251.85,251.55,251.62,42994.0,1m
AAPL,2026-04-07 18:08:00,251.62,251.72,251.62,251.67,22017.0,1m
AAPL,2026-04-07 18:09:00,251.67,251.8,251.66,251.72,28645.0,1m
AAPL,2026-04-07 18:10:00,251.73,251.91,251.72,251.81,35273.0,1m
AAPL,2026-04-07 18:11:00,251.8,251.93,251.73,251.88,32283.0,1m
AAPL,2026-04-07 18:12:00,251.88,251.93,251.75,251.77,42939.0,1m
AAPL,2026-04-07 18:13:00,251.78,251.81,251.72,251.8,23692.0,1m
AAPL,2026-04-07 18:14:00,251.79,251.8,251.67,251.67,21379.0,1m
AAPL,2026-04-07 18:15:00,251.69,251.76,251.66,251.76,13120.0,1m
AAPL,2026-04-07 18:16:00,251.76,251.79,251.67,251.7,28818.0,1m
AAPL,2026-04-07 18:17:00,251.69,251.82,251.69,251.78,27640.0,1m
AAPL,2026-04-07 18:18:00,251.78,251.89,251.65,251.71,44104.0,1m
AAPL,2026-04-07 18:19:00,251.73,251.8,251.69,251.73,22437.0,1m
AAPL,2026-04-07 18:20:00,251.73,251.74,251.62,251.68,20278.0,1m
AAPL,2026-04-07 18:21:00,251.7,251.7,251.61,251.69,20252.0,1m
AAPL,2026-04-07 18:22:00,251.68,251.8,251.68,251.7,25033.0,1m
AAPL,2026-04-07 18:23:00,251.7,251.7,251.45,251.49,45635.0,1m
AAPL,2026-04-07 18:24:00,251.51,251.51,251.29,251.36,59500.0,1m
AAPL,2026-04-07 18:25:00,251.36,251.48,251.35,251.41,24318.0,1m
AAPL,2026-04-07 18:26:00,251.41,251.46,251.31,251.41,30857.0,1m
AAPL,2026-04-07 18:27:00,251.41,251.45,251.34,251.34,34396.0,1m
AAPL,2026-04-07 18:28:00,251.35,251.48,251.33,251.34,28247.0,1m
AAPL,2026-04-07 18:29:00,251.34,251.42,251.29,251.33,29028.0,1m
AAPL,2026-04-07 18:30:00,251.33,251.59,251.33,251.39,37653.0,1m
AAPL,2026-04-07 18:31:00,251.36,251.37,251.09,251.17,84814.0,1m
AAPL,2026-04-07 18:32:00,251.17,251.26,251.14,251.26,77665.0,1m
AAPL,2026-04-07 18:33:00,251.24,251.34,251.15,251.23,39399.0,1m
AAPL,2026-04-07 18:34:00,251.22,251.37,251.22,251.36,26304.0,1m
AAPL,2026-04-07 18:35:00,251.36,251.4,251.28,251.4,29707.0,1m
AAPL,2026-04-07 18:36:00,251.39,251.43,251.3,251.36,25366.0,1m
AAPL,2026-04-07 18:37:00,251.36,251.37,251.14,251.19,32198.0,1m
AAPL,2026-04-07 18:38:00,251.2,251.29,251.18,251.25,29587.0,1m
AAPL,2026-04-07 18:39:00,251.25,251.31,251.12,251.18,33848.0,1m
AAPL,2026-04-07 18:40:00,251.19,251.21,250.98,251.01,70151.0,1m
AAPL,2026-04-07 18:41:00,251.02,251.19,251.0,251.15,53923.0,1m
AAPL,2026-04-07 18:42:00,251.15,251.35,251.14,251.26,30538.0,1m
AAPL,2026-04-07 18:43:00,251.26,251.29,251.1,251.17,38164.0,1m
AAPL,2026-04-07 18:44:00,251.17,251.26,251.13,251.14,26679.0,1m
AAPL,2026-04-07 18:45:00,251.13,251.13,250.79,250.93,64233.0,1m
AAPL,2026-04-07 18:46:00,250.93,250.93,250.83,250.84,40962.0,1m
AAPL,2026-04-07 18:47:00,250.84,250.99,250.8,250.89,36977.0,1m
AAPL,2026-04-07 18:48:00,250.89,250.9,250.8,250.82,35849.0,1m
AAPL,2026-04-07 18:49:00,250.81,250.93,250.66,250.72,68432.0,1m
AAPL,2026-04-07 18:50:00,250.7,250.75,250.62,250.74,44773.0,1m
AAPL,2026-04-07 18:51:00,250.76,250.76,250.6,250.64,30909.0,1m
AAPL,2026-04-07 18:52:00,250.65,250.65,250.43,250.47,50819.0,1m
AAPL,2026-04-07 18:53:00,250.48,250.55,250.4,250.42,45914.0,1m
AAPL,2026-04-07 18:54:00,250.44,250.44,250.3,250.34,34562.0,1m
AAPL,2026-04-07 18:55:00,250.32,250.37,250.13,250.14,69640.0,1m
AAPL,2026-04-07 18:56:00,250.15,250.23,250.12,250.2,50384.0,1m
AAPL,2026-04-07 18:57:00,250.22,250.35,250.22,250.31,32255.0,1m
AAPL,2026-04-07 18:58:00,250.32,250.43,250.29,250.35,57412.0,1m
AAPL,2026-04-07 18:59:00,250.34,250.42,250.31,250.4,26704.0,1m
AAPL,2026-04-07 19:00:00,250.38,250.46,250.33,250.41,34494.0,1m
AAPL,2026-04-07 19:01:00,250.41,250.41,250.2,250.24,21809.0,1m
AAPL,2026-04-07 19:02:00,250.3,250.53,250.27,250.48,36812.0,1m
AAPL,2026-04-07 19:03:00,250.47,250.58,250.32,250.36,28828.0,1m
AAPL,2026-04-07 19:04:00,250.35,250.43,250.35,250.41,32179.0,1m
AAPL,2026-04-07 19:05:00,250.41,250.54,250.32,250.47,52087.0,1m
AAPL,2026-04-07 19:06:00,250.46,250.54,250.39,250.5,44024.0,1m
AAPL,2026-04-07 19:07:00,250.5,250.5,250.27,250.46,28306.0,1m
AAPL,2026-04-07 19:08:00,250.47,251.0,250.43,250.93,82878.0,1m
AAPL,2026-04-07 19:09:00,250.93,250.99,250.77,250.78,44136.0,1m
AAPL,2026-04-07 19:10:00,250.78,251.02,250.76,250.92,60976.0,1m
AAPL,2026-04-07 19:11:00,250.91,251.26,250.91,251.11,74429.0,1m
AAPL,2026-04-07 19:12:00,251.1,251.18,251.04,251.08,48553.0,1m
AAPL,2026-04-07 19:13:00,251.11,251.21,251.02,251.19,27428.0,1m
AAPL,2026-04-07 19:14:00,251.16,251.24,251.12,251.14,40282.0,1m
AAPL,2026-04-07 19:15:00,251.12,251.24,251.11,251.19,26884.0,1m
AAPL,2026-04-07 19:16:00,251.2,251.49,251.2,251.38,51605.0,1m
AAPL,2026-04-07 19:17:00,251.37,251.43,251.26,251.31,58689.0,1m
AAPL,2026-04-07 19:18:00,251.31,251.87,251.31,251.8,88105.0,1m
AAPL,2026-04-07 19:19:00,251.8,252.33,251.76,252.21,138433.0,1m
AAPL,2026-04-07 19:20:00,252.19,252.5,252.01,252.15,92570.0,1m
AAPL,2026-04-07 19:21:00,252.15,252.17,251.83,251.88,66132.0,1m
AAPL,2026-04-07 19:22:00,251.89,252.12,251.86,252.09,61715.0,1m
AAPL,2026-04-07 19:23:00,252.09,252.1,251.62,251.62,57068.0,1m
AAPL,2026-04-07 19:24:00,251.65,251.95,251.58,251.86,65281.0,1m
AAPL,2026-04-07 19:25:00,251.88,252.05,251.75,252.01,51538.0,1m
AAPL,2026-04-07 19:26:00,252.0,252.12,251.83,251.99,47600.0,1m
AAPL,2026-04-07 19:27:00,251.98,252.27,251.92,252.23,66012.0,1m
AAPL,2026-04-07 19:28:00,252.23,252.29,252.11,252.14,39096.0,1m
AAPL,2026-04-07 19:29:00,252.11,252.12,251.93,251.96,59389.0,1m
AAPL,2026-04-07 19:30:00,251.92,251.93,251.74,251.78,42731.0,1m
AAPL,2026-04-07 19:31:00,251.77,251.77,251.54,251.64,56176.0,1m
AAPL,2026-04-07 19:32:00,251.66,251.92,251.65,251.7,48188.0,1m
AAPL,2026-04-07 19:33:00,251.67,251.86,251.62,251.82,47403.0,1m
AAPL,2026-04-07 19:34:00,251.82,251.84,251.72,251.72,33432.0,1m
AAPL,2026-04-07 19:35:00,251.72,251.73,251.44,251.46,48075.0,1m
AAPL,2026-04-07 19:36:00,251.46,251.69,251.46,251.63,46781.0,1m
AAPL,2026-04-07 19:37:00,251.64,251.71,251.6,251.67,34374.0,1m
AAPL,2026-04-07 19:38:00,251.68,251.71,251.52,251.58,42490.0,1m
AAPL,2026-04-07 19:39:00,251.59,251.64,251.51,251.59,77015.0,1m
AAPL,2026-04-07 19:40:00,251.58,251.76,251.49,251.68,47459.0,1m
AAPL,2026-04-07 19:41:00,251.67,251.84,251.62,251.84,56785.0,1m
AAPL,2026-04-07 19:42:00,251.84,252.02,251.84,251.88,52221.0,1m
AAPL,2026-04-07 19:43:00,251.89,252.11,251.86,251.95,48804.0,1m
AAPL,2026-04-07 19:44:00,251.96,252.42,251.92,252.13,102815.0,1m
AAPL,2026-04-07 19:45:00,252.13,253.21,251.97,253.12,205778.0,1m
AAPL,2026-04-07 19:46:00,253.12,253.15,252.36,252.74,168694.0,1m
AAPL,2026-04-07 19:47:00,252.75,252.75,252.44,252.62,139750.0,1m
AAPL,2026-04-07 19:48:00,252.62,252.7,252.43,252.49,79584.0,1m
AAPL,2026-04-07 19:49:00,252.5,252.62,252.23,252.37,149309.0,1m
AAPL,2026-04-07 19:50:00,252.4,253.01,252.4,252.68,153873.0,1m
AAPL,2026-04-07 19:51:00,252.68,252.74,252.54,252.72,103904.0,1m
AAPL,2026-04-07 19:52:00,252.72,252.81,252.6,252.69,155420.0,1m
AAPL,2026-04-07 19:53:00,252.69,253.2,252.68,252.99,255050.0,1m
AAPL,2026-04-07 19:54:00,253.0,253.08,252.63,253.04,182502.0,1m
AAPL,2026-04-07 19:55:00,253.06,253.39,252.95,253.24,244104.0,1m
AAPL,2026-04-07 19:56:00,253.25,253.42,253.24,253.36,202354.0,1m
AAPL,2026-04-07 19:57:00,253.36,253.42,253.09,253.21,279569.0,1m
AAPL,2026-04-07 19:58:00,253.23,253.25,253.1,253.14,286272.0,1m
AAPL,2026-04-07 19:59:00,253.14,253.61,253.1,253.49,775399.0,1m
AAPL,2026-04-08 13:30:00,258.4,258.57,257.28,257.86,966627.0,1m
AAPL,2026-04-08 13:31:00,257.86,258.11,256.78,256.9,189665.0,1m
AAPL,2026-04-08 13:32:00,256.94,257.07,256.61,256.85,151856.0,1m
AAPL,2026-04-08 13:33:00,256.83,257.27,256.66,257.25,144052.0,1m
AAPL,2026-04-08 13:34:00,257.25,258.25,257.25,257.92,202487.0,1m
AAPL,2026-04-08 13:35:00,257.92,258.04,257.63,257.85,140137.0,1m
AAPL,2026-04-08 13:36:00,257.86,257.95,257.17,257.43,180618.0,1m
AAPL,2026-04-08 13:37:00,257.4,257.5,256.99,257.08,150741.0,1m
AAPL,2026-04-08 13:38:00,257.09,257.33,256.87,257.29,129468.0,1m
AAPL,2026-04-08 13:39:00,257.25,257.33,256.72,256.79,86210.0,1m
AAPL,2026-04-08 13:40:00,256.79,257.12,256.53,256.62,137279.0,1m
AAPL,2026-04-08 13:41:00,256.63,256.87,256.55,256.83,97040.0,1m
AAPL,2026-04-08 13:42:00,256.81,257.24,256.81,256.87,121725.0,1m
AAPL,2026-04-08 13:43:00,256.88,257.17,256.87,257.09,98479.0,1m
AAPL,2026-04-08 13:44:00,257.06,257.55,256.98,257.18,138982.0,1m
AAPL,2026-04-08 13:45:00,257.23,257.64,257.12,257.62,98492.0,1m
AAPL,2026-04-08 13:46:00,257.64,258.38,257.62,258.36,131169.0,1m
AAPL,2026-04-08 13:47:00,258.39,258.65,258.21,258.63,133535.0,1m
AAPL,2026-04-08 13:48:00,258.65,258.73,258.19,258.56,120959.0,1m
AAPL,2026-04-08 13:49:00,258.58,258.76,258.5,258.62,78638.0,1m
AAPL,2026-04-08 13:50:00,258.62,258.65,258.36,258.57,82315.0,1m
AAPL,2026-04-08 13:51:00,258.55,258.55,257.89,258.07,81125.0,1m
AAPL,2026-04-08 13:52:00,258.08,258.55,258.05,258.54,71054.0,1m
AAPL,2026-04-08 13:53:00,258.54,258.68,258.37,258.47,83612.0,1m
AAPL,2026-04-08 13:54:00,258.48,258.64,258.18,258.27,103429.0,1m
AAPL,2026-04-08 13:55:00,258.22,258.67,258.17,258.3,83253.0,1m
AAPL,2026-04-08 13:56:00,258.33,258.75,258.31,258.4,90149.0,1m
AAPL,2026-04-08 13:57:00,258.41,258.48,258.08,258.3,125961.0,1m
AAPL,2026-04-08 13:58:00,258.32,258.69,258.31,258.43,43777.0,1m
AAPL,2026-04-08 13:59:00,258.44,258.59,258.25,258.52,107239.0,1m
AAPL,2026-04-08 14:00:00,258.5,258.73,258.27,258.7,165693.0,1m
AAPL,2026-04-08 14:01:00,258.69,258.69,258.28,258.35,64632.0,1m
AAPL,2026-04-08 14:02:00,258.36,258.74,258.32,258.72,75025.0,1m
AAPL,2026-04-08 14:03:00,258.74,259.02,258.69,258.78,142246.0,1m
AAPL,2026-04-08 14:04:00,258.79,259.13,258.76,258.86,131907.0,1m
AAPL,2026-04-08 14:05:00,258.9,259.07,258.51,258.77,83122.0,1m
AAPL,2026-04-08 14:06:00,258.78,259.22,258.55,259.2,67609.0,1m
AAPL,2026-04-08 14:07:00,259.2,259.75,259.13,259.48,144066.0,1m
AAPL,2026-04-08 14:08:00,259.48,259.52,258.78,258.97,82048.0,1m
AAPL,2026-04-08 14:09:00,258.94,259.39,258.92,259.35,102049.0,1m
AAPL,2026-04-08 14:10:00,259.38,259.47,259.23,259.23,63725.0,1m
AAPL,2026-04-08 14:11:00,259.2,259.4,259.08,259.3,73795.0,1m
AAPL,2026-04-08 14:12:00,259.3,259.3,259.09,259.13,50616.0,1m
AAPL,2026-04-08 14:13:00,259.15,259.21,258.96,259.05,82485.0,1m
AAPL,2026-04-08 14:14:00,259.05,259.05,258.81,258.85,81155.0,1m
AAPL,2026-04-08 14:15:00,258.85,259.1,258.84,259.1,65721.0,1m
AAPL,2026-04-08 14:16:00,259.11,259.13,258.7,258.72,42844.0,1m
AAPL,2026-04-08 14:17:00,258.75,258.87,258.69,258.74,43018.0,1m
AAPL,2026-04-08 14:18:00,258.74,258.78,258.33,258.35,78963.0,1m
AAPL,2026-04-08 14:19:00,258.38,258.52,258.31,258.4,48863.0,1m
AAPL,2026-04-08 14:20:00,258.42,258.72,258.36,258.56,35471.0,1m
AAPL,2026-04-08 14:21:00,258.56,258.93,258.55,258.74,49617.0,1m
AAPL,2026-04-08 14:22:00,258.75,258.85,258.6,258.69,52842.0,1m
AAPL,2026-04-08 14:23:00,258.72,258.72,258.44,258.44,35009.0,1m
AAPL,2026-04-08 14:24:00,258.46,258.58,258.39,258.4,81638.0,1m
AAPL,2026-04-08 14:25:00,258.4,258.42,258.03,258.23,120969.0,1m
AAPL,2026-04-08 14:26:00,258.25,258.4,258.08,258.35,73575.0,1m
AAPL,2026-04-08 14:27:00,258.35,258.62,258.35,258.45,74437.0,1m
AAPL,2026-04-08 14:28:00,258.46,258.6,258.12,258.2,37548.0,1m
AAPL,2026-04-08 14:29:00,258.2,258.23,258.1,258.13,38831.0,1m
AAPL,2026-04-08 14:30:00,258.14,258.18,257.69,257.86,104897.0,1m
AAPL,2026-04-08 14:31:00,257.9,258.04,257.64,257.91,106220.0,1m
AAPL,2026-04-08 14:32:00,257.91,258.04,257.9,257.94,82755.0,1m
AAPL,2026-04-08 14:33:00,257.92,258.09,257.86,258.05,74951.0,1m
AAPL,2026-04-08 14:34:00,258.06,258.09,257.89,258.05,45554.0,1m
AAPL,2026-04-08 14:35:00,258.06,258.21,257.93,258.2,72295.0,1m
AAPL,2026-04-08 14:36:00,258.19,258.28,258.04,258.18,87008.0,1m
AAPL,2026-04-08 14:37:00,258.2,258.38,258.12,258.31,54161.0,1m
AAPL,2026-04-08 14:38:00,258.32,258.32,258.0,258.02,36357.0,1m
AAPL,2026-04-08 14:39:00,258.03,258.35,258.01,258.35,52230.0,1m
AAPL,2026-04-08 14:40:00,258.35,258.45,258.15,258.31,35965.0,1m
AAPL,2026-04-08 14:41:00,258.31,258.4,258.27,258.34,41181.0,1m
AAPL,2026-04-08 14:42:00,258.35,258.52,258.25,258.49,43619.0,1m
AAPL,2026-04-08 14:43:00,258.52,258.58,258.32,258.4,32186.0,1m
AAPL,2026-04-08 14:44:00,258.39,258.43,258.25,258.3,36372.0,1m
AAPL,2026-04-08 14:45:00,258.3,258.38,258.09,258.15,31549.0,1m
AAPL,2026-04-08 14:46:00,258.19,258.25,258.09,258.18,31074.0,1m
AAPL,2026-04-08 14:47:00,258.16,258.41,258.16,258.39,43055.0,1m
AAPL,2026-04-08 14:48:00,258.38,258.61,258.38,258.55,51940.0,1m
AAPL,2026-04-08 14:49:00,258.53,258.77,258.44,258.59,35807.0,1m
AAPL,2026-04-08 14:50:00,258.58,258.75,258.5,258.64,27809.0,1m
AAPL,2026-04-08 14:51:00,258.66,258.67,258.4,258.46,29440.0,1m
AAPL,2026-04-08 14:52:00,258.46,258.67,258.38,258.46,50575.0,1m
AAPL,2026-04-08 14:53:00,258.43,258.62,258.35,258.56,36164.0,1m
AAPL,2026-04-08 14:54:00,258.56,258.74,258.5,258.69,58296.0,1m
AAPL,2026-04-08 14:55:00,258.67,258.67,258.46,258.5,41344.0,1m
AAPL,2026-04-08 14:56:00,258.51,258.69,258.38,258.61,57250.0,1m
AAPL,2026-04-08 14:57:00,258.6,258.74,258.55,258.65,48996.0,1m
AAPL,2026-04-08 14:58:00,258.63,258.75,258.61,258.65,30417.0,1m
AAPL,2026-04-08 14:59:00,258.66,258.9,258.65,258.9,47961.0,1m
AAPL,2026-04-08 15:00:00,258.92,259.07,258.86,258.92,60956.0,1m
AAPL,2026-04-08 15:01:00,258.93,259.31,258.93,259.31,45343.0,1m
AAPL,2026-04-08 15:02:00,259.32,259.5,259.16,259.26,84345.0,1m
AAPL,2026-04-08 15:03:00,259.26,259.46,259.26,259.39,52941.0,1m
AAPL,2026-04-08 15:04:00,259.42,259.44,259.25,259.4,74665.0,1m
AAPL,2026-04-08 15:05:00,259.41,259.51,259.35,259.39,56578.0,1m
AAPL,2026-04-08 15:06:00,259.4,259.4,259.23,259.32,37106.0,1m
AAPL,2026-04-08 15:07:00,259.34,259.51,259.28,259.32,44997.0,1m
AAPL,2026-04-08 15:08:00,259.35,259.37,259.1,259.15,78383.0,1m
AAPL,2026-04-08 15:09:00,259.16,259.16,258.77,258.79,66141.0,1m
AAPL,2026-04-08 15:10:00,258.82,258.83,258.44,258.52,59989.0,1m
AAPL,2026-04-08 15:11:00,258.5,258.69,258.4,258.49,52004.0,1m
AAPL,2026-04-08 15:12:00,258.47,258.51,258.29,258.35,64571.0,1m
AAPL,2026-04-08 15:13:00,258.37,258.52,258.3,258.45,42239.0,1m
AAPL,2026-04-08 15:14:00,258.4,258.43,258.27,258.36,41678.0,1m
AAPL,2026-04-08 15:15:00,258.37,258.41,258.23,258.4,63236.0,1m
AAPL,2026-04-08 15:16:00,258.39,258.4,258.21,258.29,40093.0,1m
AAPL,2026-04-08 15:17:00,258.31,258.47,258.29,258.4,25551.0,1m
AAPL,2026-04-08 15:18:00,258.41,258.44,258.26,258.28,32897.0,1m
AAPL,2026-04-08 15:19:00,258.27,258.3,258.06,258.29,62926.0,1m
AAPL,2026-04-08 15:20:00,258.29,258.29,258.13,258.23,30926.0,1m
AAPL,2026-04-08 15:21:00,258.24,258.24,258.1,258.23,48401.0,1m
AAPL,2026-04-08 15:22:00,258.23,258.23,257.85,257.98,63637.0,1m
AAPL,2026-04-08 15:23:00,258.0,258.08,257.82,257.98,28499.0,1m
AAPL,2026-04-08 15:24:00,258.0,258.08,257.83,257.91,61961.0,1m
AAPL,2026-04-08 15:25:00,257.89,257.92,257.64,257.66,39371.0,1m
AAPL,2026-04-08 15:26:00,257.66,257.94,257.58,257.91,46040.0,1m
AAPL,2026-04-08 15:27:00,257.92,257.97,257.8,257.88,55924.0,1m
AAPL,2026-04-08 15:28:00,257.85,257.91,257.72,257.75,42488.0,1m
AAPL,2026-04-08 15:29:00,257.76,257.76,257.51,257.51,32262.0,1m
AAPL,2026-04-08 15:30:00,257.52,257.54,257.36,257.44,98544.0,1m
AAPL,2026-04-08 15:31:00,257.46,257.59,257.37,257.56,40629.0,1m
AAPL,2026-04-08 15:32:00,257.54,257.71,257.48,257.67,57195.0,1m
AAPL,2026-04-08 15:33:00,257.67,257.78,257.59,257.77,24144.0,1m
AAPL,2026-04-08 15:34:00,257.76,258.05,257.76,258.0,89244.0,1m
AAPL,2026-04-08 15:35:00,258.0,258.05,257.84,257.87,50124.0,1m
AAPL,2026-04-08 15:36:00,257.79,258.04,257.79,257.91,25553.0,1m
AAPL,2026-04-08 15:37:00,257.9,257.92,257.74,257.88,35210.0,1m
AAPL,2026-04-08 15:38:00,257.88,257.92,257.83,257.9,16749.0,1m
AAPL,2026-04-08 15:39:00,257.92,257.99,257.88,257.93,15705.0,1m
AAPL,2026-04-08 15:40:00,257.92,257.94,257.75,257.84,41050.0,1m
AAPL,2026-04-08 15:41:00,257.84,257.99,257.79,257.99,16904.0,1m
AAPL,2026-04-08 15:42:00,257.97,258.03,257.9,258.02,32278.0,1m
AAPL,2026-04-08 15:43:00,258.02,258.21,257.95,258.11,75995.0,1m
AAPL,2026-04-08 15:44:00,258.11,258.11,257.95,258.08,27281.0,1m
AAPL,2026-04-08 15:45:00,258.1,258.28,258.1,258.24,29096.0,1m
AAPL,2026-04-08 15:46:00,258.23,258.39,258.2,258.36,32005.0,1m
AAPL,2026-04-08 15:47:00,258.35,258.4,258.29,258.31,26358.0,1m
AAPL,2026-04-08 15:48:00,258.3,258.31,258.0,258.06,31343.0,1m
AAPL,2026-04-08 15:49:00,258.08,258.1,257.98,257.99,24769.0,1m
AAPL,2026-04-08 15:50:00,257.98,258.07,257.98,258.0,36880.0,1m
AAPL,2026-04-08 15:51:00,258.01,258.1,257.83,257.84,32106.0,1m
AAPL,2026-04-08 15:52:00,257.85,257.86,257.57,257.62,32706.0,1m
AAPL,2026-04-08 15:53:00,257.62,257.65,257.48,257.62,31453.0,1m
AAPL,2026-04-08 15:54:00,257.64,257.66,257.56,257.61,30655.0,1m
AAPL,2026-04-08 15:55:00,257.62,257.64,257.41,257.6,61265.0,1m
AAPL,2026-04-08 15:56:00,257.6,257.69,257.52,257.54,52407.0,1m
AAPL,2026-04-08 15:57:00,257.54,257.66,257.51,257.65,19254.0,1m
AAPL,2026-04-08 15:58:00,257.65,257.75,257.62,257.64,29239.0,1m
AAPL,2026-04-08 15:59:00,257.65,257.65,257.5,257.62,16507.0,1m
AAPL,2026-04-08 16:00:00,257.62,257.89,257.54,257.85,22962.0,1m
AAPL,2026-04-08 16:01:00,257.87,258.09,257.87,258.0,30231.0,1m
AAPL,2026-04-08 16:02:00,258.0,258.12,257.98,258.12,38226.0,1m
AAPL,2026-04-08 16:03:00,258.11,258.21,258.07,258.12,52202.0,1m
AAPL,2026-04-08 16:04:00,258.13,258.13,257.94,258.02,35944.0,1m
AAPL,2026-04-08 16:05:00,258.02,258.08,257.99,258.01,21262.0,1m
AAPL,2026-04-08 16:06:00,257.99,258.06,257.91,257.92,27294.0,1m
AAPL,2026-04-08 16:07:00,257.9,257.96,257.86,257.96,16815.0,1m
AAPL,2026-04-08 16:08:00,257.97,258.01,257.92,257.99,16566.0,1m
AAPL,2026-04-08 16:09:00,257.98,258.0,257.8,257.82,13790.0,1m
AAPL,2026-04-08 16:10:00,257.81,257.81,257.67,257.8,25976.0,1m
AAPL,2026-04-08 16:11:00,257.79,257.89,257.71,257.89,19464.0,1m
AAPL,2026-04-08 16:12:00,257.88,257.95,257.79,257.81,15131.0,1m
AAPL,2026-04-08 16:13:00,257.79,257.82,257.74,257.8,19501.0,1m
AAPL,2026-04-08 16:14:00,257.81,257.83,257.51,257.52,40538.0,1m
AAPL,2026-04-08 16:15:00,257.54,257.56,257.3,257.32,33656.0,1m
AAPL,2026-04-08 16:16:00,257.32,257.33,257.13,257.22,65324.0,1m
AAPL,2026-04-08 16:17:00,257.21,257.25,257.12,257.15,19327.0,1m
AAPL,2026-04-08 16:18:00,257.13,257.29,257.1,257.26,35229.0,1m
AAPL,2026-04-08 16:19:00,257.26,257.33,257.11,257.17,46755.0,1m
AAPL,2026-04-08 16:20:00,257.15,257.33,257.15,257.26,35221.0,1m
AAPL,2026-04-08 16:21:00,257.26,257.42,257.23,257.35,27130.0,1m
AAPL,2026-04-08 16:22:00,257.35,257.46,257.23,257.44,24456.0,1m
AAPL,2026-04-08 16:23:00,257.44,257.48,257.32,257.45,15162.0,1m
AAPL,2026-04-08 16:24:00,257.49,257.52,257.44,257.47,23815.0,1m
AAPL,2026-04-08 16:25:00,257.48,257.52,257.34,257.36,21973.0,1m
AAPL,2026-04-08 16:26:00,257.37,257.56,257.36,257.51,28142.0,1m
AAPL,2026-04-08 16:27:00,257.51,257.53,257.43,257.48,16168.0,1m
AAPL,2026-04-08 16:28:00,257.5,257.52,257.39,257.43,19730.0,1m
AAPL,2026-04-08 16:29:00,257.44,257.46,257.34,257.43,20244.0,1m
AAPL,2026-04-08 16:30:00,257.43,257.58,257.42,257.48,31110.0,1m
AAPL,2026-04-08 16:31:00,257.49,257.61,257.49,257.56,21845.0,1m
AAPL,2026-04-08 16:32:00,257.57,257.8,257.57,257.75,35915.0,1m
AAPL,2026-04-08 16:33:00,257.76,257.81,257.73,257.8,25348.0,1m
AAPL,2026-04-08 16:34:00,257.81,257.9,257.78,257.9,22101.0,1m
AAPL,2026-04-08 16:35:00,257.89,258.02,257.88,257.97,38963.0,1m
AAPL,2026-04-08 16:36:00,257.96,257.97,257.88,257.93,9697.0,1m
AAPL,2026-04-08 16:37:00,257.94,258.0,257.77,257.83,51886.0,1m
AAPL,2026-04-08 16:38:00,257.82,257.9,257.73,257.78,35876.0,1m
AAPL,2026-04-08 16:39:00,257.81,257.94,257.78,257.86,44477.0,1m
AAPL,2026-04-08 16:40:00,257.84,257.98,257.79,257.98,39752.0,1m
AAPL,2026-04-08 16:41:00,257.97,258.02,257.95,258.0,37009.0,1m
AAPL,2026-04-08 16:42:00,258.0,258.18,258.0,258.08,79448.0,1m
AAPL,2026-04-08 16:43:00,258.08,258.13,258.02,258.06,21553.0,1m
AAPL,2026-04-08 16:44:00,258.08,258.34,258.07,258.32,38063.0,1m
AAPL,2026-04-08 16:45:00,258.3,258.45,258.26,258.31,28745.0,1m
AAPL,2026-04-08 16:46:00,258.31,258.35,258.22,258.23,21851.0,1m
AAPL,2026-04-08 16:47:00,258.23,258.33,258.21,258.31,19642.0,1m
AAPL,2026-04-08 16:48:00,258.32,258.42,258.31,258.33,19973.0,1m
AAPL,2026-04-08 16:49:00,258.32,258.34,258.23,258.31,17650.0,1m
AAPL,2026-04-08 16:50:00,258.31,258.34,258.22,258.3,18490.0,1m
AAPL,2026-04-08 16:51:00,258.32,258.47,258.3,258.47,17802.0,1m
AAPL,2026-04-08 16:52:00,258.47,258.47,258.36,258.38,17184.0,1m
AAPL,2026-04-08 16:53:00,258.37,258.56,258.37,258.53,68996.0,1m
AAPL,2026-04-08 16:54:00,258.53,258.53,258.42,258.49,16237.0,1m
AAPL,2026-04-08 16:55:00,258.5,258.55,258.39,258.43,19788.0,1m
AAPL,2026-04-08 16:56:00,258.44,258.61,258.44,258.61,26301.0,1m
AAPL,2026-04-08 16:57:00,258.61,258.69,258.58,258.59,20886.0,1m
AAPL,2026-04-08 16:58:00,258.59,258.63,258.42,258.42,26454.0,1m
AAPL,2026-04-08 16:59:00,258.44,258.44,258.35,258.42,28376.0,1m
AAPL,2026-04-08 17:00:00,258.41,258.5,258.39,258.48,19680.0,1m
AAPL,2026-04-08 17:01:00,258.49,258.62,258.48,258.6,22240.0,1m
AAPL,2026-04-08 17:02:00,258.59,258.6,258.48,258.55,23714.0,1m
AAPL,2026-04-08 17:03:00,258.54,258.63,258.45,258.45,31930.0,1m
AAPL,2026-04-08 17:04:00,258.45,258.45,258.35,258.42,29264.0,1m
AAPL,2026-04-08 17:05:00,258.42,258.45,258.33,258.42,31881.0,1m
AAPL,2026-04-08 17:06:00,258.43,258.44,258.36,258.38,21292.0,1m
AAPL,2026-04-08 17:07:00,258.36,258.4,258.31,258.38,28068.0,1m
AAPL,2026-04-08 17:08:00,258.38,258.42,258.13,258.13,36444.0,1m
AAPL,2026-04-08 17:09:00,258.18,258.28,258.15,258.25,42363.0,1m
AAPL,2026-04-08 17:10:00,258.27,258.5,258.26,258.45,42471.0,1m
AAPL,2026-04-08 17:11:00,258.48,258.5,258.38,258.49,28570.0,1m
AAPL,2026-04-08 17:12:00,258.5,258.57,258.28,258.28,27367.0,1m
AAPL,2026-04-08 17:13:00,258.26,258.42,258.24,258.39,18662.0,1m
AAPL,2026-04-08 17:14:00,258.39,258.48,258.38,258.43,20559.0,1m
AAPL,2026-04-08 17:15:00,258.44,258.63,258.43,258.52,16833.0,1m
AAPL,2026-04-08 17:16:00,258.52,258.52,258.37,258.4,29335.0,1m
AAPL,2026-04-08 17:17:00,258.41,258.41,258.18,258.24,31299.0,1m
AAPL,2026-04-08 17:18:00,258.25,258.29,258.21,258.25,20332.0,1m
AAPL,2026-04-08 17:19:00,258.24,258.24,258.15,258.21,28456.0,1m
AAPL,2026-04-08 17:20:00,258.19,258.2,258.06,258.15,27281.0,1m
AAPL,2026-04-08 17:21:00,258.15,258.18,258.0,258.01,23917.0,1m
AAPL,2026-04-08 17:22:00,258.03,258.07,257.89,258.01,24645.0,1m
AAPL,2026-04-08 17:23:00,258.04,258.05,257.94,258.0,18702.0,1m
AAPL,2026-04-08 17:24:00,258.02,258.04,257.8,257.82,17456.0,1m
AAPL,2026-04-08 17:25:00,257.85,257.85,257.71,257.74,44136.0,1m
AAPL,2026-04-08 17:26:00,257.73,257.77,257.6,257.63,15343.0,1m
AAPL,2026-04-08 17:27:00,257.66,257.69,257.52,257.63,27352.0,1m
AAPL,2026-04-08 17:28:00,257.61,257.64,257.55,257.56,30961.0,1m
AAPL,2026-04-08 17:29:00,257.57,257.63,257.5,257.51,54209.0,1m
AAPL,2026-04-08 17:30:00,257.5,257.75,257.45,257.65,128501.0,1m
AAPL,2026-04-08 17:31:00,257.65,257.7,257.55,257.63,40206.0,1m
AAPL,2026-04-08 17:32:00,257.64,257.87,257.63,257.75,54729.0,1m
AAPL,2026-04-08 17:33:00,257.72,257.72,257.52,257.55,23547.0,1m
AAPL,2026-04-08 17:34:00,257.54,257.77,257.53,257.7,21328.0,1m
AAPL,2026-04-08 17:35:00,257.71,257.72,257.47,257.52,21785.0,1m
AAPL,2026-04-08 17:36:00,257.51,257.7,257.5,257.67,26238.0,1m
AAPL,2026-04-08 17:37:00,257.67,257.68,257.4,257.51,34627.0,1m
AAPL,2026-04-08 17:38:00,257.51,257.57,257.46,257.5,19169.0,1m
AAPL,2026-04-08 17:39:00,257.49,257.6,257.48,257.56,15370.0,1m
AAPL,2026-04-08 17:40:00,257.57,257.66,257.51,257.65,23797.0,1m
AAPL,2026-04-08 17:41:00,257.65,257.87,257.65,257.81,39070.0,1m
AAPL,2026-04-08 17:42:00,257.81,257.84,257.75,257.78,18440.0,1m
AAPL,2026-04-08 17:43:00,257.79,258.08,257.79,258.02,39495.0,1m
AAPL,2026-04-08 17:44:00,258.02,258.11,257.91,258.04,35078.0,1m
AAPL,2026-04-08 17:45:00,258.01,258.01,257.91,257.95,12818.0,1m
AAPL,2026-04-08 17:46:00,257.96,258.08,257.95,258.04,24966.0,1m
AAPL,2026-04-08 17:47:00,258.06,258.15,257.96,257.96,31782.0,1m
AAPL,2026-04-08 17:48:00,257.94,257.98,257.85,257.9,28537.0,1m
AAPL,2026-04-08 17:49:00,257.91,257.94,257.84,257.85,17201.0,1m
AAPL,2026-04-08 17:50:00,257.86,257.96,257.83,257.88,27956.0,1m
AAPL,2026-04-08 17:51:00,257.88,257.89,257.84,257.85,20999.0,1m
AAPL,2026-04-08 17:52:00,257.86,257.96,257.8,257.95,27785.0,1m
AAPL,2026-04-08 17:53:00,257.96,257.97,257.84,257.84,21377.0,1m
AAPL,2026-04-08 17:54:00,257.84,257.93,257.83,257.85,22237.0,1m
AAPL,2026-04-08 17:55:00,257.84,257.84,257.72,257.73,18259.0,1m
AAPL,2026-04-08 17:56:00,257.72,257.8,257.72,257.76,16830.0,1m
AAPL,2026-04-08 17:57:00,257.75,257.84,257.74,257.82,23149.0,1m
AAPL,2026-04-08 17:58:00,257.82,257.86,257.75,257.77,33387.0,1m
AAPL,2026-04-08 17:59:00,257.76,257.76,257.67,257.7,15648.0,1m
AAPL,2026-04-08 18:00:00,257.7,257.7,257.42,257.56,52961.0,1m
AAPL,2026-04-08 18:01:00,257.55,257.66,257.47,257.49,37197.0,1m
AAPL,2026-04-08 18:02:00,257.5,257.6,257.41,257.6,47219.0,1m
AAPL,2026-04-08 18:03:00,257.6,257.65,257.57,257.6,38855.0,1m
AAPL,2026-04-08 18:04:00,257.6,257.61,257.53,257.55,30457.0,1m
AAPL,2026-04-08 18:05:00,257.54,257.72,257.52,257.72,39590.0,1m
AAPL,2026-04-08 18:06:00,257.73,257.79,257.69,257.73,42365.0,1m
AAPL,2026-04-08 18:07:00,257.72,257.93,257.72,257.9,27140.0,1m
AAPL,2026-04-08 18:08:00,257.91,257.95,257.83,257.86,23018.0,1m
AAPL,2026-04-08 18:09:00,257.85,257.93,257.85,257.86,19059.0,1m
AAPL,2026-04-08 18:10:00,257.87,257.9,257.81,257.86,14991.0,1m
AAPL,2026-04-08 18:11:00,257.85,257.85,257.49,257.63,35855.0,1m
AAPL,2026-04-08 18:12:00,257.62,257.63,257.5,257.54,40154.0,1m
AAPL,2026-04-08 18:13:00,257.53,257.66,257.5,257.59,50127.0,1m
AAPL,2026-04-08 18:14:00,257.6,257.66,257.57,257.61,17271.0,1m
AAPL,2026-04-08 18:15:00,257.61,257.72,257.6,257.69,22310.0,1m
AAPL,2026-04-08 18:16:00,257.69,257.77,257.66,257.73,31057.0,1m
AAPL,2026-04-08 18:17:00,257.74,257.79,257.61,257.64,21576.0,1m
AAPL,2026-04-08 18:18:00,257.64,257.68,257.15,257.31,63005.0,1m
AAPL,2026-04-08 18:19:00,257.27,257.27,256.9,256.99,100525.0,1m
AAPL,2026-04-08 18:20:00,256.97,257.13,256.92,257.08,59094.0,1m
AAPL,2026-04-08 18:21:00,257.07,257.27,257.01,257.27,29955.0,1m
AAPL,2026-04-08 18:22:00,257.28,257.36,257.07,257.14,17008.0,1m
AAPL,2026-04-08 18:23:00,257.17,257.34,257.17,257.26,15974.0,1m
AAPL,2026-04-08 18:24:00,257.25,257.35,257.24,257.26,15027.0,1m
AAPL,2026-04-08 18:25:00,257.28,257.33,257.13,257.13,31019.0,1m
AAPL,2026-04-08 18:26:00,257.13,257.37,257.13,257.35,45527.0,1m
AAPL,2026-04-08 18:27:00,257.36,257.37,257.19,257.28,26460.0,1m
AAPL,2026-04-08 18:28:00,257.28,257.39,257.28,257.32,15725.0,1m
AAPL,2026-04-08 18:29:00,257.32,257.33,257.2,257.22,16491.0,1m
AAPL,2026-04-08 18:30:00,257.23,257.41,257.22,257.38,15302.0,1m
AAPL,2026-04-08 18:31:00,257.38,257.56,257.36,257.49,24034.0,1m
AAPL,2026-04-08 18:32:00,257.51,257.57,257.43,257.43,25984.0,1m
AAPL,2026-04-08 18:33:00,257.45,257.5,257.34,257.38,19277.0,1m
AAPL,2026-04-08 18:34:00,257.4,257.42,257.34,257.36,15914.0,1m
AAPL,2026-04-08 18:35:00,257.37,257.45,257.36,257.44,16798.0,1m
AAPL,2026-04-08 18:36:00,257.44,257.44,257.36,257.41,15155.0,1m
AAPL,2026-04-08 18:37:00,257.42,257.48,257.41,257.42,21512.0,1m
AAPL,2026-04-08 18:38:00,257.41,257.5,257.41,257.49,12807.0,1m
AAPL,2026-04-08 18:39:00,257.49,257.49,257.31,257.34,23193.0,1m
AAPL,2026-04-08 18:40:00,257.34,257.34,257.21,257.22,17629.0,1m
AAPL,2026-04-08 18:41:00,257.23,257.28,257.2,257.22,29929.0,1m
AAPL,2026-04-08 18:42:00,257.2,257.33,257.15,257.26,26945.0,1m
AAPL,2026-04-08 18:43:00,257.24,257.29,257.18,257.25,14305.0,1m
AAPL,2026-04-08 18:44:00,257.27,257.3,257.13,257.21,29054.0,1m
AAPL,2026-04-08 18:45:00,257.21,257.23,257.15,257.21,26020.0,1m
AAPL,2026-04-08 18:46:00,257.19,257.29,257.16,257.2,26072.0,1m
AAPL,2026-04-08 18:47:00,257.19,257.38,257.18,257.25,44693.0,1m
AAPL,2026-04-08 18:48:00,257.25,257.27,257.19,257.26,21527.0,1m
AAPL,2026-04-08 18:49:00,257.26,257.34,257.21,257.22,29396.0,1m
AAPL,2026-04-08 18:50:00,257.21,257.41,257.16,257.37,27503.0,1m
AAPL,2026-04-08 18:51:00,257.41,257.51,257.38,257.48,36559.0,1m
AAPL,2026-04-08 18:52:00,257.48,257.66,257.45,257.57,27643.0,1m
AAPL,2026-04-08 18:53:00,257.6,257.67,257.58,257.63,31845.0,1m
AAPL,2026-04-08 18:54:00,257.64,257.72,257.63,257.65,35395.0,1m
AAPL,2026-04-08 18:55:00,257.64,257.66,257.57,257.61,25232.0,1m
AAPL,2026-04-08 18:56:00,257.62,257.62,257.48,257.54,22207.0,1m
AAPL,2026-04-08 18:57:00,257.56,257.59,257.48,257.5,35709.0,1m
AAPL,2026-04-08 18:58:00,257.5,257.53,257.37,257.39,23989.0,1m
AAPL,2026-04-08 18:59:00,257.4,257.47,257.34,257.39,49193.0,1m
AAPL,2026-04-08 19:00:00,257.37,257.39,257.22,257.24,59591.0,1m
AAPL,2026-04-08 19:01:00,257.25,257.6,257.2,257.58,50101.0,1m
AAPL,2026-04-08 19:02:00,257.57,257.72,257.57,257.6,54191.0,1m
AAPL,2026-04-08 19:03:00,257.6,257.79,257.6,257.7,52700.0,1m
AAPL,2026-04-08 19:04:00,257.71,257.71,257.42,257.45,81808.0,1m
AAPL,2026-04-08 19:05:00,257.45,257.67,257.45,257.66,43315.0,1m
AAPL,2026-04-08 19:06:00,257.66,257.67,257.52,257.55,35879.0,1m
AAPL,2026-04-08 19:07:00,257.56,257.62,257.49,257.56,25973.0,1m
AAPL,2026-04-08 19:08:00,257.56,257.8,257.55,257.76,40526.0,1m
AAPL,2026-04-08 19:09:00,257.74,257.75,257.46,257.51,38338.0,1m
AAPL,2026-04-08 19:10:00,257.52,257.67,257.51,257.6,37922.0,1m
AAPL,2026-04-08 19:11:00,257.6,257.8,257.59,257.75,34949.0,1m
AAPL,2026-04-08 19:12:00,257.74,257.74,257.52,257.62,41429.0,1m
AAPL,2026-04-08 19:13:00,257.61,257.83,257.56,257.82,39627.0,1m
AAPL,2026-04-08 19:14:00,257.84,257.84,257.69,257.72,38749.0,1m
AAPL,2026-04-08 19:15:00,257.72,257.8,257.72,257.74,20682.0,1m
AAPL,2026-04-08 19:16:00,257.73,257.75,257.58,257.58,28409.0,1m
AAPL,2026-04-08 19:17:00,257.57,257.57,257.38,257.42,39339.0,1m
AAPL,2026-04-08 19:18:00,257.4,257.55,257.38,257.55,63361.0,1m
AAPL,2026-04-08 19:19:00,257.55,257.6,257.43,257.56,40528.0,1m
AAPL,2026-04-08 19:20:00,257.55,257.55,257.27,257.29,55864.0,1m
AAPL,2026-04-08 19:21:00,257.32,257.42,257.29,257.4,60017.0,1m
AAPL,2026-04-08 19:22:00,257.43,257.48,257.37,257.37,50348.0,1m
AAPL,2026-04-08 19:23:00,257.38,257.48,257.34,257.48,48284.0,1m
AAPL,2026-04-08 19:24:00,257.46,257.64,257.46,257.61,58695.0,1m
AAPL,2026-04-08 19:25:00,257.63,257.77,257.63,257.66,43892.0,1m
AAPL,2026-04-08 19:26:00,257.66,257.7,257.51,257.51,26500.0,1m
AAPL,2026-04-08 19:27:00,257.51,257.52,257.37,257.37,42176.0,1m
AAPL,2026-04-08 19:28:00,257.4,257.44,257.3,257.33,24291.0,1m
AAPL,2026-04-08 19:29:00,257.33,257.33,257.09,257.2,66691.0,1m
AAPL,2026-04-08 19:30:00,257.18,257.52,257.18,257.5,35730.0,1m
AAPL,2026-04-08 19:31:00,257.5,257.72,257.5,257.68,37725.0,1m
AAPL,2026-04-08 19:32:00,257.67,257.72,257.47,257.56,30283.0,1m
AAPL,2026-04-08 19:33:00,257.57,257.63,257.51,257.62,17159.0,1m
AAPL,2026-04-08 19:34:00,257.6,257.87,257.59,257.87,49828.0,1m
AAPL,2026-04-08 19:35:00,257.87,258.01,257.79,257.79,107532.0,1m
AAPL,2026-04-08 19:36:00,257.78,258.02,257.75,257.97,64710.0,1m
AAPL,2026-04-08 19:37:00,257.98,258.06,257.92,258.0,55520.0,1m
AAPL,2026-04-08 19:38:00,257.99,258.03,257.83,257.84,32104.0,1m
AAPL,2026-04-08 19:39:00,257.87,258.08,257.85,258.08,54089.0,1m
AAPL,2026-04-08 19:40:00,258.07,258.28,258.0,258.22,53778.0,1m
AAPL,2026-04-08 19:41:00,258.22,258.23,257.68,257.7,35068.0,1m
AAPL,2026-04-08 19:42:00,257.71,257.82,257.71,257.77,36526.0,1m
AAPL,2026-04-08 19:43:00,257.79,257.98,257.79,257.98,48917.0,1m
AAPL,2026-04-08 19:44:00,257.99,258.06,257.95,258.04,32841.0,1m
AAPL,2026-04-08 19:45:00,258.05,258.2,258.02,258.13,39474.0,1m
AAPL,2026-04-08 19:46:00,258.14,258.19,258.05,258.05,51186.0,1m
AAPL,2026-04-08 19:47:00,258.04,258.16,257.98,258.16,46687.0,1m
AAPL,2026-04-08 19:48:00,258.16,258.16,258.05,258.12,46622.0,1m
AAPL,2026-04-08 19:49:00,258.14,258.22,258.07,258.22,72413.0,1m
AAPL,2026-04-08 19:50:00,258.21,258.53,258.2,258.28,179382.0,1m
AAPL,2026-04-08 19:51:00,258.28,258.42,258.24,258.25,75799.0,1m
AAPL,2026-04-08 19:52:00,258.26,258.38,258.16,258.25,88503.0,1m
AAPL,2026-04-08 19:53:00,258.24,258.5,258.17,258.35,83424.0,1m
AAPL,2026-04-08 19:54:00,258.36,258.54,258.3,258.37,172359.0,1m
AAPL,2026-04-08 19:55:00,258.37,258.49,258.17,258.27,99454.0,1m
AAPL,2026-04-08 19:56:00,258.27,258.46,258.27,258.38,84428.0,1m
AAPL,2026-04-08 19:57:00,258.38,258.57,258.36,258.47,136900.0,1m
AAPL,2026-04-08 19:58:00,258.48,258.55,258.42,258.48,219772.0,1m
AAPL,2026-04-08 19:59:00,258.47,259.04,258.47,258.93,556385.0,1m
AAPL,2026-04-09 13:30:00,259.0,260.03,258.49,258.79,573107.0,1m
AAPL,2026-04-09 13:31:00,258.85,258.92,258.41,258.9,50465.0,1m
AAPL,2026-04-09 13:32:00,258.93,259.2,258.93,259.09,59118.0,1m
AAPL,2026-04-09 13:33:00,259.04,259.18,258.86,259.03,47364.0,1m
AAPL,2026-04-09 13:34:00,259.04,259.07,258.75,258.88,38933.0,1m
AAPL,2026-04-09 13:35:00,258.91,258.98,258.55,258.77,89287.0,1m
AAPL,2026-04-09 13:36:00,258.75,258.87,258.41,258.52,73514.0,1m
AAPL,2026-04-09 13:37:00,258.54,258.83,258.42,258.83,52896.0,1m
AAPL,2026-04-09 13:38:00,258.82,258.9,258.74,258.81,33849.0,1m
AAPL,2026-04-09 13:39:00,258.84,258.9,258.66,258.88,29990.0,1m
AAPL,2026-04-09 13:40:00,258.89,258.97,258.51,258.57,46906.0,1m
AAPL,2026-04-09 13:41:00,258.56,258.59,258.11,258.33,43717.0,1m
AAPL,2026-04-09 13:42:00,258.32,258.35,258.07,258.14,59606.0,1m
AAPL,2026-04-09 13:43:00,258.12,258.29,258.04,258.17,29680.0,1m
AAPL,2026-04-09 13:44:00,258.13,258.13,257.96,257.98,34046.0,1m
AAPL,2026-04-09 13:45:00,257.99,258.1,257.83,258.0,79861.0,1m
AAPL,2026-04-09 13:46:00,258.0,258.36,257.85,258.25,82265.0,1m
AAPL,2026-04-09 13:47:00,258.23,258.3,258.0,258.27,34375.0,1m
AAPL,2026-04-09 13:48:00,258.28,258.33,258.04,258.05,26599.0,1m
AAPL,2026-04-09 13:49:00,258.02,258.03,257.8,257.88,40580.0,1m
AAPL,2026-04-09 13:50:00,257.87,257.92,257.41,257.44,65513.0,1m
AAPL,2026-04-09 13:51:00,257.46,257.59,257.23,257.24,50068.0,1m
AAPL,2026-04-09 13:52:00,257.27,257.39,257.22,257.32,39582.0,1m
AAPL,2026-04-09 13:53:00,257.31,257.46,257.24,257.29,42847.0,1m
AAPL,2026-04-09 13:54:00,257.29,257.35,256.9,256.91,93393.0,1m
AAPL,2026-04-09 13:55:00,256.92,257.02,256.7,256.81,72900.0,1m
AAPL,2026-04-09 13:56:00,256.8,256.82,256.6,256.69,61952.0,1m
AAPL,2026-04-09 13:57:00,256.69,256.77,256.57,256.65,35121.0,1m
AAPL,2026-04-09 13:58:00,256.65,256.68,256.45,256.46,75065.0,1m
AAPL,2026-04-09 13:59:00,256.48,256.48,256.11,256.23,163033.0,1m
AAPL,2026-04-09 14:00:00,256.23,256.52,256.07,256.48,90502.0,1m
AAPL,2026-04-09 14:01:00,256.48,256.69,256.37,256.66,54301.0,1m
AAPL,2026-04-09 14:02:00,256.7,256.94,256.68,256.88,57412.0,1m
AAPL,2026-04-09 14:03:00,256.88,256.94,256.77,256.93,69255.0,1m
AAPL,2026-04-09 14:04:00,256.92,257.03,256.88,257.02,55944.0,1m
AAPL,2026-04-09 14:05:00,256.97,257.12,256.94,257.07,57542.0,1m
AAPL,2026-04-09 14:06:00,257.06,257.08,256.95,257.0,43567.0,1m
AAPL,2026-04-09 14:07:00,256.98,257.15,256.86,257.09,59649.0,1m
AAPL,2026-04-09 14:08:00,257.09,257.59,257.08,257.59,60094.0,1m
AAPL,2026-04-09 14:09:00,257.6,257.64,257.35,257.44,37254.0,1m
AAPL,2026-04-09 14:10:00,257.44,257.57,257.39,257.5,28212.0,1m
AAPL,2026-04-09 14:11:00,257.52,257.87,257.5,257.86,70987.0,1m
AAPL,2026-04-09 14:12:00,257.87,258.18,257.75,258.11,80303.0,1m
AAPL,2026-04-09 14:13:00,258.13,258.13,257.85,257.86,47062.0,1m
AAPL,2026-04-09 14:14:00,257.84,257.86,257.59,257.73,78991.0,1m
AAPL,2026-04-09 14:15:00,257.72,257.89,257.69,257.76,36344.0,1m
AAPL,2026-04-09 14:16:00,257.77,258.11,257.72,258.06,91468.0,1m
AAPL,2026-04-09 14:17:00,258.09,258.14,257.85,257.93,39366.0,1m
AAPL,2026-04-09 14:18:00,257.92,257.97,257.69,257.96,42771.0,1m
AAPL,2026-04-09 14:19:00,257.96,258.06,257.92,257.95,75205.0,1m
AAPL,2026-04-09 14:20:00,257.94,258.04,257.81,257.95,71732.0,1m
AAPL,2026-04-09 14:21:00,257.96,258.12,257.91,257.91,56168.0,1m
AAPL,2026-04-09 14:22:00,257.97,257.97,257.9,257.94,22208.0,1m
AAPL,2026-04-09 14:23:00,257.94,258.1,257.9,257.94,25463.0,1m
AAPL,2026-04-09 14:24:00,257.95,258.0,257.85,257.96,46581.0,1m
AAPL,2026-04-09 14:25:00,257.96,257.98,257.82,257.86,32136.0,1m
AAPL,2026-04-09 14:26:00,257.89,257.9,257.73,257.86,46407.0,1m
AAPL,2026-04-09 14:27:00,257.86,257.94,257.62,257.64,42002.0,1m
AAPL,2026-04-09 14:28:00,257.64,257.66,257.5,257.56,46053.0,1m
AAPL,2026-04-09 14:29:00,257.56,257.88,257.45,257.84,42112.0,1m
AAPL,2026-04-09 14:30:00,257.81,257.98,257.7,257.76,31797.0,1m
AAPL,2026-04-09 14:31:00,257.73,257.84,257.7,257.79,22973.0,1m
AAPL,2026-04-09 14:32:00,257.79,257.98,257.78,257.94,14039.0,1m
AAPL,2026-04-09 14:33:00,257.93,258.04,257.84,257.88,27939.0,1m
AAPL,2026-04-09 14:34:00,257.89,257.92,257.84,257.91,18247.0,1m
AAPL,2026-04-09 14:35:00,257.91,258.06,257.8,257.97,52788.0,1m
AAPL,2026-04-09 14:36:00,257.97,258.17,257.94,258.03,87394.0,1m
AAPL,2026-04-09 14:37:00,258.02,258.05,257.92,257.97,21988.0,1m
AAPL,2026-04-09 14:38:00,257.96,257.97,257.7,257.81,42512.0,1m
AAPL,2026-04-09 14:39:00,257.81,258.18,257.78,258.07,32008.0,1m
AAPL,2026-04-09 14:40:00,258.07,258.12,257.97,258.12,17951.0,1m
AAPL,2026-04-09 14:41:00,258.13,258.26,258.11,258.15,31458.0,1m
AAPL,2026-04-09 14:42:00,258.16,258.21,258.12,258.18,32246.0,1m
AAPL,2026-04-09 14:43:00,258.19,258.26,258.04,258.11,25272.0,1m
AAPL,2026-04-09 14:44:00,258.1,258.11,257.94,258.0,24367.0,1m
AAPL,2026-04-09 14:45:00,257.98,258.15,257.98,258.12,51114.0,1m
AAPL,2026-04-09 14:46:00,258.12,258.13,257.97,258.01,17494.0,1m
AAPL,2026-04-09 14:47:00,258.01,258.01,257.81,257.81,23639.0,1m
AAPL,2026-04-09 14:48:00,257.81,257.9,257.77,257.79,16556.0,1m
AAPL,2026-04-09 14:49:00,257.78,257.78,257.61,257.62,22859.0,1m
AAPL,2026-04-09 14:50:00,257.6,257.71,257.56,257.61,20847.0,1m
AAPL,2026-04-09 14:51:00,257.62,257.68,257.58,257.62,26321.0,1m
AAPL,2026-04-09 14:52:00,257.63,257.73,257.58,257.59,37384.0,1m
AAPL,2026-04-09 14:53:00,257.6,257.68,257.54,257.66,23970.0,1m
AAPL,2026-04-09 14:54:00,257.66,257.74,257.6,257.63,21972.0,1m
AAPL,2026-04-09 14:55:00,257.65,257.79,257.61,257.72,32707.0,1m
AAPL,2026-04-09 14:56:00,257.73,257.75,257.59,257.61,13179.0,1m
AAPL,2026-04-09 14:57:00,257.62,257.65,257.51,257.53,14527.0,1m
AAPL,2026-04-09 14:58:00,257.53,257.56,257.35,257.36,33200.0,1m
AAPL,2026-04-09 14:59:00,257.36,257.65,257.35,257.65,30313.0,1m
AAPL,2026-04-09 15:00:00,257.65,257.84,257.6,257.78,33293.0,1m
AAPL,2026-04-09 15:01:00,257.78,257.85,257.67,257.75,31941.0,1m
AAPL,2026-04-09 15:02:00,257.75,257.8,257.61,257.67,10909.0,1m
AAPL,2026-04-09 15:03:00,257.69,257.81,257.67,257.76,17653.0,1m
AAPL,2026-04-09 15:04:00,257.76,257.82,257.5,257.57,61373.0,1m
AAPL,2026-04-09 15:05:00,257.57,257.62,257.53,257.56,19323.0,1m
AAPL,2026-04-09 15:06:00,257.59,257.63,257.5,257.62,12982.0,1m
AAPL,2026-04-09 15:07:00,257.61,257.79,257.6,257.72,17062.0,1m
AAPL,2026-04-09 15:08:00,257.7,257.7,257.58,257.6,16657.0,1m
AAPL,2026-04-09 15:09:00,257.59,257.6,257.53,257.54,13127.0,1m
AAPL,2026-04-09 15:10:00,257.53,257.53,257.36,257.49,23287.0,1m
AAPL,2026-04-09 15:11:00,257.5,257.6,257.5,257.53,9706.0,1m
AAPL,2026-04-09 15:12:00,257.53,257.62,257.51,257.6,26006.0,1m
AAPL,2026-04-09 15:13:00,257.6,257.65,257.52,257.58,15930.0,1m
AAPL,2026-04-09 15:14:00,257.58,257.73,257.58,257.69,19728.0,1m
AAPL,2026-04-09 15:15:00,257.69,257.8,257.67,257.76,33420.0,1m
AAPL,2026-04-09 15:16:00,257.75,257.83,257.63,257.65,34902.0,1m
AAPL,2026-04-09 15:17:00,257.65,257.68,257.58,257.63,11576.0,1m
AAPL,2026-04-09 15:18:00,257.6,257.64,257.58,257.6,18010.0,1m
AAPL,2026-04-09 15:19:00,257.6,257.75,257.54,257.7,31765.0,1m
AAPL,2026-04-09 15:20:00,257.69,257.84,257.68,257.76,35715.0,1m
AAPL,2026-04-09 15:21:00,257.76,257.85,257.75,257.76,22919.0,1m
AAPL,2026-04-09 15:22:00,257.76,257.92,257.71,257.86,42647.0,1m
AAPL,2026-04-09 15:23:00,257.85,257.89,257.74,257.89,14247.0,1m
AAPL,2026-04-09 15:24:00,257.89,257.93,257.77,257.83,23267.0,1m
AAPL,2026-04-09 15:25:00,257.83,257.84,257.69,257.79,24849.0,1m
AAPL,2026-04-09 15:26:00,257.78,257.78,257.57,257.61,22009.0,1m
AAPL,2026-04-09 15:27:00,257.6,257.6,257.38,257.43,87922.0,1m
AAPL,2026-04-09 15:28:00,257.42,257.52,257.39,257.51,12141.0,1m
AAPL,2026-04-09 15:29:00,257.52,257.58,257.49,257.53,17287.0,1m
AAPL,2026-04-09 15:30:00,257.51,257.7,257.47,257.62,18851.0,1m
AAPL,2026-04-09 15:31:00,257.64,257.69,257.54,257.58,22371.0,1m
AAPL,2026-04-09 15:32:00,257.57,258.29,257.53,258.11,127241.0,1m
AAPL,2026-04-09 15:33:00,258.07,258.32,258.01,258.17,35724.0,1m
AAPL,2026-04-09 15:34:00,258.14,258.16,257.89,258.02,28571.0,1m
AAPL,2026-04-09 15:35:00,258.03,258.2,258.02,258.12,37889.0,1m
AAPL,2026-04-09 15:36:00,258.11,258.12,258.01,258.06,17307.0,1m
AAPL,2026-04-09 15:37:00,258.13,258.13,257.83,257.84,15790.0,1m
AAPL,2026-04-09 15:38:00,257.8,257.8,257.6,257.63,35322.0,1m
AAPL,2026-04-09 15:39:00,257.63,257.77,257.59,257.75,16476.0,1m
AAPL,2026-04-09 15:40:00,257.74,257.86,257.71,257.74,17145.0,1m
AAPL,2026-04-09 15:41:00,257.72,257.78,257.64,257.77,16307.0,1m
AAPL,2026-04-09 15:42:00,257.78,257.8,257.69,257.78,23998.0,1m
AAPL,2026-04-09 15:43:00,257.8,257.96,257.79,257.93,21714.0,1m
AAPL,2026-04-09 15:44:00,257.95,257.96,257.75,257.79,21233.0,1m
AAPL,2026-04-09 15:45:00,257.79,257.89,257.7,257.88,23098.0,1m
AAPL,2026-04-09 15:46:00,257.88,258.02,257.87,258.02,15659.0,1m
AAPL,2026-04-09 15:47:00,258.01,258.21,257.96,258.19,37776.0,1m
AAPL,2026-04-09 15:48:00,258.23,258.47,258.18,258.46,55941.0,1m
AAPL,2026-04-09 15:49:00,258.47,258.47,258.24,258.27,76956.0,1m
AAPL,2026-04-09 15:50:00,258.24,258.29,258.16,258.25,25550.0,1m
AAPL,2026-04-09 15:51:00,258.26,258.28,258.19,258.21,22856.0,1m
AAPL,2026-04-09 15:52:00,258.23,258.26,258.1,258.25,13542.0,1m
AAPL,2026-04-09 15:53:00,258.24,258.3,258.2,258.23,14403.0,1m
AAPL,2026-04-09 15:54:00,258.22,258.4,258.21,258.39,46274.0,1m
AAPL,2026-04-09 15:55:00,258.39,258.58,258.38,258.51,61666.0,1m
AAPL,2026-04-09 15:56:00,258.52,258.62,258.51,258.6,40493.0,1m
AAPL,2026-04-09 15:57:00,258.59,258.61,258.45,258.48,30364.0,1m
AAPL,2026-04-09 15:58:00,258.49,258.71,258.46,258.69,30154.0,1m
AAPL,2026-04-09 15:59:00,258.7,258.7,258.6,258.69,47711.0,1m
AAPL,2026-04-09 16:00:00,258.68,258.81,258.64,258.8,23072.0,1m
AAPL,2026-04-09 16:01:00,258.79,259.14,258.75,259.07,64630.0,1m
AAPL,2026-04-09 16:02:00,259.1,259.24,259.05,259.16,32957.0,1m
AAPL,2026-04-09 16:03:00,259.14,259.47,259.11,259.35,71712.0,1m
AAPL,2026-04-09 16:04:00,259.35,259.37,259.13,259.16,38282.0,1m
AAPL,2026-04-09 16:05:00,259.16,259.21,259.09,259.18,24999.0,1m
AAPL,2026-04-09 16:06:00,259.17,259.19,259.08,259.16,20485.0,1m
AAPL,2026-04-09 16:07:00,259.15,259.25,259.13,259.17,38852.0,1m
AAPL,2026-04-09 16:08:00,259.16,259.35,259.14,259.32,36195.0,1m
AAPL,2026-04-09 16:09:00,259.32,259.38,259.18,259.19,18087.0,1m
AAPL,2026-04-09 16:10:00,259.19,259.27,259.17,259.21,19049.0,1m
AAPL,2026-04-09 16:11:00,259.18,259.21,259.03,259.05,33515.0,1m
AAPL,2026-04-09 16:12:00,259.05,259.14,259.02,259.11,35914.0,1m
AAPL,2026-04-09 16:13:00,259.14,259.2,259.02,259.05,31470.0,1m
AAPL,2026-04-09 16:14:00,259.05,259.05,258.93,258.96,43153.0,1m
AAPL,2026-04-09 16:15:00,258.97,259.0,258.82,258.89,22607.0,1m
AAPL,2026-04-09 16:16:00,258.89,259.09,258.89,259.08,20541.0,1m
AAPL,2026-04-09 16:17:00,259.09,259.13,259.0,259.12,37022.0,1m
AAPL,2026-04-09 16:18:00,259.13,259.2,259.1,259.17,16322.0,1m
AAPL,2026-04-09 16:19:00,259.18,259.24,259.17,259.2,15299.0,1m
AAPL,2026-04-09 16:20:00,259.22,259.23,259.13,259.15,17088.0,1m
AAPL,2026-04-09 16:21:00,259.17,259.17,259.09,259.13,13168.0,1m
AAPL,2026-04-09 16:22:00,259.11,259.19,259.1,259.16,12879.0,1m
AAPL,2026-04-09 16:23:00,259.15,259.19,259.05,259.05,16793.0,1m
AAPL,2026-04-09 16:24:00,259.06,259.12,259.04,259.07,16959.0,1m
AAPL,2026-04-09 16:25:00,259.05,259.07,258.96,259.03,17247.0,1m
AAPL,2026-04-09 16:26:00,259.03,259.09,259.02,259.06,19334.0,1m
AAPL,2026-04-09 16:27:00,259.05,259.11,259.05,259.09,16794.0,1m
AAPL,2026-04-09 16:28:00,259.07,259.11,258.99,259.09,11222.0,1m
AAPL,2026-04-09 16:29:00,259.09,259.17,259.09,259.12,16938.0,1m
AAPL,2026-04-09 16:30:00,259.12,259.15,259.03,259.05,16230.0,1m
AAPL,2026-04-09 16:31:00,259.07,259.12,258.99,259.01,4989.0,1m
AAPL,2026-04-09 16:32:00,259.01,259.1,258.99,259.0,13345.0,1m
AAPL,2026-04-09 16:33:00,258.99,259.06,258.93,259.06,17085.0,1m
AAPL,2026-04-09 16:34:00,259.07,259.12,259.04,259.07,8876.0,1m
AAPL,2026-04-09 16:35:00,259.06,259.07,259.0,259.02,12062.0,1m
AAPL,2026-04-09 16:36:00,259.01,259.04,258.9,258.92,9724.0,1m
AAPL,2026-04-09 16:37:00,258.93,259.15,258.91,259.15,22292.0,1m
AAPL,2026-04-09 16:38:00,259.18,259.18,258.95,258.96,11739.0,1m
AAPL,2026-04-09 16:39:00,258.95,258.96,258.83,258.94,34867.0,1m
AAPL,2026-04-09 16:40:00,258.94,258.94,258.86,258.92,10122.0,1m
AAPL,2026-04-09 16:41:00,258.96,258.98,258.87,258.87,32963.0,1m
AAPL,2026-04-09 16:42:00,258.89,259.0,258.89,259.0,13015.0,1m
AAPL,2026-04-09 16:43:00,259.0,259.03,258.9,258.97,24665.0,1m
AAPL,2026-04-09 16:44:00,258.97,259.0,258.93,258.96,10329.0,1m
AAPL,2026-04-09 16:45:00,258.95,258.95,258.88,258.92,10938.0,1m
AAPL,2026-04-09 16:46:00,258.92,259.01,258.9,258.95,7540.0,1m
AAPL,2026-04-09 16:47:00,258.94,258.98,258.87,258.95,23580.0,1m
AAPL,2026-04-09 16:48:00,258.94,258.94,258.8,258.84,22990.0,1m
AAPL,2026-04-09 16:49:00,258.84,259.0,258.83,258.97,28355.0,1m
AAPL,2026-04-09 16:50:00,258.98,259.21,258.98,259.21,29018.0,1m
AAPL,2026-04-09 16:51:00,259.18,259.29,259.17,259.28,23713.0,1m
AAPL,2026-04-09 16:52:00,259.25,259.41,259.25,259.39,42869.0,1m
AAPL,2026-04-09 16:53:00,259.39,259.48,259.31,259.43,66805.0,1m
AAPL,2026-04-09 16:54:00,259.42,259.42,259.35,259.36,17490.0,1m
AAPL,2026-04-09 16:55:00,259.35,259.41,259.35,259.36,19235.0,1m
AAPL,2026-04-09 16:56:00,259.35,259.55,259.35,259.53,45513.0,1m
AAPL,2026-04-09 16:57:00,259.52,259.56,259.46,259.46,22247.0,1m
AAPL,2026-04-09 16:58:00,259.47,259.65,259.47,259.56,53280.0,1m
AAPL,2026-04-09 16:59:00,259.56,259.57,259.42,259.44,28728.0,1m
AAPL,2026-04-09 17:00:00,259.45,259.66,259.44,259.61,19428.0,1m
AAPL,2026-04-09 17:01:00,259.63,259.74,259.61,259.71,66263.0,1m
AAPL,2026-04-09 17:02:00,259.7,259.79,259.63,259.74,42576.0,1m
AAPL,2026-04-09 17:03:00,259.75,259.76,259.71,259.72,21913.0,1m
AAPL,2026-04-09 17:04:00,259.73,259.75,259.66,259.75,22141.0,1m
AAPL,2026-04-09 17:05:00,259.75,259.76,259.57,259.64,20157.0,1m
AAPL,2026-04-09 17:06:00,259.63,259.82,259.63,259.82,30171.0,1m
AAPL,2026-04-09 17:07:00,259.82,259.85,259.75,259.85,17362.0,1m
AAPL,2026-04-09 17:08:00,259.84,259.92,259.82,259.92,24763.0,1m
AAPL,2026-04-09 17:09:00,259.91,259.96,259.85,259.89,38151.0,1m
AAPL,2026-04-09 17:10:00,259.88,259.95,259.87,259.92,19137.0,1m
AAPL,2026-04-09 17:11:00,259.91,260.01,259.9,259.98,83428.0,1m
AAPL,2026-04-09 17:12:00,259.97,259.97,259.88,259.9,12766.0,1m
AAPL,2026-04-09 17:13:00,259.91,260.05,259.91,259.94,31758.0,1m
AAPL,2026-04-09 17:14:00,259.93,259.95,259.86,259.94,9348.0,1m
AAPL,2026-04-09 17:15:00,259.94,260.11,259.92,260.06,45000.0,1m
AAPL,2026-04-09 17:16:00,260.08,260.09,260.02,260.06,31528.0,1m
AAPL,2026-04-09 17:17:00,260.06,260.23,260.05,260.2,46563.0,1m
AAPL,2026-04-09 17:18:00,260.19,260.37,260.15,260.37,34638.0,1m
AAPL,2026-04-09 17:19:00,260.35,260.53,260.31,260.43,61991.0,1m
AAPL,2026-04-09 17:20:00,260.44,260.45,260.23,260.23,20368.0,1m
AAPL,2026-04-09 17:21:00,260.21,260.29,260.2,260.2,25285.0,1m
AAPL,2026-04-09 17:22:00,260.21,260.25,260.08,260.15,24919.0,1m
AAPL,2026-04-09 17:23:00,260.13,260.22,260.12,260.19,15021.0,1m
AAPL,2026-04-09 17:24:00,260.18,260.21,260.07,260.12,34858.0,1m
AAPL,2026-04-09 17:25:00,260.12,260.2,260.09,260.14,21061.0,1m
AAPL,2026-04-09 17:26:00,260.16,260.16,260.06,260.06,18039.0,1m
AAPL,2026-04-09 17:27:00,260.06,260.1,260.0,260.03,26622.0,1m
AAPL,2026-04-09 17:28:00,260.03,260.13,260.01,260.12,15170.0,1m
AAPL,2026-04-09 17:29:00,260.13,260.13,260.01,260.06,23131.0,1m
AAPL,2026-04-09 17:30:00,260.05,260.08,259.83,259.92,35106.0,1m
AAPL,2026-04-09 17:31:00,259.92,259.98,259.78,259.88,23094.0,1m
AAPL,2026-04-09 17:32:00,259.89,260.1,259.89,260.06,16383.0,1m
AAPL,2026-04-09 17:33:00,260.06,260.07,259.95,259.98,16133.0,1m
AAPL,2026-04-09 17:34:00,259.99,260.25,259.99,260.21,24775.0,1m
AAPL,2026-04-09 17:35:00,260.2,260.29,260.16,260.22,36918.0,1m
AAPL,2026-04-09 17:36:00,260.23,260.23,260.12,260.16,26874.0,1m
AAPL,2026-04-09 17:37:00,260.17,260.26,260.17,260.2,17546.0,1m
AAPL,2026-04-09 17:38:00,260.2,260.38,260.17,260.32,25920.0,1m
AAPL,2026-04-09 17:39:00,260.3,260.45,260.28,260.4,28609.0,1m
AAPL,2026-04-09 17:40:00,260.41,260.44,260.33,260.36,21475.0,1m
AAPL,2026-04-09 17:41:00,260.38,260.38,260.2,260.24,16805.0,1m
AAPL,2026-04-09 17:42:00,260.25,260.25,260.11,260.12,15338.0,1m
AAPL,2026-04-09 17:43:00,260.15,260.22,260.13,260.16,18445.0,1m
AAPL,2026-04-09 17:44:00,260.13,260.13,259.93,260.0,30240.0,1m
AAPL,2026-04-09 17:45:00,260.01,260.17,260.01,260.12,9918.0,1m
AAPL,2026-04-09 17:46:00,260.12,260.17,260.08,260.16,14268.0,1m
AAPL,2026-04-09 17:47:00,260.11,260.15,260.1,260.14,11471.0,1m
AAPL,2026-04-09 17:48:00,260.13,260.16,260.0,260.1,11179.0,1m
AAPL,2026-04-09 17:49:00,260.12,260.13,260.08,260.1,8175.0,1m
AAPL,2026-04-09 17:50:00,260.1,260.1,259.98,259.99,12641.0,1m
AAPL,2026-04-09 17:51:00,260.0,260.0,259.85,259.88,24990.0,1m
AAPL,2026-04-09 17:52:00,259.88,259.93,259.83,259.87,21853.0,1m
AAPL,2026-04-09 17:53:00,259.87,259.93,259.84,259.86,13569.0,1m
AAPL,2026-04-09 17:54:00,259.89,259.9,259.84,259.88,12835.0,1m
AAPL,2026-04-09 17:55:00,259.87,259.89,259.84,259.87,30593.0,1m
AAPL,2026-04-09 17:56:00,259.88,259.94,259.85,259.85,20353.0,1m
AAPL,2026-04-09 17:57:00,259.85,259.94,259.85,259.92,16506.0,1m
AAPL,2026-04-09 17:58:00,259.92,259.94,259.88,259.9,15897.0,1m
AAPL,2026-04-09 17:59:00,259.89,259.95,259.89,259.94,26842.0,1m
AAPL,2026-04-09 18:00:00,259.95,260.0,259.82,259.83,20595.0,1m
AAPL,2026-04-09 18:01:00,259.83,259.85,259.65,259.73,15897.0,1m
AAPL,2026-04-09 18:02:00,259.75,259.82,259.49,259.61,94262.0,1m
AAPL,2026-04-09 18:03:00,259.63,259.66,259.49,259.52,31357.0,1m
AAPL,2026-04-09 18:04:00,259.54,259.62,259.3,259.57,41858.0,1m
AAPL,2026-04-09 18:05:00,259.61,259.88,259.61,259.88,25399.0,1m
AAPL,2026-04-09 18:06:00,259.85,259.98,259.84,259.94,19568.0,1m
AAPL,2026-04-09 18:07:00,259.91,259.98,259.86,259.9,15864.0,1m
AAPL,2026-04-09 18:08:00,259.88,259.93,259.84,259.88,13070.0,1m
AAPL,2026-04-09 18:09:00,259.88,260.01,259.82,259.99,25251.0,1m
AAPL,2026-04-09 18:10:00,259.99,260.01,259.92,259.99,16225.0,1m
AAPL,2026-04-09 18:11:00,259.99,260.05,259.95,260.0,17900.0,1m
AAPL,2026-04-09 18:12:00,259.98,260.01,259.88,259.93,16422.0,1m
AAPL,2026-04-09 18:13:00,259.94,260.0,259.89,259.91,20218.0,1m
AAPL,2026-04-09 18:14:00,259.89,259.95,259.81,259.92,13053.0,1m
AAPL,2026-04-09 18:15:00,259.93,259.94,259.88,259.88,9369.0,1m
AAPL,2026-04-09 18:16:00,259.91,259.96,259.87,259.95,13506.0,1m
AAPL,2026-04-09 18:17:00,259.94,260.01,259.88,259.99,15281.0,1m
AAPL,2026-04-09 18:18:00,259.99,260.05,259.98,260.01,15018.0,1m
AAPL,2026-04-09 18:19:00,260.01,260.04,259.97,260.0,11505.0,1m
AAPL,2026-04-09 18:20:00,260.01,260.04,259.92,259.92,10748.0,1m
AAPL,2026-04-09 18:21:00,259.93,259.98,259.86,259.9,14942.0,1m
AAPL,2026-04-09 18:22:00,259.9,259.9,259.83,259.85,15221.0,1m
AAPL,2026-04-09 18:23:00,259.84,259.84,259.64,259.64,21054.0,1m
AAPL,2026-04-09 18:24:00,259.64,259.72,259.62,259.66,18015.0,1m
AAPL,2026-04-09 18:25:00,259.65,259.77,259.56,259.66,30379.0,1m
AAPL,2026-04-09 18:26:00,259.69,259.75,259.61,259.63,25179.0,1m
AAPL,2026-04-09 18:27:00,259.63,259.7,259.61,259.68,20386.0,1m
AAPL,2026-04-09 18:28:00,259.7,259.78,259.66,259.7,19844.0,1m
AAPL,2026-04-09 18:29:00,259.69,259.7,259.6,259.63,21468.0,1m
AAPL,2026-04-09 18:30:00,259.61,259.67,259.49,259.5,17975.0,1m
AAPL,2026-04-09 18:31:00,259.5,259.58,259.49,259.56,21880.0,1m
AAPL,2026-04-09 18:32:00,259.56,259.67,259.56,259.62,20241.0,1m
AAPL,2026-04-09 18:33:00,259.59,259.6,259.42,259.5,23678.0,1m
AAPL,2026-04-09 18:34:00,259.5,259.52,259.47,259.52,11111.0,1m
AAPL,2026-04-09 18:35:00,259.52,259.65,259.5,259.63,12569.0,1m
AAPL,2026-04-09 18:36:00,259.63,259.63,259.57,259.59,11306.0,1m
AAPL,2026-04-09 18:37:00,259.59,259.7,259.58,259.69,21138.0,1m
AAPL,2026-04-09 18:38:00,259.69,259.7,259.59,259.6,22620.0,1m
AAPL,2026-04-09 18:39:00,259.62,259.81,259.58,259.76,20676.0,1m
AAPL,2026-04-09 18:40:00,259.79,259.81,259.7,259.8,19453.0,1m
AAPL,2026-04-09 18:41:00,259.82,259.85,259.79,259.8,28474.0,1m
AAPL,2026-04-09 18:42:00,259.8,259.85,259.74,259.82,17416.0,1m
AAPL,2026-04-09 18:43:00,259.79,259.79,259.58,259.63,25281.0,1m
AAPL,2026-04-09 18:44:00,259.61,259.8,259.61,259.8,24831.0,1m
AAPL,2026-04-09 18:45:00,259.78,259.81,259.72,259.81,10498.0,1m
AAPL,2026-04-09 18:46:00,259.8,259.88,259.8,259.8,11315.0,1m
AAPL,2026-04-09 18:47:00,259.81,259.87,259.77,259.78,13102.0,1m
AAPL,2026-04-09 18:48:00,259.77,259.82,259.75,259.78,9596.0,1m
AAPL,2026-04-09 18:49:00,259.78,259.78,259.7,259.77,16037.0,1m
AAPL,2026-04-09 18:50:00,259.76,259.76,259.63,259.66,17935.0,1m
AAPL,2026-04-09 18:51:00,259.66,259.79,259.62,259.73,23679.0,1m
AAPL,2026-04-09 18:52:00,259.75,259.81,259.73,259.75,6975.0,1m
AAPL,2026-04-09 18:53:00,259.73,259.79,259.66,259.66,15939.0,1m
AAPL,2026-04-09 18:54:00,259.68,259.73,259.63,259.72,14578.0,1m
AAPL,2026-04-09 18:55:00,259.75,259.86,259.75,259.82,17403.0,1m
AAPL,2026-04-09 18:56:00,259.81,259.86,259.8,259.86,13118.0,1m
AAPL,2026-04-09 18:57:00,259.84,259.92,259.83,259.86,11234.0,1m
AAPL,2026-04-09 18:58:00,259.88,259.96,259.87,259.92,26684.0,1m
AAPL,2026-04-09 18:59:00,259.93,259.94,259.84,259.87,21473.0,1m
AAPL,2026-04-09 19:00:00,259.87,260.0,259.84,259.97,22960.0,1m
AAPL,2026-04-09 19:01:00,259.97,260.02,259.91,259.98,32162.0,1m
AAPL,2026-04-09 19:02:00,259.98,260.21,259.97,260.2,65387.0,1m
AAPL,2026-04-09 19:03:00,260.18,260.2,260.11,260.16,29480.0,1m
AAPL,2026-04-09 19:04:00,260.19,260.21,260.15,260.21,16230.0,1m
AAPL,2026-04-09 19:05:00,260.19,260.19,260.07,260.12,14124.0,1m
AAPL,2026-04-09 19:06:00,260.12,260.12,259.91,259.94,11744.0,1m
AAPL,2026-04-09 19:07:00,259.95,260.0,259.89,259.99,28414.0,1m
AAPL,2026-04-09 19:08:00,259.97,259.99,259.83,259.95,14087.0,1m
AAPL,2026-04-09 19:09:00,259.95,260.02,259.95,259.99,12845.0,1m
AAPL,2026-04-09 19:10:00,259.99,260.27,259.99,260.23,88094.0,1m
AAPL,2026-04-09 19:11:00,260.24,260.34,260.15,260.22,76124.0,1m
AAPL,2026-04-09 19:12:00,260.22,260.22,260.13,260.2,23237.0,1m
AAPL,2026-04-09 19:13:00,260.16,260.16,260.09,260.14,13791.0,1m
AAPL,2026-04-09 19:14:00,260.13,260.13,260.04,260.09,19924.0,1m
AAPL,2026-04-09 19:15:00,260.1,260.16,260.08,260.1,17226.0,1m
AAPL,2026-04-09 19:16:00,260.12,260.15,260.01,260.03,23828.0,1m
AAPL,2026-04-09 19:17:00,260.03,260.1,259.96,260.03,34853.0,1m
AAPL,2026-04-09 19:18:00,260.0,260.05,259.91,259.98,36448.0,1m
AAPL,2026-04-09 19:19:00,259.97,260.01,259.91,259.92,17306.0,1m
AAPL,2026-04-09 19:20:00,259.93,259.98,259.89,259.98,66846.0,1m
AAPL,2026-04-09 19:21:00,259.99,260.02,259.92,259.92,27147.0,1m
AAPL,2026-04-09 19:22:00,259.92,259.97,259.85,259.96,14259.0,1m
AAPL,2026-04-09 19:23:00,259.97,260.09,259.95,260.06,29821.0,1m
AAPL,2026-04-09 19:24:00,260.06,260.13,260.04,260.13,21370.0,1m
AAPL,2026-04-09 19:25:00,260.13,260.22,260.11,260.15,27890.0,1m
AAPL,2026-04-09 19:26:00,260.15,260.19,260.1,260.18,34487.0,1m
AAPL,2026-04-09 19:27:00,260.19,260.26,260.14,260.23,24725.0,1m
AAPL,2026-04-09 19:28:00,260.23,260.24,260.1,260.14,30449.0,1m
AAPL,2026-04-09 19:29:00,260.12,260.12,260.0,260.06,14218.0,1m
AAPL,2026-04-09 19:30:00,260.05,260.11,260.02,260.07,29579.0,1m
AAPL,2026-04-09 19:31:00,260.08,260.15,260.07,260.11,27580.0,1m
AAPL,2026-04-09 19:32:00,260.12,260.31,260.12,260.25,55338.0,1m
AAPL,2026-04-09 19:33:00,260.27,260.28,260.19,260.19,28600.0,1m
AAPL,2026-04-09 19:34:00,260.19,260.32,260.18,260.29,22638.0,1m
AAPL,2026-04-09 19:35:00,260.3,260.44,260.25,260.41,35390.0,1m
AAPL,2026-04-09 19:36:00,260.42,260.44,260.34,260.39,22804.0,1m
AAPL,2026-04-09 19:37:00,260.4,260.5,260.38,260.45,46203.0,1m
AAPL,2026-04-09 19:38:00,260.45,260.56,260.42,260.52,64780.0,1m
AAPL,2026-04-09 19:39:00,260.53,260.55,260.5,260.53,26980.0,1m
AAPL,2026-04-09 19:40:00,260.53,260.56,260.46,260.56,49977.0,1m
AAPL,2026-04-09 19:41:00,260.55,260.59,260.47,260.59,30148.0,1m
AAPL,2026-04-09 19:42:00,260.58,260.6,260.52,260.54,24489.0,1m
AAPL,2026-04-09 19:43:00,260.55,260.67,260.55,260.63,30679.0,1m
AAPL,2026-04-09 19:44:00,260.64,260.8,260.64,260.8,65373.0,1m
AAPL,2026-04-09 19:45:00,260.78,260.85,260.66,260.68,55169.0,1m
AAPL,2026-04-09 19:46:00,260.68,260.75,260.66,260.73,40363.0,1m
AAPL,2026-04-09 19:47:00,260.73,260.85,260.72,260.81,66841.0,1m
AAPL,2026-04-09 19:48:00,260.81,260.85,260.72,260.8,48802.0,1m
AAPL,2026-04-09 19:49:00,260.81,260.81,260.65,260.68,53800.0,1m
AAPL,2026-04-09 19:50:00,260.67,261.12,260.66,260.98,160000.0,1m
AAPL,2026-04-09 19:51:00,260.97,260.98,260.83,260.83,43425.0,1m
AAPL,2026-04-09 19:52:00,260.81,260.94,260.81,260.94,43052.0,1m
AAPL,2026-04-09 19:53:00,260.93,260.93,260.71,260.73,56889.0,1m
AAPL,2026-04-09 19:54:00,260.75,260.87,260.61,260.71,92991.0,1m
AAPL,2026-04-09 19:55:00,260.72,260.73,260.39,260.41,73804.0,1m
AAPL,2026-04-09 19:56:00,260.41,260.49,260.36,260.45,57250.0,1m
AAPL,2026-04-09 19:57:00,260.45,260.59,260.43,260.49,85586.0,1m
AAPL,2026-04-09 19:58:00,260.49,260.56,260.48,260.54,137157.0,1m
AAPL,2026-04-09 19:59:00,260.54,260.59,260.38,260.39,481092.0,1m
AAPL,2026-04-10 13:30:00,259.96,260.55,259.11,259.61,608584.0,1m
AAPL,2026-04-10 13:31:00,259.57,259.81,259.26,259.26,123153.0,1m
AAPL,2026-04-10 13:32:00,259.28,259.47,259.07,259.45,67200.0,1m
AAPL,2026-04-10 13:33:00,259.46,259.76,259.29,259.74,71442.0,1m
AAPL,2026-04-10 13:34:00,259.73,259.92,259.6,259.91,67199.0,1m
AAPL,2026-04-10 13:35:00,259.88,260.34,259.77,260.3,110299.0,1m
AAPL,2026-04-10 13:36:00,260.29,260.58,260.21,260.27,86216.0,1m
AAPL,2026-04-10 13:37:00,260.26,260.31,259.98,260.03,43221.0,1m
AAPL,2026-04-10 13:38:00,260.04,260.64,259.98,260.57,58640.0,1m
AAPL,2026-04-10 13:39:00,260.56,260.59,260.13,260.29,51665.0,1m
AAPL,2026-04-10 13:40:00,260.3,260.33,259.88,260.14,35561.0,1m
AAPL,2026-04-10 13:41:00,260.15,260.15,259.69,259.69,39374.0,1m
AAPL,2026-04-10 13:42:00,259.7,259.84,259.62,259.78,41387.0,1m
AAPL,2026-04-10 13:43:00,259.78,259.85,259.68,259.71,27270.0,1m
AAPL,2026-04-10 13:44:00,259.72,259.79,259.65,259.7,27652.0,1m
AAPL,2026-04-10 13:45:00,259.7,259.74,259.5,259.54,59461.0,1m
AAPL,2026-04-10 13:46:00,259.54,259.95,259.52,259.92,60231.0,1m
AAPL,2026-04-10 13:47:00,259.91,260.05,259.85,259.85,70322.0,1m
AAPL,2026-04-10 13:48:00,259.85,260.08,259.83,259.99,43958.0,1m
AAPL,2026-04-10 13:49:00,259.96,259.96,259.53,259.56,50153.0,1m
AAPL,2026-04-10 13:50:00,259.56,259.82,259.54,259.81,39362.0,1m
AAPL,2026-04-10 13:51:00,259.81,260.18,259.8,260.08,70913.0,1m
AAPL,2026-04-10 13:52:00,260.07,260.21,260.0,260.16,41757.0,1m
AAPL,2026-04-10 13:53:00,260.14,260.35,260.11,260.31,45953.0,1m
AAPL,2026-04-10 13:54:00,260.3,260.43,260.21,260.38,38084.0,1m
AAPL,2026-04-10 13:55:00,260.38,260.54,260.31,260.44,40111.0,1m
AAPL,2026-04-10 13:56:00,260.46,260.57,260.38,260.55,43754.0,1m
AAPL,2026-04-10 13:57:00,260.54,260.73,260.48,260.49,59680.0,1m
AAPL,2026-04-10 13:58:00,260.49,260.5,260.31,260.38,47601.0,1m
AAPL,2026-04-10 13:59:00,260.4,260.42,260.26,260.36,40258.0,1m
AAPL,2026-04-10 14:00:00,260.37,260.37,260.18,260.23,34123.0,1m
AAPL,2026-04-10 14:01:00,260.25,260.48,260.19,260.48,36407.0,1m
AAPL,2026-04-10 14:02:00,260.47,260.87,260.45,260.85,67966.0,1m
AAPL,2026-04-10 14:03:00,260.85,261.02,260.75,260.87,65726.0,1m
AAPL,2026-04-10 14:04:00,260.85,261.31,260.84,261.19,113919.0,1m
AAPL,2026-04-10 14:05:00,261.19,261.2,261.02,261.18,49776.0,1m
AAPL,2026-04-10 14:06:00,261.18,261.29,261.05,261.13,49453.0,1m
AAPL,2026-04-10 14:07:00,261.06,261.06,260.9,260.93,40194.0,1m
AAPL,2026-04-10 14:08:00,260.94,261.02,260.85,260.9,25821.0,1m
AAPL,2026-04-10 14:09:00,260.88,261.13,260.83,261.11,39351.0,1m
AAPL,2026-04-10 14:10:00,261.13,261.24,261.02,261.17,33442.0,1m
AAPL,2026-04-10 14:11:00,261.15,261.4,261.15,261.39,45062.0,1m
AAPL,2026-04-10 14:12:00,261.39,261.49,261.21,261.25,65559.0,1m
AAPL,2026-04-10 14:13:00,261.23,261.59,261.22,261.5,75970.0,1m
AAPL,2026-04-10 14:14:00,261.53,261.64,261.46,261.57,51168.0,1m
AAPL,2026-04-10 14:15:00,261.59,261.77,261.58,261.76,69301.0,1m
AAPL,2026-04-10 14:16:00,261.75,261.85,261.66,261.67,81778.0,1m
AAPL,2026-04-10 14:17:00,261.67,261.67,261.52,261.54,38434.0,1m
AAPL,2026-04-10 14:18:00,261.52,261.66,261.52,261.63,21675.0,1m
AAPL,2026-04-10 14:19:00,261.63,261.69,261.54,261.67,39216.0,1m
AAPL,2026-04-10 14:20:00,261.67,261.68,261.45,261.46,23722.0,1m
AAPL,2026-04-10 14:21:00,261.44,261.5,261.35,261.5,38980.0,1m
AAPL,2026-04-10 14:22:00,261.49,261.56,261.47,261.5,40346.0,1m
AAPL,2026-04-10 14:23:00,261.5,261.5,261.22,261.35,38940.0,1m
AAPL,2026-04-10 14:24:00,261.33,261.44,261.32,261.43,28852.0,1m
AAPL,2026-04-10 14:25:00,261.44,261.56,261.43,261.54,37289.0,1m
AAPL,2026-04-10 14:26:00,261.55,261.71,261.44,261.7,37645.0,1m
AAPL,2026-04-10 14:27:00,261.71,261.75,261.55,261.62,39459.0,1m
AAPL,2026-04-10 14:28:00,261.6,261.65,261.51,261.63,32971.0,1m
AAPL,2026-04-10 14:29:00,261.61,261.63,261.5,261.56,46184.0,1m
AAPL,2026-04-10 14:30:00,261.56,261.71,261.5,261.63,38247.0,1m
AAPL,2026-04-10 14:31:00,261.65,261.7,261.56,261.6,46850.0,1m
AAPL,2026-04-10 14:32:00,261.6,261.64,261.42,261.48,55461.0,1m
AAPL,2026-04-10 14:33:00,261.5,261.67,261.48,261.57,39561.0,1m
AAPL,2026-04-10 14:34:00,261.55,261.78,261.54,261.75,38635.0,1m
AAPL,2026-04-10 14:35:00,261.76,262.03,261.72,261.83,114798.0,1m
AAPL,2026-04-10 14:36:00,261.83,262.1,261.83,262.03,43282.0,1m
AAPL,2026-04-10 14:37:00,262.01,262.01,261.73,261.81,48981.0,1m
AAPL,2026-04-10 14:38:00,261.78,261.92,261.73,261.92,37520.0,1m
AAPL,2026-04-10 14:39:00,261.93,262.02,261.91,261.98,28900.0,1m
AAPL,2026-04-10 14:40:00,261.96,261.99,261.58,261.59,40334.0,1m
AAPL,2026-04-10 14:41:00,261.58,261.73,261.51,261.72,29089.0,1m
AAPL,2026-04-10 14:42:00,261.73,261.93,261.6,261.63,36695.0,1m
AAPL,2026-04-10 14:43:00,261.66,261.82,261.61,261.62,31490.0,1m
AAPL,2026-04-10 14:44:00,261.61,261.67,261.43,261.63,51237.0,1m
AAPL,2026-04-10 14:45:00,261.64,261.71,261.54,261.71,40707.0,1m
AAPL,2026-04-10 14:46:00,261.72,261.86,261.72,261.79,24698.0,1m
AAPL,2026-04-10 14:47:00,261.79,261.93,261.76,261.92,29295.0,1m
AAPL,2026-04-10 14:48:00,261.93,261.93,261.73,261.75,35030.0,1m
AAPL,2026-04-10 14:49:00,261.75,261.95,261.7,261.79,31796.0,1m
AAPL,2026-04-10 14:50:00,261.8,262.06,261.8,262.03,27658.0,1m
AAPL,2026-04-10 14:51:00,262.01,262.19,261.97,262.0,48759.0,1m
AAPL,2026-04-10 14:52:00,261.99,262.04,261.86,262.03,40636.0,1m
AAPL,2026-04-10 14:53:00,262.04,262.05,261.77,261.79,25111.0,1m
AAPL,2026-04-10 14:54:00,261.78,261.88,261.75,261.82,22703.0,1m
AAPL,2026-04-10 14:55:00,261.81,261.81,261.65,261.74,29281.0,1m
AAPL,2026-04-10 14:56:00,261.74,261.85,261.72,261.83,24422.0,1m
AAPL,2026-04-10 14:57:00,261.84,261.9,261.77,261.87,25437.0,1m
AAPL,2026-04-10 14:58:00,261.88,261.88,261.77,261.77,26695.0,1m
AAPL,2026-04-10 14:59:00,261.77,261.77,261.63,261.74,28322.0,1m
AAPL,2026-04-10 15:00:00,261.75,261.76,261.42,261.48,65345.0,1m
AAPL,2026-04-10 15:01:00,261.48,261.56,261.36,261.41,42080.0,1m
AAPL,2026-04-10 15:02:00,261.39,261.42,261.25,261.28,37071.0,1m
AAPL,2026-04-10 15:03:00,261.28,261.35,261.27,261.31,24608.0,1m
AAPL,2026-04-10 15:04:00,261.32,261.37,261.21,261.36,38515.0,1m
AAPL,2026-04-10 15:05:00,261.36,261.43,261.33,261.33,29229.0,1m
AAPL,2026-04-10 15:06:00,261.36,261.53,261.34,261.49,29862.0,1m
AAPL,2026-04-10 15:07:00,261.48,261.49,261.3,261.3,17129.0,1m
AAPL,2026-04-10 15:08:00,261.31,261.32,261.15,261.19,28290.0,1m
AAPL,2026-04-10 15:09:00,261.19,261.25,261.13,261.21,18435.0,1m
AAPL,2026-04-10 15:10:00,261.21,261.29,261.19,261.28,15798.0,1m
AAPL,2026-04-10 15:11:00,261.28,261.44,261.26,261.41,26981.0,1m
AAPL,2026-04-10 15:12:00,261.42,261.63,261.39,261.59,48297.0,1m
AAPL,2026-04-10 15:13:00,261.58,261.64,261.48,261.59,54947.0,1m
AAPL,2026-04-10 15:14:00,261.58,261.67,261.56,261.66,34154.0,1m
AAPL,2026-04-10 15:15:00,261.67,261.82,261.65,261.67,29552.0,1m
AAPL,2026-04-10 15:16:00,261.67,261.72,261.62,261.68,25567.0,1m
AAPL,2026-04-10 15:17:00,261.67,261.79,261.57,261.75,41736.0,1m
AAPL,2026-04-10 15:18:00,261.75,261.77,261.65,261.72,37702.0,1m
AAPL,2026-04-10 15:19:00,261.72,261.72,261.37,261.38,37242.0,1m
AAPL,2026-04-10 15:20:00,261.36,261.49,261.25,261.48,35331.0,1m
AAPL,2026-04-10 15:21:00,261.48,261.6,261.41,261.58,22390.0,1m
AAPL,2026-04-10 15:22:00,261.55,261.56,261.34,261.42,29375.0,1m
AAPL,2026-04-10 15:23:00,261.42,261.53,261.41,261.52,41408.0,1m
AAPL,2026-04-10 15:24:00,261.54,261.6,261.49,261.55,22146.0,1m
AAPL,2026-04-10 15:25:00,261.53,261.54,261.33,261.4,19195.0,1m
AAPL,2026-04-10 15:26:00,261.4,261.42,261.32,261.33,21623.0,1m
AAPL,2026-04-10 15:27:00,261.33,261.47,261.31,261.45,23551.0,1m
AAPL,2026-04-10 15:28:00,261.46,261.46,261.37,261.43,16159.0,1m
AAPL,2026-04-10 15:29:00,261.42,261.42,261.24,261.29,20987.0,1m
AAPL,2026-04-10 15:30:00,261.32,261.42,261.31,261.36,10953.0,1m
AAPL,2026-04-10 15:31:00,261.36,261.4,261.19,261.27,38168.0,1m
AAPL,2026-04-10 15:32:00,261.28,261.35,261.23,261.35,14572.0,1m
AAPL,2026-04-10 15:33:00,261.35,261.42,261.3,261.31,18371.0,1m
AAPL,2026-04-10 15:34:00,261.29,261.42,261.29,261.36,27065.0,1m
AAPL,2026-04-10 15:35:00,261.35,261.51,261.35,261.45,13547.0,1m
AAPL,2026-04-10 15:36:00,261.45,261.58,261.45,261.52,27293.0,1m
AAPL,2026-04-10 15:37:00,261.51,261.53,261.27,261.36,29288.0,1m
AAPL,2026-04-10 15:38:00,261.35,261.37,261.23,261.34,19677.0,1m
AAPL,2026-04-10 15:39:00,261.33,261.38,261.2,261.22,28576.0,1m
AAPL,2026-04-10 15:40:00,261.24,261.27,261.16,261.25,39742.0,1m
AAPL,2026-04-10 15:41:00,261.26,261.45,261.26,261.44,14151.0,1m
AAPL,2026-04-10 15:42:00,261.44,261.57,261.4,261.51,29859.0,1m
AAPL,2026-04-10 15:43:00,261.51,261.6,261.48,261.57,23494.0,1m
AAPL,2026-04-10 15:44:00,261.56,261.6,261.5,261.5,23342.0,1m
AAPL,2026-04-10 15:45:00,261.52,261.61,261.5,261.53,15206.0,1m
AAPL,2026-04-10 15:46:00,261.54,261.66,261.52,261.58,19273.0,1m
AAPL,2026-04-10 15:47:00,261.55,261.75,261.49,261.75,34348.0,1m
AAPL,2026-04-10 15:48:00,261.74,261.75,261.62,261.7,28201.0,1m
AAPL,2026-04-10 15:49:00,261.7,261.73,261.59,261.62,17952.0,1m
AAPL,2026-04-10 15:50:00,261.62,261.63,261.2,261.52,41150.0,1m
AAPL,2026-04-10 15:51:00,261.54,261.54,261.42,261.43,15501.0,1m
AAPL,2026-04-10 15:52:00,261.46,261.49,261.42,261.43,26709.0,1m
AAPL,2026-04-10 15:53:00,261.44,261.44,261.19,261.19,53507.0,1m
AAPL,2026-04-10 15:54:00,261.18,261.18,260.82,260.87,73891.0,1m
AAPL,2026-04-10 15:55:00,260.87,260.93,260.74,260.89,34762.0,1m
AAPL,2026-04-10 15:56:00,260.89,260.9,260.81,260.86,42590.0,1m
AAPL,2026-04-10 15:57:00,260.88,260.9,260.81,260.85,20196.0,1m
AAPL,2026-04-10 15:58:00,260.86,260.98,260.86,260.9,24460.0,1m
AAPL,2026-04-10 15:59:00,260.88,260.98,260.78,260.88,39240.0,1m
AAPL,2026-04-10 16:00:00,260.89,260.91,260.82,260.91,19503.0,1m
AAPL,2026-04-10 16:01:00,260.91,260.95,260.82,260.84,29552.0,1m
AAPL,2026-04-10 16:02:00,260.84,260.87,260.75,260.84,25424.0,1m
AAPL,2026-04-10 16:03:00,260.85,260.86,260.78,260.82,17416.0,1m
AAPL,2026-04-10 16:04:00,260.8,260.81,260.66,260.66,21855.0,1m
AAPL,2026-04-10 16:05:00,260.67,260.76,260.54,260.59,47080.0,1m
AAPL,2026-04-10 16:06:00,260.59,260.65,260.55,260.63,36349.0,1m
AAPL,2026-04-10 16:07:00,260.63,260.77,260.62,260.76,28502.0,1m
AAPL,2026-04-10 16:08:00,260.76,260.81,260.74,260.79,30142.0,1m
AAPL,2026-04-10 16:09:00,260.79,260.82,260.73,260.75,25522.0,1m
AAPL,2026-04-10 16:10:00,260.75,260.86,260.74,260.86,24887.0,1m
AAPL,2026-04-10 16:11:00,260.87,261.05,260.86,261.01,34313.0,1m
AAPL,2026-04-10 16:12:00,261.01,261.02,260.74,260.75,19260.0,1m
AAPL,2026-04-10 16:13:00,260.78,260.92,260.77,260.92,20803.0,1m
AAPL,2026-04-10 16:14:00,260.91,260.93,260.85,260.89,20756.0,1m
AAPL,2026-04-10 16:15:00,260.9,260.98,260.85,260.91,28770.0,1m
AAPL,2026-04-10 16:16:00,260.91,260.91,260.82,260.84,21865.0,1m
AAPL,2026-04-10 16:17:00,260.85,260.86,260.68,260.74,38482.0,1m
AAPL,2026-04-10 16:18:00,260.75,260.77,260.64,260.74,24488.0,1m
AAPL,2026-04-10 16:19:00,260.73,260.81,260.69,260.69,32992.0,1m
AAPL,2026-04-10 16:20:00,260.71,260.71,260.54,260.56,36086.0,1m
AAPL,2026-04-10 16:21:00,260.57,260.69,260.57,260.63,27191.0,1m
AAPL,2026-04-10 16:22:00,260.63,260.67,260.53,260.59,17205.0,1m
AAPL,2026-04-10 16:23:00,260.58,260.74,260.56,260.74,23431.0,1m
AAPL,2026-04-10 16:24:00,260.74,260.74,260.67,260.72,22593.0,1m
AAPL,2026-04-10 16:25:00,260.7,260.72,260.6,260.62,18480.0,1m
AAPL,2026-04-10 16:26:00,260.62,260.64,260.5,260.5,27401.0,1m
AAPL,2026-04-10 16:27:00,260.51,260.6,260.48,260.54,25463.0,1m
AAPL,2026-04-10 16:28:00,260.55,260.57,260.43,260.54,23840.0,1m
AAPL,2026-04-10 16:29:00,260.53,260.56,260.5,260.54,23901.0,1m
AAPL,2026-04-10 16:30:00,260.55,260.57,260.34,260.36,19497.0,1m
AAPL,2026-04-10 16:31:00,260.35,260.36,260.28,260.33,36056.0,1m
AAPL,2026-04-10 16:32:00,260.32,260.38,260.25,260.25,22696.0,1m
AAPL,2026-04-10 16:33:00,260.26,260.37,260.25,260.31,23864.0,1m
AAPL,2026-04-10 16:34:00,260.31,260.34,260.29,260.31,31856.0,1m
AAPL,2026-04-10 16:35:00,260.33,260.35,260.22,260.23,21549.0,1m
AAPL,2026-04-10 16:36:00,260.23,260.27,260.21,260.22,15702.0,1m
AAPL,2026-04-10 16:37:00,260.22,260.26,260.15,260.16,21899.0,1m
AAPL,2026-04-10 16:38:00,260.16,260.19,260.13,260.15,15896.0,1m
AAPL,2026-04-10 16:39:00,260.13,260.21,260.1,260.19,25784.0,1m
AAPL,2026-04-10 16:40:00,260.19,260.24,260.12,260.13,39061.0,1m
AAPL,2026-04-10 16:41:00,260.13,260.14,260.07,260.09,19177.0,1m
AAPL,2026-04-10 16:42:00,260.09,260.2,260.07,260.08,28442.0,1m
AAPL,2026-04-10 16:43:00,260.07,260.14,260.07,260.13,18742.0,1m
AAPL,2026-04-10 16:44:00,260.11,260.13,259.84,259.9,66719.0,1m
AAPL,2026-04-10 16:45:00,259.9,259.93,259.79,259.91,34799.0,1m
AAPL,2026-04-10 16:46:00,259.92,260.02,259.87,260.01,23505.0,1m
AAPL,2026-04-10 16:47:00,260.01,260.1,260.01,260.1,44000.0,1m
AAPL,2026-04-10 16:48:00,260.08,260.3,260.08,260.24,30661.0,1m
AAPL,2026-04-10 16:49:00,260.24,260.34,260.23,260.3,34975.0,1m
AAPL,2026-04-10 16:50:00,260.31,260.36,260.26,260.26,30964.0,1m
AAPL,2026-04-10 16:51:00,260.26,260.32,260.23,260.32,47582.0,1m
AAPL,2026-04-10 16:52:00,260.31,260.33,260.23,260.3,17865.0,1m
AAPL,2026-04-10 16:53:00,260.3,260.41,260.27,260.34,20808.0,1m
AAPL,2026-04-10 16:54:00,260.34,260.37,260.28,260.31,18582.0,1m
AAPL,2026-04-10 16:55:00,260.33,260.34,260.25,260.33,18454.0,1m
AAPL,2026-04-10 16:56:00,260.32,260.32,260.2,260.26,14628.0,1m
AAPL,2026-04-10 16:57:00,260.27,260.32,260.21,260.29,12958.0,1m
AAPL,2026-04-10 16:58:00,260.29,260.29,260.2,260.26,14150.0,1m
AAPL,2026-04-10 16:59:00,260.28,260.34,260.24,260.26,13045.0,1m
AAPL,2026-04-10 17:00:00,260.26,260.27,259.91,259.97,56731.0,1m
AAPL,2026-04-10 17:01:00,259.95,259.96,259.8,259.84,36134.0,1m
AAPL,2026-04-10 17:02:00,259.84,259.91,259.68,259.78,45082.0,1m
AAPL,2026-04-10 17:03:00,259.77,259.84,259.73,259.81,15032.0,1m
AAPL,2026-04-10 17:04:00,259.79,259.8,259.55,259.6,34320.0,1m
AAPL,2026-04-10 17:05:00,259.61,259.8,259.6,259.69,42255.0,1m
AAPL,2026-04-10 17:06:00,259.69,259.72,259.66,259.67,22013.0,1m
AAPL,2026-04-10 17:07:00,259.65,259.67,259.57,259.61,26959.0,1m
AAPL,2026-04-10 17:08:00,259.6,259.66,259.58,259.61,18327.0,1m
AAPL,2026-04-10 17:09:00,259.61,259.65,259.56,259.58,29014.0,1m
AAPL,2026-04-10 17:10:00,259.56,259.63,259.56,259.58,14955.0,1m
AAPL,2026-04-10 17:11:00,259.56,259.62,259.56,259.58,13634.0,1m
AAPL,2026-04-10 17:12:00,259.57,259.65,259.56,259.65,10557.0,1m
AAPL,2026-04-10 17:13:00,259.64,259.71,259.63,259.71,15586.0,1m
AAPL,2026-04-10 17:14:00,259.7,259.71,259.64,259.67,15022.0,1m
AAPL,2026-04-10 17:15:00,259.67,259.74,259.63,259.63,18259.0,1m
AAPL,2026-04-10 17:16:00,259.63,259.66,259.6,259.65,21053.0,1m
AAPL,2026-04-10 17:17:00,259.65,259.67,259.56,259.59,17834.0,1m
AAPL,2026-04-10 17:18:00,259.59,259.65,259.56,259.64,23592.0,1m
AAPL,2026-04-10 17:19:00,259.65,259.65,259.56,259.61,12332.0,1m
AAPL,2026-04-10 17:20:00,259.6,259.6,259.47,259.48,63254.0,1m
AAPL,2026-04-10 17:21:00,259.47,259.52,259.44,259.48,21999.0,1m
AAPL,2026-04-10 17:22:00,259.49,259.51,259.28,259.41,22948.0,1m
AAPL,2026-04-10 17:23:00,259.4,259.5,259.37,259.5,24529.0,1m
AAPL,2026-04-10 17:24:00,259.5,259.51,259.43,259.44,10161.0,1m
AAPL,2026-04-10 17:25:00,259.44,259.49,259.44,259.49,11931.0,1m
AAPL,2026-04-10 17:26:00,259.49,259.6,259.45,259.45,25774.0,1m
AAPL,2026-04-10 17:27:00,259.45,259.46,259.35,259.36,30638.0,1m
AAPL,2026-04-10 17:28:00,259.36,259.36,259.26,259.31,19831.0,1m
AAPL,2026-04-10 17:29:00,259.3,259.32,259.2,259.24,40904.0,1m
AAPL,2026-04-10 17:30:00,259.25,259.26,259.16,259.23,36475.0,1m
AAPL,2026-04-10 17:31:00,259.23,259.28,259.18,259.19,23906.0,1m
AAPL,2026-04-10 17:32:00,259.19,259.24,259.17,259.23,14362.0,1m
AAPL,2026-04-10 17:33:00,259.23,259.3,259.19,259.28,19796.0,1m
AAPL,2026-04-10 17:34:00,259.29,259.3,259.21,259.22,38127.0,1m
AAPL,2026-04-10 17:35:00,259.22,259.24,259.15,259.19,24783.0,1m
AAPL,2026-04-10 17:36:00,259.2,259.21,259.11,259.15,23616.0,1m
AAPL,2026-04-10 17:37:00,259.15,259.15,259.02,259.07,21092.0,1m
AAPL,2026-04-10 17:38:00,259.06,259.21,259.04,259.21,25280.0,1m
AAPL,2026-04-10 17:39:00,259.2,259.32,259.2,259.31,24983.0,1m
AAPL,2026-04-10 17:40:00,259.31,259.34,259.14,259.16,29130.0,1m
AAPL,2026-04-10 17:41:00,259.16,259.32,259.15,259.19,32573.0,1m
AAPL,2026-04-10 17:42:00,259.18,259.29,259.13,259.29,15044.0,1m
AAPL,2026-04-10 17:43:00,259.28,259.51,259.28,259.41,32658.0,1m
AAPL,2026-04-10 17:44:00,259.41,259.43,259.33,259.36,16647.0,1m
AAPL,2026-04-10 17:45:00,259.35,259.35,259.24,259.3,15660.0,1m
AAPL,2026-04-10 17:46:00,259.3,259.3,259.17,259.22,16178.0,1m
AAPL,2026-04-10 17:47:00,259.22,259.3,259.21,259.29,17411.0,1m
AAPL,2026-04-10 17:48:00,259.29,259.4,259.28,259.39,16459.0,1m
AAPL,2026-04-10 17:49:00,259.39,259.41,259.26,259.31,15300.0,1m
AAPL,2026-04-10 17:50:00,259.31,259.38,259.25,259.38,16192.0,1m
AAPL,2026-04-10 17:51:00,259.38,259.39,259.33,259.35,11760.0,1m
AAPL,2026-04-10 17:52:00,259.35,259.41,259.34,259.39,8776.0,1m
AAPL,2026-04-10 17:53:00,259.39,259.46,259.34,259.43,21406.0,1m
AAPL,2026-04-10 17:54:00,259.42,259.47,259.42,259.47,25061.0,1m
AAPL,2026-04-10 17:55:00,259.47,259.53,259.46,259.46,28695.0,1m
AAPL,2026-04-10 17:56:00,259.47,259.58,259.46,259.58,13367.0,1m
AAPL,2026-04-10 17:57:00,259.56,259.76,259.56,259.66,25857.0,1m
AAPL,2026-04-10 17:58:00,259.66,259.82,259.65,259.77,30581.0,1m
AAPL,2026-04-10 17:59:00,259.78,259.83,259.65,259.69,18572.0,1m
AAPL,2026-04-10 18:00:00,259.69,259.71,259.57,259.68,26100.0,1m
AAPL,2026-04-10 18:01:00,259.67,259.67,259.53,259.54,32244.0,1m
AAPL,2026-04-10 18:02:00,259.55,259.64,259.55,259.61,25903.0,1m
AAPL,2026-04-10 18:03:00,259.6,259.62,259.54,259.55,12813.0,1m
AAPL,2026-04-10 18:04:00,259.55,259.57,259.46,259.48,14093.0,1m
AAPL,2026-04-10 18:05:00,259.48,259.52,259.41,259.47,31428.0,1m
AAPL,2026-04-10 18:06:00,259.48,259.52,259.46,259.47,23409.0,1m
AAPL,2026-04-10 18:07:00,259.48,259.57,259.47,259.53,26315.0,1m
AAPL,2026-04-10 18:08:00,259.52,259.69,259.52,259.66,23568.0,1m
AAPL,2026-04-10 18:09:00,259.65,259.66,259.53,259.57,16978.0,1m
AAPL,2026-04-10 18:10:00,259.57,259.67,259.57,259.67,30294.0,1m
AAPL,2026-04-10 18:11:00,259.67,259.78,259.66,259.67,22195.0,1m
AAPL,2026-04-10 18:12:00,259.67,259.72,259.66,259.67,14001.0,1m
AAPL,2026-04-10 18:13:00,259.66,259.68,259.52,259.54,21532.0,1m
AAPL,2026-04-10 18:14:00,259.54,259.56,259.47,259.56,18033.0,1m
AAPL,2026-04-10 18:15:00,259.56,259.63,259.55,259.56,14653.0,1m
AAPL,2026-04-10 18:16:00,259.56,259.62,259.54,259.61,11977.0,1m
AAPL,2026-04-10 18:17:00,259.61,259.77,259.61,259.74,25595.0,1m
AAPL,2026-04-10 18:18:00,259.75,259.77,259.72,259.75,9697.0,1m
AAPL,2026-04-10 18:19:00,259.76,259.79,259.72,259.73,21401.0,1m
AAPL,2026-04-10 18:20:00,259.73,259.81,259.69,259.8,18891.0,1m
AAPL,2026-04-10 18:21:00,259.8,259.93,259.8,259.93,27843.0,1m
AAPL,2026-04-10 18:22:00,259.92,259.93,259.87,259.9,20108.0,1m
AAPL,2026-04-10 18:23:00,259.9,259.95,259.89,259.93,17914.0,1m
AAPL,2026-04-10 18:24:00,259.93,259.97,259.87,259.97,17913.0,1m
AAPL,2026-04-10 18:25:00,259.96,259.98,259.89,259.9,24732.0,1m
AAPL,2026-04-10 18:26:00,259.9,260.06,259.89,260.0,42472.0,1m
AAPL,2026-04-10 18:27:00,259.99,259.99,259.95,259.97,11619.0,1m
AAPL,2026-04-10 18:28:00,259.97,260.13,259.96,260.12,18759.0,1m
AAPL,2026-04-10 18:29:00,260.12,260.15,260.07,260.12,28052.0,1m
AAPL,2026-04-10 18:30:00,260.11,260.15,260.0,260.13,61511.0,1m
AAPL,2026-04-10 18:31:00,260.12,260.2,260.04,260.07,40166.0,1m
AAPL,2026-04-10 18:32:00,260.06,260.14,260.04,260.12,20439.0,1m
AAPL,2026-04-10 18:33:00,260.12,260.15,260.08,260.13,23542.0,1m
AAPL,2026-04-10 18:34:00,260.13,260.13,260.1,260.11,11982.0,1m
AAPL,2026-04-10 18:35:00,260.1,260.1,259.95,259.99,23343.0,1m
AAPL,2026-04-10 18:36:00,260.0,260.07,259.93,260.01,30351.0,1m
AAPL,2026-04-10 18:37:00,260.02,260.08,260.01,260.03,13143.0,1m
AAPL,2026-04-10 18:38:00,260.02,260.05,260.0,260.01,16610.0,1m
AAPL,2026-04-10 18:39:00,260.01,260.03,259.92,260.0,22844.0,1m
AAPL,2026-04-10 18:40:00,259.99,260.12,259.99,260.04,21746.0,1m
AAPL,2026-04-10 18:41:00,260.04,260.04,259.95,259.98,18979.0,1m
AAPL,2026-04-10 18:42:00,259.98,259.98,259.93,259.95,15225.0,1m
AAPL,2026-04-10 18:43:00,259.94,259.96,259.86,259.95,26996.0,1m
AAPL,2026-04-10 18:44:00,259.96,260.11,259.95,260.09,21967.0,1m
AAPL,2026-04-10 18:45:00,260.08,260.12,260.03,260.04,11427.0,1m
AAPL,2026-04-10 18:46:00,260.04,260.08,260.01,260.04,11193.0,1m
AAPL,2026-04-10 18:47:00,260.04,260.05,259.97,259.97,23260.0,1m
AAPL,2026-04-10 18:48:00,259.98,260.01,259.94,259.95,15779.0,1m
AAPL,2026-04-10 18:49:00,259.96,260.02,259.92,259.99,17507.0,1m
AAPL,2026-04-10 18:50:00,259.97,259.97,259.91,259.93,19813.0,1m
AAPL,2026-04-10 18:51:00,259.92,259.92,259.86,259.87,17993.0,1m
AAPL,2026-04-10 18:52:00,259.86,259.87,259.82,259.87,18906.0,1m
AAPL,2026-04-10 18:53:00,259.86,259.89,259.81,259.82,13250.0,1m
AAPL,2026-04-10 18:54:00,259.82,259.85,259.78,259.82,17638.0,1m
AAPL,2026-04-10 18:55:00,259.82,259.82,259.69,259.75,21848.0,1m
AAPL,2026-04-10 18:56:00,259.74,259.77,259.69,259.74,35845.0,1m
AAPL,2026-04-10 18:57:00,259.74,259.78,259.72,259.74,27193.0,1m
AAPL,2026-04-10 18:58:00,259.74,259.77,259.71,259.77,24929.0,1m
AAPL,2026-04-10 18:59:00,259.76,259.77,259.71,259.73,26598.0,1m
AAPL,2026-04-10 19:00:00,259.73,259.83,259.68,259.73,47091.0,1m
AAPL,2026-04-10 19:01:00,259.74,259.81,259.74,259.81,17170.0,1m
AAPL,2026-04-10 19:02:00,259.81,259.81,259.72,259.72,29377.0,1m
AAPL,2026-04-10 19:03:00,259.73,259.79,259.72,259.76,25994.0,1m
AAPL,2026-04-10 19:04:00,259.76,259.8,259.74,259.77,32967.0,1m
AAPL,2026-04-10 19:05:00,259.77,259.98,259.75,259.91,51293.0,1m
AAPL,2026-04-10 19:06:00,259.9,259.91,259.76,259.83,28225.0,1m
AAPL,2026-04-10 19:07:00,259.83,259.84,259.75,259.77,25870.0,1m
AAPL,2026-04-10 19:08:00,259.77,259.79,259.73,259.75,14002.0,1m
AAPL,2026-04-10 19:09:00,259.75,259.75,259.63,259.69,28183.0,1m
AAPL,2026-04-10 19:10:00,259.69,259.8,259.68,259.75,27059.0,1m
AAPL,2026-04-10 19:11:00,259.75,259.76,259.7,259.71,17592.0,1m
AAPL,2026-04-10 19:12:00,259.7,259.77,259.7,259.73,23705.0,1m
AAPL,2026-04-10 19:13:00,259.73,259.81,259.69,259.79,20999.0,1m
AAPL,2026-04-10 19:14:00,259.79,260.02,259.77,259.88,41394.0,1m
AAPL,2026-04-10 19:15:00,259.88,259.89,259.74,259.8,24648.0,1m
AAPL,2026-04-10 19:16:00,259.8,259.8,259.7,259.76,25623.0,1m
AAPL,2026-04-10 19:17:00,259.75,259.77,259.65,259.7,30922.0,1m
AAPL,2026-04-10 19:18:00,259.7,259.77,259.64,259.64,28793.0,1m
AAPL,2026-04-10 19:19:00,259.64,259.68,259.58,259.63,29367.0,1m
AAPL,2026-04-10 19:20:00,259.62,259.68,259.56,259.56,22927.0,1m
AAPL,2026-04-10 19:21:00,259.55,259.59,259.46,259.57,29624.0,1m
AAPL,2026-04-10 19:22:00,259.57,259.57,259.48,259.53,44295.0,1m
AAPL,2026-04-10 19:23:00,259.53,259.56,259.45,259.54,30429.0,1m
AAPL,2026-04-10 19:24:00,259.54,259.54,259.46,259.52,31435.0,1m
AAPL,2026-04-10 19:25:00,259.5,259.5,259.4,259.48,24359.0,1m
AAPL,2026-04-10 19:26:00,259.47,259.47,259.35,259.41,39617.0,1m
AAPL,2026-04-10 19:27:00,259.41,259.51,259.39,259.5,50529.0,1m
AAPL,2026-04-10 19:28:00,259.5,259.61,259.5,259.56,44319.0,1m
AAPL,2026-04-10 19:29:00,259.56,259.74,259.55,259.72,43810.0,1m
AAPL,2026-04-10 19:30:00,259.72,259.77,259.54,259.55,61007.0,1m
AAPL,2026-04-10 19:31:00,259.56,259.59,259.48,259.49,43308.0,1m
AAPL,2026-04-10 19:32:00,259.49,259.58,259.47,259.54,47814.0,1m
AAPL,2026-04-10 19:33:00,259.54,259.61,259.5,259.54,47844.0,1m
AAPL,2026-04-10 19:34:00,259.53,259.55,259.46,259.5,53412.0,1m
AAPL,2026-04-10 19:35:00,259.5,259.51,259.33,259.38,40477.0,1m
AAPL,2026-04-10 19:36:00,259.38,259.55,259.38,259.52,47679.0,1m
AAPL,2026-04-10 19:37:00,259.53,259.54,259.44,259.45,49556.0,1m
AAPL,2026-04-10 19:38:00,259.45,259.49,259.29,259.49,43297.0,1m
AAPL,2026-04-10 19:39:00,259.49,259.54,259.45,259.5,45383.0,1m
AAPL,2026-04-10 19:40:00,259.5,259.54,259.34,259.38,60381.0,1m
AAPL,2026-04-10 19:41:00,259.37,259.56,259.33,259.54,59051.0,1m
AAPL,2026-04-10 19:42:00,259.54,259.65,259.54,259.59,42381.0,1m
AAPL,2026-04-10 19:43:00,259.59,259.59,259.5,259.5,40818.0,1m
AAPL,2026-04-10 19:44:00,259.51,259.69,259.51,259.64,51943.0,1m
AAPL,2026-04-10 19:45:00,259.62,259.81,259.61,259.8,56079.0,1m
AAPL,2026-04-10 19:46:00,259.8,259.82,259.68,259.7,61593.0,1m
AAPL,2026-04-10 19:47:00,259.68,259.76,259.67,259.71,34368.0,1m
AAPL,2026-04-10 19:48:00,259.72,259.73,259.62,259.65,31575.0,1m
AAPL,2026-04-10 19:49:00,259.64,259.71,259.57,259.66,48215.0,1m
AAPL,2026-04-10 19:50:00,259.66,260.03,259.53,259.96,175111.0,1m
AAPL,2026-04-10 19:51:00,259.97,259.97,259.77,259.85,56940.0,1m
AAPL,2026-04-10 19:52:00,259.85,259.91,259.78,259.83,59752.0,1m
AAPL,2026-04-10 19:53:00,259.83,259.89,259.79,259.88,66929.0,1m
AAPL,2026-04-10 19:54:00,259.88,260.08,259.86,260.01,96153.0,1m
AAPL,2026-04-10 19:55:00,260.03,260.28,260.03,260.26,151673.0,1m
AAPL,2026-04-10 19:56:00,260.26,260.28,260.1,260.23,142871.0,1m
AAPL,2026-04-10 19:57:00,260.23,260.36,260.2,260.33,142112.0,1m
AAPL,2026-04-10 19:58:00,260.33,260.5,260.3,260.47,233882.0,1m
AAPL,2026-04-10 19:59:00,260.47,260.54,260.33,260.38,507272.0,1m
AAPL,2026-04-13 13:30:00,259.6,260.18,259.47,259.86,627101.0,1m
AAPL,2026-04-13 13:31:00,259.68,259.85,258.71,259.32,182453.0,1m
AAPL,2026-04-13 13:32:00,259.21,259.36,258.1,258.18,140233.0,1m
AAPL,2026-04-13 13:33:00,258.19,258.9,258.0,258.9,112412.0,1m
AAPL,2026-04-13 13:34:00,258.92,258.93,258.41,258.6,64707.0,1m
AAPL,2026-04-13 13:35:00,258.59,258.59,258.06,258.1,87550.0,1m
AAPL,2026-04-13 13:36:00,258.07,258.13,257.79,257.81,120262.0,1m
AAPL,2026-04-13 13:37:00,257.81,257.84,257.52,257.8,117814.0,1m
AAPL,2026-04-13 13:38:00,257.74,257.83,257.52,257.71,76253.0,1m
AAPL,2026-04-13 13:39:00,257.74,257.95,257.62,257.81,51924.0,1m
AAPL,2026-04-13 13:40:00,257.83,258.12,257.62,258.06,50125.0,1m
AAPL,2026-04-13 13:41:00,258.04,258.05,257.75,257.75,88791.0,1m
AAPL,2026-04-13 13:42:00,257.74,257.98,257.7,257.92,25721.0,1m
AAPL,2026-04-13 13:43:00,257.92,257.95,257.7,257.84,51374.0,1m
AAPL,2026-04-13 13:44:00,257.82,257.95,257.7,257.9,37698.0,1m
AAPL,2026-04-13 13:45:00,257.92,258.02,257.81,258.01,42649.0,1m
AAPL,2026-04-13 13:46:00,257.97,258.0,257.66,257.73,60092.0,1m
AAPL,2026-04-13 13:47:00,257.69,257.76,257.52,257.69,38606.0,1m
AAPL,2026-04-13 13:48:00,257.7,257.98,257.5,257.69,96008.0,1m
AAPL,2026-04-13 13:49:00,257.66,258.26,257.61,258.19,95031.0,1m
AAPL,2026-04-13 13:50:00,258.17,258.53,258.05,258.43,59627.0,1m
AAPL,2026-04-13 13:51:00,258.41,258.43,257.8,258.01,58410.0,1m
AAPL,2026-04-13 13:52:00,258.03,258.08,257.82,257.9,44799.0,1m
AAPL,2026-04-13 13:53:00,257.89,257.9,257.4,257.54,83241.0,1m
AAPL,2026-04-13 13:54:00,257.54,257.59,257.3,257.58,45017.0,1m
AAPL,2026-04-13 13:55:00,257.57,257.77,257.51,257.63,67114.0,1m
AAPL,2026-04-13 13:56:00,257.62,257.73,257.37,257.5,83564.0,1m
AAPL,2026-04-13 13:57:00,257.51,257.59,257.21,257.24,47165.0,1m
AAPL,2026-04-13 13:58:00,257.24,257.42,257.2,257.38,40777.0,1m
AAPL,2026-04-13 13:59:00,257.42,257.6,257.29,257.58,59281.0,1m
AAPL,2026-04-13 14:00:00,257.55,257.65,257.32,257.37,75984.0,1m
AAPL,2026-04-13 14:01:00,257.38,257.42,257.09,257.1,86352.0,1m
AAPL,2026-04-13 14:02:00,257.1,257.2,256.77,256.84,195468.0,1m
AAPL,2026-04-13 14:03:00,256.82,256.9,256.7,256.88,74767.0,1m
AAPL,2026-04-13 14:04:00,256.89,257.08,256.79,257.02,95842.0,1m
AAPL,2026-04-13 14:05:00,257.01,257.03,256.83,256.89,63471.0,1m
AAPL,2026-04-13 14:06:00,256.88,256.95,256.66,256.73,79215.0,1m
AAPL,2026-04-13 14:07:00,256.75,257.18,256.75,257.05,104223.0,1m
AAPL,2026-04-13 14:08:00,257.04,257.52,257.0,257.5,85662.0,1m
AAPL,2026-04-13 14:09:00,257.51,257.56,257.36,257.56,67308.0,1m
AAPL,2026-04-13 14:10:00,257.55,257.87,257.5,257.87,100039.0,1m
AAPL,2026-04-13 14:11:00,257.88,257.97,257.78,257.95,57360.0,1m
AAPL,2026-04-13 14:12:00,257.95,258.0,257.66,257.87,50501.0,1m
AAPL,2026-04-13 14:13:00,257.85,257.9,257.74,257.85,22056.0,1m
AAPL,2026-04-13 14:14:00,257.86,258.0,257.83,257.92,58914.0,1m
AAPL,2026-04-13 14:15:00,257.9,257.9,257.63,257.65,43704.0,1m
AAPL,2026-04-13 14:16:00,257.66,257.73,257.64,257.66,25344.0,1m
AAPL,2026-04-13 14:17:00,257.68,257.74,257.54,257.56,34341.0,1m
AAPL,2026-04-13 14:18:00,257.56,257.58,257.29,257.31,27884.0,1m
AAPL,2026-04-13 14:19:00,257.3,257.52,257.2,257.5,35085.0,1m
AAPL,2026-04-13 14:20:00,257.5,257.58,257.4,257.56,18402.0,1m
AAPL,2026-04-13 14:21:00,257.56,257.91,257.5,257.91,32924.0,1m
AAPL,2026-04-13 14:22:00,257.9,257.92,257.51,257.59,32986.0,1m
AAPL,2026-04-13 14:23:00,257.58,257.66,257.1,257.43,41261.0,1m
AAPL,2026-04-13 14:24:00,257.42,257.61,257.42,257.59,28755.0,1m
AAPL,2026-04-13 14:25:00,257.6,257.63,257.27,257.56,39982.0,1m
AAPL,2026-04-13 14:26:00,257.58,257.58,257.37,257.39,24490.0,1m
AAPL,2026-04-13 14:27:00,257.39,257.39,257.25,257.27,22237.0,1m
AAPL,2026-04-13 14:28:00,257.28,257.35,257.2,257.24,21818.0,1m
AAPL,2026-04-13 14:29:00,257.23,257.39,257.21,257.32,28620.0,1m
AAPL,2026-04-13 14:30:00,257.31,257.46,257.27,257.41,20932.0,1m
AAPL,2026-04-13 14:31:00,257.41,257.6,257.37,257.58,30554.0,1m
AAPL,2026-04-13 14:32:00,257.56,257.68,257.52,257.62,26109.0,1m
AAPL,2026-04-13 14:33:00,257.62,257.71,257.59,257.69,24532.0,1m
AAPL,2026-04-13 14:34:00,257.7,257.79,257.61,257.71,55328.0,1m
AAPL,2026-04-13 14:35:00,257.7,257.71,257.49,257.62,31547.0,1m
AAPL,2026-04-13 14:36:00,257.59,257.63,257.42,257.47,17286.0,1m
AAPL,2026-04-13 14:37:00,257.47,257.5,257.28,257.35,23920.0,1m
AAPL,2026-04-13 14:38:00,257.36,257.4,257.29,257.38,58641.0,1m
AAPL,2026-04-13 14:39:00,257.38,257.38,257.18,257.22,43126.0,1m
AAPL,2026-04-13 14:40:00,257.21,257.28,257.14,257.19,23952.0,1m
AAPL,2026-04-13 14:41:00,257.19,257.24,257.13,257.23,30176.0,1m
AAPL,2026-04-13 14:42:00,257.23,257.27,257.19,257.25,31123.0,1m
AAPL,2026-04-13 14:43:00,257.25,257.43,257.25,257.41,41843.0,1m
AAPL,2026-04-13 14:44:00,257.41,257.5,257.31,257.49,30159.0,1m
AAPL,2026-04-13 14:45:00,257.47,257.48,257.36,257.41,30094.0,1m
AAPL,2026-04-13 14:46:00,257.42,257.42,257.28,257.32,29104.0,1m
AAPL,2026-04-13 14:47:00,257.33,257.38,257.16,257.19,47474.0,1m
AAPL,2026-04-13 14:48:00,257.21,257.34,257.11,257.16,85584.0,1m
AAPL,2026-04-13 14:49:00,257.2,257.21,257.11,257.14,21595.0,1m
AAPL,2026-04-13 14:50:00,257.17,257.21,257.11,257.12,42874.0,1m
AAPL,2026-04-13 14:51:00,257.11,257.24,257.1,257.22,29661.0,1m
AAPL,2026-04-13 14:52:00,257.22,257.32,257.21,257.28,37380.0,1m
AAPL,2026-04-13 14:53:00,257.28,257.42,257.23,257.41,45519.0,1m
AAPL,2026-04-13 14:54:00,257.41,257.48,257.31,257.44,112913.0,1m
AAPL,2026-04-13 14:55:00,257.43,257.49,257.27,257.33,38929.0,1m
AAPL,2026-04-13 14:56:00,257.32,257.5,257.29,257.5,36480.0,1m
AAPL,2026-04-13 14:57:00,257.5,257.68,257.5,257.6,50142.0,1m
AAPL,2026-04-13 14:58:00,257.6,257.81,257.58,257.79,57392.0,1m
AAPL,2026-04-13 14:59:00,257.79,257.83,257.72,257.81,33713.0,1m
AAPL,2026-04-13 15:00:00,257.82,257.88,257.58,257.71,58625.0,1m
AAPL,2026-04-13 15:01:00,257.71,257.78,257.62,257.76,24105.0,1m
AAPL,2026-04-13 15:02:00,257.78,257.84,257.72,257.74,44719.0,1m
AAPL,2026-04-13 15:03:00,257.74,257.74,257.45,257.63,58894.0,1m
AAPL,2026-04-13 15:04:00,257.56,257.77,257.5,257.54,99084.0,1m
AAPL,2026-04-13 15:05:00,257.54,257.57,257.41,257.53,115560.0,1m
AAPL,2026-04-13 15:06:00,257.55,257.67,257.48,257.66,17668.0,1m
AAPL,2026-04-13 15:07:00,257.67,257.71,257.52,257.58,35188.0,1m
AAPL,2026-04-13 15:08:00,257.6,257.62,257.47,257.51,75111.0,1m
AAPL,2026-04-13 15:09:00,257.52,257.63,257.5,257.6,14031.0,1m
AAPL,2026-04-13 15:10:00,257.61,257.63,257.49,257.53,23018.0,1m
AAPL,2026-04-13 15:11:00,257.53,257.79,257.5,257.78,36176.0,1m
AAPL,2026-04-13 15:12:00,257.78,257.78,257.67,257.68,29086.0,1m
AAPL,2026-04-13 15:13:00,257.68,257.74,257.64,257.7,46156.0,1m
AAPL,2026-04-13 15:14:00,257.66,257.74,257.6,257.69,29851.0,1m
AAPL,2026-04-13 15:15:00,257.7,257.72,257.42,257.44,52901.0,1m
AAPL,2026-04-13 15:16:00,257.44,257.46,257.26,257.38,61595.0,1m
AAPL,2026-04-13 15:17:00,257.4,257.4,257.23,257.3,36048.0,1m
AAPL,2026-04-13 15:18:00,257.3,257.32,257.22,257.31,20103.0,1m
AAPL,2026-04-13 15:19:00,257.33,257.35,257.24,257.3,36320.0,1m
AAPL,2026-04-13 15:20:00,257.31,257.55,257.27,257.51,33563.0,1m
AAPL,2026-04-13 15:21:00,257.51,257.6,257.48,257.52,22570.0,1m
AAPL,2026-04-13 15:22:00,257.51,257.6,257.49,257.51,13864.0,1m
AAPL,2026-04-13 15:23:00,257.48,257.51,257.33,257.49,32017.0,1m
AAPL,2026-04-13 15:24:00,257.48,257.51,257.34,257.41,47175.0,1m
AAPL,2026-04-13 15:25:00,257.4,257.53,257.36,257.53,49801.0,1m
AAPL,2026-04-13 15:26:00,257.52,257.61,257.46,257.59,35469.0,1m
AAPL,2026-04-13 15:27:00,257.6,257.61,257.53,257.61,17724.0,1m
AAPL,2026-04-13 15:28:00,257.63,257.68,257.47,257.59,26135.0,1m
AAPL,2026-04-13 15:29:00,257.6,257.82,257.57,257.71,83010.0,1m
AAPL,2026-04-13 15:30:00,257.73,257.76,257.6,257.66,18203.0,1m
AAPL,2026-04-13 15:31:00,257.66,257.7,257.58,257.63,30128.0,1m
AAPL,2026-04-13 15:32:00,257.63,257.72,257.58,257.6,49308.0,1m
AAPL,2026-04-13 15:33:00,257.61,257.67,257.57,257.61,48591.0,1m
AAPL,2026-04-13 15:34:00,257.58,257.59,257.48,257.54,27603.0,1m
AAPL,2026-04-13 15:35:00,257.54,257.55,257.46,257.48,22953.0,1m
AAPL,2026-04-13 15:36:00,257.46,257.51,257.42,257.47,20486.0,1m
AAPL,2026-04-13 15:37:00,257.46,257.55,257.45,257.49,21106.0,1m
AAPL,2026-04-13 15:38:00,257.49,257.55,257.4,257.42,32418.0,1m
AAPL,2026-04-13 15:39:00,257.43,257.5,257.34,257.37,32672.0,1m
AAPL,2026-04-13 15:40:00,257.38,257.5,257.36,257.46,21170.0,1m
AAPL,2026-04-13 15:41:00,257.46,257.48,257.37,257.45,25489.0,1m
AAPL,2026-04-13 15:42:00,257.44,257.45,257.12,257.15,121747.0,1m
AAPL,2026-04-13 15:43:00,257.14,257.3,257.14,257.2,83198.0,1m
AAPL,2026-04-13 15:44:00,257.2,257.23,257.03,257.12,62263.0,1m
AAPL,2026-04-13 15:45:00,257.12,257.17,257.03,257.11,54793.0,1m
AAPL,2026-04-13 15:46:00,257.11,257.21,257.08,257.15,49833.0,1m
AAPL,2026-04-13 15:47:00,257.16,257.19,257.12,257.15,26897.0,1m
AAPL,2026-04-13 15:48:00,257.16,257.16,257.06,257.09,32951.0,1m
AAPL,2026-04-13 15:49:00,257.08,257.16,257.08,257.08,35414.0,1m
AAPL,2026-04-13 15:50:00,257.09,257.09,257.0,257.03,34238.0,1m
AAPL,2026-04-13 15:51:00,257.02,257.03,256.86,256.94,88430.0,1m
AAPL,2026-04-13 15:52:00,256.94,257.06,256.94,257.04,35052.0,1m
AAPL,2026-04-13 15:53:00,257.04,257.06,256.99,257.01,47535.0,1m
AAPL,2026-04-13 15:54:00,257.02,257.17,257.0,257.1,37218.0,1m
AAPL,2026-04-13 15:55:00,257.1,257.15,257.09,257.14,33653.0,1m
AAPL,2026-04-13 15:56:00,257.14,257.23,257.11,257.13,45564.0,1m
AAPL,2026-04-13 15:57:00,257.13,257.14,256.9,257.01,37721.0,1m
AAPL,2026-04-13 15:58:00,257.0,257.06,256.94,257.03,27634.0,1m
AAPL,2026-04-13 15:59:00,257.02,257.07,257.0,257.0,29449.0,1m
AAPL,2026-04-13 16:00:00,257.02,257.09,256.98,256.99,20469.0,1m
AAPL,2026-04-13 16:01:00,256.99,256.99,256.9,256.96,14562.0,1m
AAPL,2026-04-13 16:02:00,256.97,256.97,256.88,256.96,21126.0,1m
AAPL,2026-04-13 16:03:00,256.97,257.0,256.94,256.97,17119.0,1m
AAPL,2026-04-13 16:04:00,256.97,256.98,256.88,256.93,18226.0,1m
AAPL,2026-04-13 16:05:00,256.93,256.93,256.78,256.9,40271.0,1m
AAPL,2026-04-13 16:06:00,256.9,257.29,256.89,257.23,76396.0,1m
AAPL,2026-04-13 16:07:00,257.17,257.18,257.02,257.09,36838.0,1m
AAPL,2026-04-13 16:08:00,257.09,257.1,256.97,257.0,36125.0,1m
AAPL,2026-04-13 16:09:00,256.96,257.04,256.95,256.99,30617.0,1m
AAPL,2026-04-13 16:10:00,256.99,257.04,256.96,256.98,19322.0,1m
AAPL,2026-04-13 16:11:00,256.98,257.02,256.94,256.98,49312.0,1m
AAPL,2026-04-13 16:12:00,256.97,257.02,256.95,256.97,10008.0,1m
AAPL,2026-04-13 16:13:00,256.97,257.04,256.91,256.96,28600.0,1m
AAPL,2026-04-13 16:14:00,256.96,257.05,256.96,256.99,38476.0,1m
AAPL,2026-04-13 16:15:00,256.99,257.01,256.83,256.88,36920.0,1m
AAPL,2026-04-13 16:16:00,256.88,256.93,256.86,256.87,14313.0,1m
AAPL,2026-04-13 16:17:00,256.88,256.94,256.8,256.93,23668.0,1m
AAPL,2026-04-13 16:18:00,256.94,257.14,256.93,257.14,72282.0,1m
AAPL,2026-04-13 16:19:00,257.13,257.15,257.06,257.08,30313.0,1m
AAPL,2026-04-13 16:20:00,257.09,257.48,257.09,257.13,72520.0,1m
AAPL,2026-04-13 16:21:00,257.12,257.2,257.01,257.2,37942.0,1m
AAPL,2026-04-13 16:22:00,257.2,257.25,257.11,257.2,31996.0,1m
AAPL,2026-04-13 16:23:00,257.19,257.36,257.16,257.3,26028.0,1m
AAPL,2026-04-13 16:24:00,257.31,257.41,257.27,257.39,37265.0,1m
AAPL,2026-04-13 16:25:00,257.4,257.52,257.35,257.52,87543.0,1m
AAPL,2026-04-13 16:26:00,257.53,257.57,257.4,257.44,26002.0,1m
AAPL,2026-04-13 16:27:00,257.42,257.59,257.41,257.58,34518.0,1m
AAPL,2026-04-13 16:28:00,257.56,257.6,257.52,257.59,26351.0,1m
AAPL,2026-04-13 16:29:00,257.58,257.88,257.58,257.78,64437.0,1m
AAPL,2026-04-13 16:30:00,257.81,257.87,257.74,257.87,21306.0,1m
AAPL,2026-04-13 16:31:00,257.86,258.04,257.86,257.97,62352.0,1m
AAPL,2026-04-13 16:32:00,257.97,258.0,257.91,257.97,16523.0,1m
AAPL,2026-04-13 16:33:00,257.98,258.34,257.96,257.96,69091.0,1m
AAPL,2026-04-13 16:34:00,257.96,257.98,257.88,257.94,26432.0,1m
AAPL,2026-04-13 16:35:00,257.93,258.36,257.91,258.19,45630.0,1m
AAPL,2026-04-13 16:36:00,258.16,258.21,258.05,258.05,33488.0,1m
AAPL,2026-04-13 16:37:00,258.03,258.09,257.98,258.04,26299.0,1m
AAPL,2026-04-13 16:38:00,258.03,258.03,257.89,257.89,33607.0,1m
AAPL,2026-04-13 16:39:00,257.89,257.97,257.81,257.82,28619.0,1m
AAPL,2026-04-13 16:40:00,257.84,257.89,257.71,257.72,48628.0,1m
AAPL,2026-04-13 16:41:00,257.72,257.78,257.6,257.69,75319.0,1m
AAPL,2026-04-13 16:42:00,257.68,257.7,257.51,257.65,36465.0,1m
AAPL,2026-04-13 16:43:00,257.64,257.97,257.62,257.94,32865.0,1m
AAPL,2026-04-13 16:44:00,257.95,258.05,257.92,257.99,39443.0,1m
AAPL,2026-04-13 16:45:00,257.98,258.02,257.86,257.9,38947.0,1m
AAPL,2026-04-13 16:46:00,257.89,257.95,257.85,257.95,33923.0,1m
AAPL,2026-04-13 16:47:00,257.92,258.24,257.91,258.09,54327.0,1m
AAPL,2026-04-13 16:48:00,258.09,258.1,257.92,257.92,33066.0,1m
AAPL,2026-04-13 16:49:00,257.88,257.91,257.83,257.88,16851.0,1m
AAPL,2026-04-13 16:50:00,257.89,258.17,257.89,258.17,42615.0,1m
AAPL,2026-04-13 16:51:00,258.16,258.25,258.1,258.15,32841.0,1m
AAPL,2026-04-13 16:52:00,258.12,258.15,257.9,257.93,45080.0,1m
AAPL,2026-04-13 16:53:00,257.92,257.96,257.79,257.84,32103.0,1m
AAPL,2026-04-13 16:54:00,257.84,258.01,257.83,257.89,26302.0,1m
AAPL,2026-04-13 16:55:00,257.88,257.89,257.76,257.81,40418.0,1m
AAPL,2026-04-13 16:56:00,257.79,257.96,257.79,257.88,19600.0,1m
AAPL,2026-04-13 16:57:00,257.89,257.91,257.72,257.75,54738.0,1m
AAPL,2026-04-13 16:58:00,257.74,257.87,257.74,257.86,28146.0,1m
AAPL,2026-04-13 16:59:00,257.86,257.91,257.84,257.85,17104.0,1m
AAPL,2026-04-13 17:00:00,257.85,257.89,257.76,257.8,23919.0,1m
AAPL,2026-04-13 17:01:00,257.78,257.78,257.66,257.74,25285.0,1m
AAPL,2026-04-13 17:02:00,257.74,257.87,257.73,257.8,16107.0,1m
AAPL,2026-04-13 17:03:00,257.81,257.92,257.81,257.87,15211.0,1m
AAPL,2026-04-13 17:04:00,257.86,257.98,257.84,257.98,23886.0,1m
AAPL,2026-04-13 17:05:00,257.98,257.99,257.9,257.91,14377.0,1m
AAPL,2026-04-13 17:06:00,257.91,257.92,257.84,257.85,21005.0,1m
AAPL,2026-04-13 17:07:00,257.85,257.92,257.82,257.87,27886.0,1m
AAPL,2026-04-13 17:08:00,257.87,257.92,257.82,257.85,20726.0,1m
AAPL,2026-04-13 17:09:00,257.84,257.85,257.76,257.85,16476.0,1m
AAPL,2026-04-13 17:10:00,257.84,257.93,257.83,257.93,19603.0,1m
AAPL,2026-04-13 17:11:00,257.93,257.93,257.83,257.89,12450.0,1m
AAPL,2026-04-13 17:12:00,257.89,257.91,257.88,257.89,14553.0,1m
AAPL,2026-04-13 17:13:00,257.88,257.91,257.83,257.88,25934.0,1m
AAPL,2026-04-13 17:14:00,257.88,257.9,257.85,257.89,12010.0,1m
AAPL,2026-04-13 17:15:00,257.9,258.06,257.89,258.04,36280.0,1m
AAPL,2026-04-13 17:16:00,258.03,258.08,257.97,258.0,24003.0,1m
AAPL,2026-04-13 17:17:00,258.0,258.01,257.95,258.0,11526.0,1m
AAPL,2026-04-13 17:18:00,258.0,258.14,258.0,258.11,20198.0,1m
AAPL,2026-04-13 17:19:00,258.12,258.2,258.07,258.1,26440.0,1m
AAPL,2026-04-13 17:20:00,258.08,258.09,258.0,258.01,13378.0,1m
AAPL,2026-04-13 17:21:00,258.01,258.04,257.95,258.01,20794.0,1m
AAPL,2026-04-13 17:22:00,258.0,258.02,257.94,257.94,11100.0,1m
AAPL,2026-04-13 17:23:00,257.94,257.98,257.91,257.94,16040.0,1m
AAPL,2026-04-13 17:24:00,257.94,257.99,257.91,257.94,12913.0,1m
AAPL,2026-04-13 17:25:00,257.93,257.98,257.93,257.95,11329.0,1m
AAPL,2026-04-13 17:26:00,257.96,257.97,257.9,257.93,19956.0,1m
AAPL,2026-04-13 17:27:00,257.93,257.96,257.88,257.91,27425.0,1m
AAPL,2026-04-13 17:28:00,257.91,257.93,257.84,257.84,21916.0,1m
AAPL,2026-04-13 17:29:00,257.84,257.87,257.82,257.87,14766.0,1m
AAPL,2026-04-13 17:30:00,257.87,257.93,257.83,257.86,19233.0,1m
AAPL,2026-04-13 17:31:00,257.85,257.89,257.85,257.86,13764.0,1m
AAPL,2026-04-13 17:32:00,257.87,257.89,257.83,257.88,18370.0,1m
AAPL,2026-04-13 17:33:00,257.88,257.9,257.74,257.77,51370.0,1m
AAPL,2026-04-13 17:34:00,257.76,257.76,257.69,257.7,23010.0,1m
AAPL,2026-04-13 17:35:00,257.7,257.71,257.61,257.7,28931.0,1m
AAPL,2026-04-13 17:36:00,257.71,257.76,257.68,257.69,28186.0,1m
AAPL,2026-04-13 17:37:00,257.68,257.78,257.63,257.69,27243.0,1m
AAPL,2026-04-13 17:38:00,257.71,257.79,257.68,257.74,22368.0,1m
AAPL,2026-04-13 17:39:00,257.73,257.8,257.71,257.75,20703.0,1m
AAPL,2026-04-13 17:40:00,257.73,257.77,257.63,257.67,28502.0,1m
AAPL,2026-04-13 17:41:00,257.66,257.75,257.65,257.65,39469.0,1m
AAPL,2026-04-13 17:42:00,257.65,257.69,257.61,257.67,26017.0,1m
AAPL,2026-04-13 17:43:00,257.66,257.73,257.66,257.69,23325.0,1m
AAPL,2026-04-13 17:44:00,257.69,257.7,257.63,257.67,20025.0,1m
AAPL,2026-04-13 17:45:00,257.66,257.67,257.55,257.62,36673.0,1m
AAPL,2026-04-13 17:46:00,257.61,257.7,257.6,257.68,15054.0,1m
AAPL,2026-04-13 17:47:00,257.68,257.68,257.58,257.6,13601.0,1m
AAPL,2026-04-13 17:48:00,257.59,257.67,257.58,257.61,11797.0,1m
AAPL,2026-04-13 17:49:00,257.61,257.67,257.59,257.63,27585.0,1m
AAPL,2026-04-13 17:50:00,257.62,257.62,257.52,257.52,22723.0,1m
AAPL,2026-04-13 17:51:00,257.52,257.65,257.52,257.64,19457.0,1m
AAPL,2026-04-13 17:52:00,257.63,257.68,257.61,257.63,26630.0,1m
AAPL,2026-04-13 17:53:00,257.63,257.71,257.62,257.68,17225.0,1m
AAPL,2026-04-13 17:54:00,257.66,257.69,257.64,257.68,11061.0,1m
AAPL,2026-04-13 17:55:00,257.67,257.77,257.64,257.77,21441.0,1m
AAPL,2026-04-13 17:56:00,257.74,257.82,257.67,257.82,31193.0,1m
AAPL,2026-04-13 17:57:00,257.82,257.85,257.8,257.84,32264.0,1m
AAPL,2026-04-13 17:58:00,257.83,257.84,257.67,257.68,52028.0,1m
AAPL,2026-04-13 17:59:00,257.68,257.68,257.58,257.59,30447.0,1m
AAPL,2026-04-13 18:00:00,257.59,257.65,257.58,257.65,19699.0,1m
AAPL,2026-04-13 18:01:00,257.65,257.7,257.61,257.62,14072.0,1m
AAPL,2026-04-13 18:02:00,257.62,257.77,257.6,257.74,57224.0,1m
AAPL,2026-04-13 18:03:00,257.74,257.75,257.66,257.68,21738.0,1m
AAPL,2026-04-13 18:04:00,257.7,257.74,257.66,257.66,15731.0,1m
AAPL,2026-04-13 18:05:00,257.67,257.7,257.64,257.67,37095.0,1m
AAPL,2026-04-13 18:06:00,257.68,257.71,257.65,257.7,22470.0,1m
AAPL,2026-04-13 18:07:00,257.7,257.73,257.67,257.73,18899.0,1m
AAPL,2026-04-13 18:08:00,257.74,257.82,257.74,257.77,16781.0,1m
AAPL,2026-04-13 18:09:00,257.77,257.82,257.73,257.78,17311.0,1m
AAPL,2026-04-13 18:10:00,257.77,257.84,257.76,257.82,16407.0,1m
AAPL,2026-04-13 18:11:00,257.82,257.84,257.79,257.82,14883.0,1m
AAPL,2026-04-13 18:12:00,257.82,257.84,257.8,257.81,9357.0,1m
AAPL,2026-04-13 18:13:00,257.81,257.85,257.81,257.82,17291.0,1m
AAPL,2026-04-13 18:14:00,257.82,257.91,257.8,257.89,30240.0,1m
AAPL,2026-04-13 18:15:00,257.91,257.93,257.85,257.93,23095.0,1m
AAPL,2026-04-13 18:16:00,257.93,257.96,257.89,257.9,17601.0,1m
AAPL,2026-04-13 18:17:00,257.91,257.93,257.87,257.93,32185.0,1m
AAPL,2026-04-13 18:18:00,257.92,257.99,257.92,257.99,24426.0,1m
AAPL,2026-04-13 18:19:00,257.99,258.05,257.99,258.03,35177.0,1m
AAPL,2026-04-13 18:20:00,258.03,258.04,257.96,258.01,22916.0,1m
AAPL,2026-04-13 18:21:00,258.02,258.11,257.99,258.08,42516.0,1m
AAPL,2026-04-13 18:22:00,258.08,258.08,257.97,258.03,26265.0,1m
AAPL,2026-04-13 18:23:00,258.03,258.16,258.03,258.15,29213.0,1m
AAPL,2026-04-13 18:24:00,258.16,258.2,258.03,258.06,46406.0,1m
AAPL,2026-04-13 18:25:00,258.05,258.08,257.97,258.04,34697.0,1m
AAPL,2026-04-13 18:26:00,258.03,258.04,257.95,257.98,34626.0,1m
AAPL,2026-04-13 18:27:00,257.97,257.98,257.86,257.91,20507.0,1m
AAPL,2026-04-13 18:28:00,257.91,257.99,257.9,257.95,19943.0,1m
AAPL,2026-04-13 18:29:00,257.93,257.96,257.87,257.88,15657.0,1m
AAPL,2026-04-13 18:30:00,257.87,258.0,257.86,257.97,44644.0,1m
AAPL,2026-04-13 18:31:00,257.96,258.13,257.96,258.08,42365.0,1m
AAPL,2026-04-13 18:32:00,258.07,258.09,258.02,258.03,17648.0,1m
AAPL,2026-04-13 18:33:00,258.04,258.06,257.98,257.98,15816.0,1m
AAPL,2026-04-13 18:34:00,257.99,258.06,257.99,258.05,22662.0,1m
AAPL,2026-04-13 18:35:00,258.05,258.16,258.03,258.14,23664.0,1m
AAPL,2026-04-13 18:36:00,258.13,258.16,258.09,258.15,26796.0,1m
AAPL,2026-04-13 18:37:00,258.14,258.22,258.1,258.11,35345.0,1m
AAPL,2026-04-13 18:38:00,258.11,258.12,257.99,258.12,36119.0,1m
AAPL,2026-04-13 18:39:00,258.12,258.19,258.11,258.18,20000.0,1m
AAPL,2026-04-13 18:40:00,258.19,258.23,258.17,258.23,51332.0,1m
AAPL,2026-04-13 18:41:00,258.22,258.3,258.17,258.18,63283.0,1m
AAPL,2026-04-13 18:42:00,258.17,258.2,258.11,258.17,28633.0,1m
AAPL,2026-04-13 18:43:00,258.17,258.2,258.13,258.19,20698.0,1m
AAPL,2026-04-13 18:44:00,258.2,258.39,258.18,258.37,64473.0,1m
AAPL,2026-04-13 18:45:00,258.37,258.44,258.32,258.38,59248.0,1m
AAPL,2026-04-13 18:46:00,258.38,258.39,258.34,258.36,21947.0,1m
AAPL,2026-04-13 18:47:00,258.36,258.39,258.31,258.32,18167.0,1m
AAPL,2026-04-13 18:48:00,258.33,258.4,258.33,258.35,16175.0,1m
AAPL,2026-04-13 18:49:00,258.34,258.35,258.25,258.28,27649.0,1m
AAPL,2026-04-13 18:50:00,258.27,258.28,258.23,258.25,17585.0,1m
AAPL,2026-04-13 18:51:00,258.25,258.34,258.23,258.31,20070.0,1m
AAPL,2026-04-13 18:52:00,258.31,258.42,258.3,258.39,15820.0,1m
AAPL,2026-04-13 18:53:00,258.39,258.46,258.34,258.34,37096.0,1m
AAPL,2026-04-13 18:54:00,258.33,258.45,258.29,258.42,25739.0,1m
AAPL,2026-04-13 18:55:00,258.41,258.48,258.37,258.45,38220.0,1m
AAPL,2026-04-13 18:56:00,258.44,258.45,258.4,258.42,23365.0,1m
AAPL,2026-04-13 18:57:00,258.42,258.47,258.39,258.44,21491.0,1m
AAPL,2026-04-13 18:58:00,258.44,258.46,258.38,258.39,23151.0,1m
AAPL,2026-04-13 18:59:00,258.38,258.42,258.36,258.38,14162.0,1m
AAPL,2026-04-13 19:00:00,258.37,258.4,258.32,258.38,15910.0,1m
AAPL,2026-04-13 19:01:00,258.38,258.4,258.32,258.37,17098.0,1m
AAPL,2026-04-13 19:02:00,258.36,258.37,258.26,258.26,18731.0,1m
AAPL,2026-04-13 19:03:00,258.25,258.27,258.17,258.19,47748.0,1m
AAPL,2026-04-13 19:04:00,258.2,258.23,258.12,258.12,17615.0,1m
AAPL,2026-04-13 19:05:00,258.11,258.13,258.01,258.04,29245.0,1m
AAPL,2026-04-13 19:06:00,258.04,258.07,257.91,257.93,34117.0,1m
AAPL,2026-04-13 19:07:00,257.93,257.95,257.8,257.83,38403.0,1m
AAPL,2026-04-13 19:08:00,257.84,257.92,257.82,257.9,45059.0,1m
AAPL,2026-04-13 19:09:00,257.89,257.9,257.87,257.87,22175.0,1m
AAPL,2026-04-13 19:10:00,257.88,257.95,257.86,257.94,20214.0,1m
AAPL,2026-04-13 19:11:00,257.94,257.97,257.85,257.85,41754.0,1m
AAPL,2026-04-13 19:12:00,257.86,257.91,257.85,257.88,17099.0,1m
AAPL,2026-04-13 19:13:00,257.88,257.94,257.87,257.9,11906.0,1m
AAPL,2026-04-13 19:14:00,257.91,258.05,257.91,258.01,31429.0,1m
AAPL,2026-04-13 19:15:00,258.01,258.09,257.99,258.08,18378.0,1m
AAPL,2026-04-13 19:16:00,258.08,258.09,258.0,258.05,30803.0,1m
AAPL,2026-04-13 19:17:00,258.04,258.06,257.96,258.0,24522.0,1m
AAPL,2026-04-13 19:18:00,258.0,258.06,257.99,258.05,19733.0,1m
AAPL,2026-04-13 19:19:00,258.05,258.07,258.0,258.0,18178.0,1m
AAPL,2026-04-13 19:20:00,257.98,258.01,257.94,257.94,26795.0,1m
AAPL,2026-04-13 19:21:00,257.92,258.04,257.91,258.01,26041.0,1m
AAPL,2026-04-13 19:22:00,258.02,258.02,257.95,257.96,16596.0,1m
AAPL,2026-04-13 19:23:00,257.97,258.03,257.97,258.02,23854.0,1m
AAPL,2026-04-13 19:24:00,258.01,258.11,258.0,258.07,31644.0,1m
AAPL,2026-04-13 19:25:00,258.07,258.08,258.03,258.05,30748.0,1m
AAPL,2026-04-13 19:26:00,258.06,258.06,257.96,257.97,34764.0,1m
AAPL,2026-04-13 19:27:00,257.97,257.98,257.92,257.93,39931.0,1m
AAPL,2026-04-13 19:28:00,257.93,257.98,257.91,257.92,40482.0,1m
AAPL,2026-04-13 19:29:00,257.9,257.91,257.84,257.85,74259.0,1m
AAPL,2026-04-13 19:30:00,257.85,257.85,257.67,257.73,84466.0,1m
AAPL,2026-04-13 19:31:00,257.73,257.82,257.7,257.79,40156.0,1m
AAPL,2026-04-13 19:32:00,257.78,257.91,257.75,257.86,38443.0,1m
AAPL,2026-04-13 19:33:00,257.86,257.88,257.81,257.84,27801.0,1m
AAPL,2026-04-13 19:34:00,257.83,257.84,257.7,257.72,28044.0,1m
AAPL,2026-04-13 19:35:00,257.71,257.72,257.63,257.69,69080.0,1m
AAPL,2026-04-13 19:36:00,257.69,257.79,257.68,257.75,35264.0,1m
AAPL,2026-04-13 19:37:00,257.75,257.8,257.72,257.75,36794.0,1m
AAPL,2026-04-13 19:38:00,257.75,257.78,257.68,257.78,40061.0,1m
AAPL,2026-04-13 19:39:00,257.77,257.84,257.77,257.79,23156.0,1m
AAPL,2026-04-13 19:40:00,257.79,257.83,257.68,257.73,31478.0,1m
AAPL,2026-04-13 19:41:00,257.72,257.77,257.68,257.73,40458.0,1m
AAPL,2026-04-13 19:42:00,257.73,257.76,257.66,257.72,44802.0,1m
AAPL,2026-04-13 19:43:00,257.71,257.74,257.66,257.71,37978.0,1m
AAPL,2026-04-13 19:44:00,257.73,257.82,257.72,257.8,64133.0,1m
AAPL,2026-04-13 19:45:00,257.81,257.93,257.72,257.74,92942.0,1m
AAPL,2026-04-13 19:46:00,257.75,257.76,257.65,257.68,70985.0,1m
AAPL,2026-04-13 19:47:00,257.68,257.7,257.59,257.65,51700.0,1m
AAPL,2026-04-13 19:48:00,257.66,257.69,257.62,257.67,38127.0,1m
AAPL,2026-04-13 19:49:00,257.66,257.77,257.62,257.74,115460.0,1m
AAPL,2026-04-13 19:50:00,257.75,258.6,257.75,258.56,216420.0,1m
AAPL,2026-04-13 19:51:00,258.58,258.62,258.46,258.59,98699.0,1m
AAPL,2026-04-13 19:52:00,258.59,258.75,258.57,258.69,84539.0,1m
AAPL,2026-04-13 19:53:00,258.69,259.31,258.68,259.19,213303.0,1m
AAPL,2026-04-13 19:54:00,259.19,259.49,258.98,259.1,188413.0,1m
AAPL,2026-04-13 19:55:00,259.11,259.49,259.09,259.3,244665.0,1m
AAPL,2026-04-13 19:56:00,259.31,259.55,259.27,259.53,200445.0,1m
AAPL,2026-04-13 19:57:00,259.53,259.58,259.26,259.37,268353.0,1m
AAPL,2026-04-13 19:58:00,259.37,259.4,259.15,259.19,321443.0,1m
AAPL,2026-04-13 19:59:00,259.19,259.31,259.04,259.06,892434.0,1m
AAPL,2026-04-14 13:30:00,259.11,260.25,259.1,259.92,777319.0,1m
AAPL,2026-04-14 13:31:00,259.86,260.33,259.73,260.28,126636.0,1m
AAPL,2026-04-14 13:32:00,260.28,260.33,259.55,259.83,104714.0,1m
AAPL,2026-04-14 13:33:00,259.8,260.29,259.77,260.2,133061.0,1m
AAPL,2026-04-14 13:34:00,260.18,260.22,259.97,260.05,92561.0,1m
AAPL,2026-04-14 13:35:00,260.03,260.72,260.02,260.7,173348.0,1m
AAPL,2026-04-14 13:36:00,260.72,260.86,260.47,260.86,118722.0,1m
AAPL,2026-04-14 13:37:00,260.85,261.16,260.75,260.98,140036.0,1m
AAPL,2026-04-14 13:38:00,260.98,261.13,260.85,260.91,127253.0,1m
AAPL,2026-04-14 13:39:00,260.91,261.07,260.75,260.9,100946.0,1m
AAPL,2026-04-14 13:40:00,260.87,260.97,260.6,260.7,73325.0,1m
AAPL,2026-04-14 13:41:00,260.68,261.12,260.68,261.1,96075.0,1m
AAPL,2026-04-14 13:42:00,261.11,261.43,261.07,261.32,122631.0,1m
AAPL,2026-04-14 13:43:00,261.34,261.78,261.3,261.65,116875.0,1m
AAPL,2026-04-14 13:44:00,261.66,261.68,261.29,261.52,104736.0,1m
AAPL,2026-04-14 13:45:00,261.51,261.77,261.41,261.7,148617.0,1m
AAPL,2026-04-14 13:46:00,261.7,261.93,261.48,261.63,160935.0,1m
AAPL,2026-04-14 13:47:00,261.59,261.61,261.17,261.21,80040.0,1m
AAPL,2026-04-14 13:48:00,261.21,261.33,260.86,260.86,47606.0,1m
AAPL,2026-04-14 13:49:00,260.87,261.08,260.72,260.88,77125.0,1m
AAPL,2026-04-14 13:50:00,260.91,260.96,260.43,260.44,67973.0,1m
AAPL,2026-04-14 13:51:00,260.43,260.66,260.38,260.49,46368.0,1m
AAPL,2026-04-14 13:52:00,260.41,260.6,260.34,260.43,37698.0,1m
AAPL,2026-04-14 13:53:00,260.45,260.45,260.16,260.19,45857.0,1m
AAPL,2026-04-14 13:54:00,260.16,260.16,259.81,259.95,67821.0,1m
AAPL,2026-04-14 13:55:00,259.96,260.09,259.94,260.03,49174.0,1m
AAPL,2026-04-14 13:56:00,260.04,260.04,259.74,259.79,60194.0,1m
AAPL,2026-04-14 13:57:00,259.79,259.98,259.74,259.95,43073.0,1m
AAPL,2026-04-14 13:58:00,259.97,259.97,259.68,259.7,47255.0,1m
AAPL,2026-04-14 13:59:00,259.7,259.71,259.35,259.43,135763.0,1m
AAPL,2026-04-14 14:00:00,259.42,259.78,259.4,259.72,112151.0,1m
AAPL,2026-04-14 14:01:00,259.72,259.76,259.57,259.65,84842.0,1m
AAPL,2026-04-14 14:02:00,259.63,259.91,259.58,259.86,98516.0,1m
AAPL,2026-04-14 14:03:00,259.87,259.94,259.72,259.82,98615.0,1m
AAPL,2026-04-14 14:04:00,259.8,259.91,259.71,259.76,66037.0,1m
AAPL,2026-04-14 14:05:00,259.83,260.08,259.81,259.96,94564.0,1m
AAPL,2026-04-14 14:06:00,259.99,260.11,259.98,260.06,88040.0,1m
AAPL,2026-04-14 14:07:00,260.05,260.16,259.91,259.94,48040.0,1m
AAPL,2026-04-14 14:08:00,259.91,260.37,259.89,260.24,87696.0,1m
AAPL,2026-04-14 14:09:00,260.21,260.34,260.14,260.25,43525.0,1m
AAPL,2026-04-14 14:10:00,260.22,260.25,259.92,259.93,58714.0,1m
AAPL,2026-04-14 14:11:00,259.95,259.95,259.69,259.74,75248.0,1m
AAPL,2026-04-14 14:12:00,259.74,259.75,259.55,259.67,53605.0,1m
AAPL,2026-04-14 14:13:00,259.67,260.0,259.67,259.98,81518.0,1m
AAPL,2026-04-14 14:14:00,259.98,260.38,259.94,260.27,91850.0,1m
AAPL,2026-04-14 14:15:00,260.29,260.3,260.08,260.24,80747.0,1m
AAPL,2026-04-14 14:16:00,260.23,260.24,260.04,260.16,45602.0,1m
AAPL,2026-04-14 14:17:00,260.2,260.2,259.89,259.91,70593.0,1m
AAPL,2026-04-14 14:18:00,259.92,259.94,259.68,259.71,83533.0,1m
AAPL,2026-04-14 14:19:00,259.72,259.72,259.5,259.54,38775.0,1m
AAPL,2026-04-14 14:20:00,259.56,259.59,259.41,259.41,50539.0,1m
AAPL,2026-04-14 14:21:00,259.43,259.61,259.35,259.61,97323.0,1m
AAPL,2026-04-14 14:22:00,259.61,259.64,259.47,259.48,34046.0,1m
AAPL,2026-04-14 14:23:00,259.48,259.49,259.24,259.27,56349.0,1m
AAPL,2026-04-14 14:24:00,259.27,259.27,259.03,259.09,50091.0,1m
AAPL,2026-04-14 14:25:00,259.05,259.24,259.04,259.24,38480.0,1m
AAPL,2026-04-14 14:26:00,259.22,259.4,259.18,259.39,53723.0,1m
AAPL,2026-04-14 14:27:00,259.4,259.55,259.38,259.5,72807.0,1m
AAPL,2026-04-14 14:28:00,259.51,259.56,259.41,259.45,36662.0,1m
AAPL,2026-04-14 14:29:00,259.43,259.44,259.32,259.33,37318.0,1m
AAPL,2026-04-14 14:30:00,259.33,259.35,259.23,259.33,32275.0,1m
AAPL,2026-04-14 14:31:00,259.34,259.37,259.17,259.24,33702.0,1m
AAPL,2026-04-14 14:32:00,259.24,259.28,259.19,259.19,27822.0,1m
AAPL,2026-04-14 14:33:00,259.19,259.36,259.18,259.27,38610.0,1m
AAPL,2026-04-14 14:34:00,259.31,259.32,259.18,259.22,46041.0,1m
AAPL,2026-04-14 14:35:00,259.22,259.44,259.14,259.4,42587.0,1m
AAPL,2026-04-14 14:36:00,259.39,259.39,259.19,259.21,34811.0,1m
AAPL,2026-04-14 14:37:00,259.2,259.39,259.19,259.29,28642.0,1m
AAPL,2026-04-14 14:38:00,259.28,259.28,259.07,259.08,49546.0,1m
AAPL,2026-04-14 14:39:00,259.07,259.12,258.82,258.84,105245.0,1m
AAPL,2026-04-14 14:40:00,258.84,258.84,258.64,258.64,69728.0,1m
AAPL,2026-04-14 14:41:00,258.62,258.73,258.56,258.66,84459.0,1m
AAPL,2026-04-14 14:42:00,258.65,258.66,258.45,258.48,88418.0,1m
AAPL,2026-04-14 14:43:00,258.47,258.63,258.39,258.49,111784.0,1m
AAPL,2026-04-14 14:44:00,258.48,258.51,258.2,258.24,59818.0,1m
AAPL,2026-04-14 14:45:00,258.26,258.27,257.91,258.07,148852.0,1m
AAPL,2026-04-14 14:46:00,258.06,258.12,257.82,257.84,110233.0,1m
AAPL,2026-04-14 14:47:00,257.87,257.99,257.86,257.88,59446.0,1m
AAPL,2026-04-14 14:48:00,257.86,258.02,257.85,257.95,68312.0,1m
AAPL,2026-04-14 14:49:00,257.94,258.09,257.84,257.85,82269.0,1m
AAPL,2026-04-14 14:50:00,257.85,257.88,257.7,257.7,98806.0,1m
AAPL,2026-04-14 14:51:00,257.72,257.87,257.67,257.82,68301.0,1m
AAPL,2026-04-14 14:52:00,257.81,257.99,257.78,257.79,88915.0,1m
AAPL,2026-04-14 14:53:00,257.78,258.07,257.78,257.99,124781.0,1m
AAPL,2026-04-14 14:54:00,257.99,258.1,257.97,258.1,64417.0,1m
AAPL,2026-04-14 14:55:00,258.08,258.21,258.01,258.02,70129.0,1m
AAPL,2026-04-14 14:56:00,258.01,258.11,257.94,258.0,58619.0,1m
AAPL,2026-04-14 14:57:00,258.0,258.01,257.83,257.83,31902.0,1m
AAPL,2026-04-14 14:58:00,257.84,258.0,257.81,257.92,52297.0,1m
AAPL,2026-04-14 14:59:00,257.92,257.97,257.81,257.84,45051.0,1m
AAPL,2026-04-14 15:00:00,257.83,257.86,257.73,257.79,46264.0,1m
AAPL,2026-04-14 15:01:00,257.79,257.97,257.77,257.91,41326.0,1m
AAPL,2026-04-14 15:02:00,257.9,257.9,257.78,257.8,24171.0,1m
AAPL,2026-04-14 15:03:00,257.8,257.96,257.8,257.94,26716.0,1m
AAPL,2026-04-14 15:04:00,257.94,258.08,257.89,258.02,66122.0,1m
AAPL,2026-04-14 15:05:00,258.03,258.03,257.84,257.93,31327.0,1m
AAPL,2026-04-14 15:06:00,257.94,257.97,257.88,257.97,34369.0,1m
AAPL,2026-04-14 15:07:00,258.01,258.15,257.96,258.04,71757.0,1m
AAPL,2026-04-14 15:08:00,258.04,258.15,258.02,258.1,29835.0,1m
AAPL,2026-04-14 15:09:00,258.09,258.11,257.98,257.98,43567.0,1m
AAPL,2026-04-14 15:10:00,257.96,258.02,257.83,257.84,49184.0,1m
AAPL,2026-04-14 15:11:00,257.84,257.88,257.71,257.81,55887.0,1m
AAPL,2026-04-14 15:12:00,257.81,257.82,257.72,257.74,53870.0,1m
AAPL,2026-04-14 15:13:00,257.75,257.8,257.61,257.68,45727.0,1m
AAPL,2026-04-14 15:14:00,257.66,257.71,257.61,257.64,58543.0,1m
AAPL,2026-04-14 15:15:00,257.63,257.77,257.63,257.73,42481.0,1m
AAPL,2026-04-14 15:16:00,257.72,257.83,257.69,257.7,38981.0,1m
AAPL,2026-04-14 15:17:00,257.71,257.84,257.69,257.69,40576.0,1m
AAPL,2026-04-14 15:18:00,257.69,257.79,257.65,257.73,34815.0,1m
AAPL,2026-04-14 15:19:00,257.73,257.82,257.63,257.78,39805.0,1m
AAPL,2026-04-14 15:20:00,257.79,257.81,257.67,257.75,34053.0,1m
AAPL,2026-04-14 15:21:00,257.76,257.9,257.74,257.88,39806.0,1m
AAPL,2026-04-14 15:22:00,257.87,257.88,257.71,257.71,30629.0,1m
AAPL,2026-04-14 15:23:00,257.69,257.74,257.62,257.73,29317.0,1m
AAPL,2026-04-14 15:24:00,257.73,257.82,257.69,257.74,27216.0,1m
AAPL,2026-04-14 15:25:00,257.75,257.99,257.74,257.99,54232.0,1m
AAPL,2026-04-14 15:26:00,257.97,258.14,257.93,258.11,65022.0,1m
AAPL,2026-04-14 15:27:00,258.08,258.19,258.05,258.11,55639.0,1m
AAPL,2026-04-14 15:28:00,258.11,258.15,258.06,258.07,31151.0,1m
AAPL,2026-04-14 15:29:00,258.08,258.12,257.92,258.06,57640.0,1m
AAPL,2026-04-14 15:30:00,258.04,258.1,257.93,258.06,64827.0,1m
AAPL,2026-04-14 15:31:00,258.06,258.16,258.03,258.04,74472.0,1m
AAPL,2026-04-14 15:32:00,258.04,258.15,258.02,258.13,36903.0,1m
AAPL,2026-04-14 15:33:00,258.12,258.13,258.0,258.01,45953.0,1m
AAPL,2026-04-14 15:34:00,258.0,258.05,257.93,257.94,66033.0,1m
AAPL,2026-04-14 15:35:00,257.94,258.0,257.89,257.9,40146.0,1m
AAPL,2026-04-14 15:36:00,257.91,257.97,257.88,257.93,40753.0,1m
AAPL,2026-04-14 15:37:00,257.94,257.94,257.79,257.8,68291.0,1m
AAPL,2026-04-14 15:38:00,257.8,257.93,257.74,257.9,91622.0,1m
AAPL,2026-04-14 15:39:00,257.93,258.12,257.8,257.92,159856.0,1m
AAPL,2026-04-14 15:40:00,257.91,257.93,257.82,257.87,32057.0,1m
AAPL,2026-04-14 15:41:00,257.87,257.99,257.81,257.89,42881.0,1m
AAPL,2026-04-14 15:42:00,257.89,258.14,257.89,258.12,58399.0,1m
AAPL,2026-04-14 15:43:00,258.11,258.39,258.11,258.19,105050.0,1m
AAPL,2026-04-14 15:44:00,258.2,258.26,258.09,258.24,89439.0,1m
AAPL,2026-04-14 15:45:00,258.23,258.3,258.09,258.16,74228.0,1m
AAPL,2026-04-14 15:46:00,258.16,258.22,258.02,258.06,71156.0,1m
AAPL,2026-04-14 15:47:00,258.06,258.07,258.0,258.02,30698.0,1m
AAPL,2026-04-14 15:48:00,258.01,258.04,257.82,257.83,38395.0,1m
AAPL,2026-04-14 15:49:00,257.84,257.87,257.75,257.8,63969.0,1m
AAPL,2026-04-14 15:50:00,257.8,257.81,257.7,257.79,57702.0,1m
AAPL,2026-04-14 15:51:00,257.8,258.06,257.79,257.97,51825.0,1m
AAPL,2026-04-14 15:52:00,257.98,258.02,257.91,257.94,30744.0,1m
AAPL,2026-04-14 15:53:00,257.94,257.94,257.85,257.89,27022.0,1m
AAPL,2026-04-14 15:54:00,257.86,257.91,257.84,257.86,37647.0,1m
AAPL,2026-04-14 15:55:00,257.87,257.9,257.79,257.85,54712.0,1m
AAPL,2026-04-14 15:56:00,257.85,257.9,257.8,257.86,18268.0,1m
AAPL,2026-04-14 15:57:00,257.85,257.86,257.73,257.73,34374.0,1m
AAPL,2026-04-14 15:58:00,257.72,257.73,257.65,257.68,31374.0,1m
AAPL,2026-04-14 15:59:00,257.67,257.79,257.64,257.73,47574.0,1m
AAPL,2026-04-14 16:00:00,257.72,257.78,257.7,257.71,31700.0,1m
AAPL,2026-04-14 16:01:00,257.72,257.74,257.67,257.74,45658.0,1m
AAPL,2026-04-14 16:02:00,257.71,257.78,257.68,257.77,44800.0,1m
AAPL,2026-04-14 16:03:00,257.77,257.83,257.76,257.81,30798.0,1m
AAPL,2026-04-14 16:04:00,257.81,257.87,257.71,257.73,34807.0,1m
AAPL,2026-04-14 16:05:00,257.72,257.8,257.6,257.67,85731.0,1m
AAPL,2026-04-14 16:06:00,257.66,257.7,257.6,257.61,33318.0,1m
AAPL,2026-04-14 16:07:00,257.6,257.6,257.45,257.46,66027.0,1m
AAPL,2026-04-14 16:08:00,257.45,257.53,257.43,257.44,39136.0,1m
AAPL,2026-04-14 16:09:00,257.44,257.44,257.32,257.33,41186.0,1m
AAPL,2026-04-14 16:10:00,257.32,257.41,257.25,257.38,57395.0,1m
AAPL,2026-04-14 16:11:00,257.39,257.41,257.35,257.36,23590.0,1m
AAPL,2026-04-14 16:12:00,257.36,257.49,257.33,257.49,33898.0,1m
AAPL,2026-04-14 16:13:00,257.49,257.52,257.38,257.38,29236.0,1m
AAPL,2026-04-14 16:14:00,257.38,257.4,257.33,257.4,32947.0,1m
AAPL,2026-04-14 16:15:00,257.4,257.43,257.35,257.38,40853.0,1m
AAPL,2026-04-14 16:16:00,257.38,257.45,257.29,257.36,43063.0,1m
AAPL,2026-04-14 16:17:00,257.36,257.38,257.26,257.26,44970.0,1m
AAPL,2026-04-14 16:18:00,257.27,257.29,257.22,257.23,48058.0,1m
AAPL,2026-04-14 16:19:00,257.23,257.37,257.19,257.37,34785.0,1m
AAPL,2026-04-14 16:20:00,257.37,257.44,257.31,257.34,55523.0,1m
AAPL,2026-04-14 16:21:00,257.34,257.38,257.27,257.35,33545.0,1m
AAPL,2026-04-14 16:22:00,257.34,257.35,257.27,257.29,35376.0,1m
AAPL,2026-04-14 16:23:00,257.29,257.39,257.29,257.39,22610.0,1m
AAPL,2026-04-14 16:24:00,257.38,257.42,257.32,257.41,29669.0,1m
AAPL,2026-04-14 16:25:00,257.42,257.43,257.31,257.36,31979.0,1m
AAPL,2026-04-14 16:26:00,257.38,257.56,257.38,257.48,46316.0,1m
AAPL,2026-04-14 16:27:00,257.48,257.57,257.47,257.57,45633.0,1m
AAPL,2026-04-14 16:28:00,257.56,257.71,257.55,257.7,72437.0,1m
AAPL,2026-04-14 16:29:00,257.71,257.76,257.68,257.7,46744.0,1m
AAPL,2026-04-14 16:30:00,257.69,257.79,257.62,257.74,52724.0,1m
AAPL,2026-04-14 16:31:00,257.74,257.84,257.68,257.81,47200.0,1m
AAPL,2026-04-14 16:32:00,257.8,257.83,257.75,257.76,34245.0,1m
AAPL,2026-04-14 16:33:00,257.75,257.82,257.74,257.82,35371.0,1m
AAPL,2026-04-14 16:34:00,257.82,257.88,257.8,257.84,51001.0,1m
AAPL,2026-04-14 16:35:00,257.84,257.92,257.84,257.88,40247.0,1m
AAPL,2026-04-14 16:36:00,257.87,257.92,257.85,257.92,38229.0,1m
AAPL,2026-04-14 16:37:00,257.91,257.99,257.87,257.98,32158.0,1m
AAPL,2026-04-14 16:38:00,257.99,258.23,257.98,258.2,178770.0,1m
AAPL,2026-04-14 16:39:00,258.23,258.35,258.22,258.3,83025.0,1m
AAPL,2026-04-14 16:40:00,258.31,258.62,258.29,258.54,87730.0,1m
AAPL,2026-04-14 16:41:00,258.54,258.6,258.46,258.52,54223.0,1m
AAPL,2026-04-14 16:42:00,258.5,258.71,258.48,258.62,70590.0,1m
AAPL,2026-04-14 16:43:00,258.6,258.62,258.54,258.59,31841.0,1m
AAPL,2026-04-14 16:44:00,258.57,258.72,258.57,258.72,39437.0,1m
AAPL,2026-04-14 16:45:00,258.74,258.88,258.74,258.87,59492.0,1m
AAPL,2026-04-14 16:46:00,258.86,258.92,258.82,258.86,46691.0,1m
AAPL,2026-04-14 16:47:00,258.87,258.99,258.86,258.93,60295.0,1m
AAPL,2026-04-14 16:48:00,258.93,259.23,258.92,259.22,91057.0,1m
AAPL,2026-04-14 16:49:00,259.23,259.61,259.23,259.59,129503.0,1m
AAPL,2026-04-14 16:50:00,259.58,259.73,259.57,259.65,162409.0,1m
AAPL,2026-04-14 16:51:00,259.64,259.65,259.31,259.37,112291.0,1m
AAPL,2026-04-14 16:52:00,259.36,259.58,259.35,259.5,90479.0,1m
AAPL,2026-04-14 16:53:00,259.5,259.57,259.35,259.38,49378.0,1m
AAPL,2026-04-14 16:54:00,259.38,259.45,259.35,259.41,32743.0,1m
AAPL,2026-04-14 16:55:00,259.41,259.46,259.39,259.42,42240.0,1m
AAPL,2026-04-14 16:56:00,259.42,259.49,259.28,259.28,44480.0,1m
AAPL,2026-04-14 16:57:00,259.3,259.32,259.16,259.21,59808.0,1m
AAPL,2026-04-14 16:58:00,259.21,259.26,259.17,259.24,30200.0,1m
AAPL,2026-04-14 16:59:00,259.24,259.34,259.24,259.31,23608.0,1m
AAPL,2026-04-14 17:00:00,259.32,259.48,259.32,259.47,40533.0,1m
AAPL,2026-04-14 17:01:00,259.47,259.6,259.45,259.59,33486.0,1m
AAPL,2026-04-14 17:02:00,259.59,259.67,259.57,259.66,59651.0,1m
AAPL,2026-04-14 17:03:00,259.66,259.73,259.58,259.72,54034.0,1m
AAPL,2026-04-14 17:04:00,259.71,259.74,259.61,259.62,37206.0,1m
AAPL,2026-04-14 17:05:00,259.61,259.77,259.59,259.63,43952.0,1m
AAPL,2026-04-14 17:06:00,259.63,259.72,259.59,259.64,27080.0,1m
AAPL,2026-04-14 17:07:00,259.62,259.66,259.48,259.52,45487.0,1m
AAPL,2026-04-14 17:08:00,259.49,259.57,259.49,259.56,13558.0,1m
AAPL,2026-04-14 17:09:00,259.57,259.63,259.49,259.52,27737.0,1m
AAPL,2026-04-14 17:10:00,259.53,259.66,259.52,259.62,21972.0,1m
AAPL,2026-04-14 17:11:00,259.61,259.61,259.5,259.51,10215.0,1m
AAPL,2026-04-14 17:12:00,259.51,259.56,259.46,259.55,23453.0,1m
AAPL,2026-04-14 17:13:00,259.53,259.6,259.42,259.44,30496.0,1m
AAPL,2026-04-14 17:14:00,259.43,259.45,259.35,259.36,23778.0,1m
AAPL,2026-04-14 17:15:00,259.36,259.45,259.34,259.44,31420.0,1m
AAPL,2026-04-14 17:16:00,259.43,259.49,259.42,259.47,15943.0,1m
AAPL,2026-04-14 17:17:00,259.48,259.56,259.41,259.46,47661.0,1m
AAPL,2026-04-14 17:18:00,259.45,259.45,259.3,259.38,57086.0,1m
AAPL,2026-04-14 17:19:00,259.38,259.54,259.38,259.47,37469.0,1m
AAPL,2026-04-14 17:20:00,259.46,259.58,259.44,259.49,36000.0,1m
AAPL,2026-04-14 17:21:00,259.48,259.5,259.4,259.41,29626.0,1m
AAPL,2026-04-14 17:22:00,259.41,259.45,259.33,259.35,44072.0,1m
AAPL,2026-04-14 17:23:00,259.35,259.35,259.27,259.3,35259.0,1m
AAPL,2026-04-14 17:24:00,259.3,259.31,259.19,259.22,51606.0,1m
AAPL,2026-04-14 17:25:00,259.2,259.22,259.04,259.15,69973.0,1m
AAPL,2026-04-14 17:26:00,259.14,259.17,258.73,258.75,63389.0,1m
AAPL,2026-04-14 17:27:00,258.75,258.86,258.7,258.7,44308.0,1m
AAPL,2026-04-14 17:28:00,258.71,258.74,258.61,258.67,44685.0,1m
AAPL,2026-04-14 17:29:00,258.66,258.67,258.56,258.66,61143.0,1m
AAPL,2026-04-14 17:30:00,258.66,258.66,258.55,258.55,37563.0,1m
AAPL,2026-04-14 17:31:00,258.57,258.66,258.56,258.59,46433.0,1m
AAPL,2026-04-14 17:32:00,258.58,258.62,258.56,258.58,30153.0,1m
AAPL,2026-04-14 17:33:00,258.57,258.58,258.36,258.39,38224.0,1m
AAPL,2026-04-14 17:34:00,258.39,258.44,258.32,258.42,29737.0,1m
AAPL,2026-04-14 17:35:00,258.42,258.43,258.2,258.22,30415.0,1m
AAPL,2026-04-14 17:36:00,258.22,258.3,258.13,258.25,101740.0,1m
AAPL,2026-04-14 17:37:00,258.22,258.25,258.09,258.12,48394.0,1m
AAPL,2026-04-14 17:38:00,258.13,258.15,257.98,258.0,62515.0,1m
AAPL,2026-04-14 17:39:00,257.98,258.09,257.9,257.98,69628.0,1m
AAPL,2026-04-14 17:40:00,257.98,257.99,257.75,257.77,37085.0,1m
AAPL,2026-04-14 17:41:00,257.78,257.97,257.77,257.96,109809.0,1m
AAPL,2026-04-14 17:42:00,257.94,258.01,257.91,257.98,55308.0,1m
AAPL,2026-04-14 17:43:00,257.97,258.2,257.96,258.15,55342.0,1m
AAPL,2026-04-14 17:44:00,258.16,258.28,258.15,258.27,52135.0,1m
AAPL,2026-04-14 17:45:00,258.26,258.28,258.15,258.17,89566.0,1m
AAPL,2026-04-14 17:46:00,258.17,258.23,258.14,258.22,26411.0,1m
AAPL,2026-04-14 17:47:00,258.24,258.38,258.24,258.34,39225.0,1m
AAPL,2026-04-14 17:48:00,258.33,258.43,258.25,258.36,21146.0,1m
AAPL,2026-04-14 17:49:00,258.35,258.36,258.3,258.31,14493.0,1m
AAPL,2026-04-14 17:50:00,258.3,258.32,258.23,258.32,15097.0,1m
AAPL,2026-04-14 17:51:00,258.32,258.33,258.28,258.29,15961.0,1m
AAPL,2026-04-14 17:52:00,258.28,258.32,258.18,258.2,13742.0,1m
AAPL,2026-04-14 17:53:00,258.21,258.21,258.1,258.11,17619.0,1m
AAPL,2026-04-14 17:54:00,258.13,258.22,258.11,258.19,23145.0,1m
AAPL,2026-04-14 17:55:00,258.18,258.26,258.18,258.24,14437.0,1m
AAPL,2026-04-14 17:56:00,258.25,258.26,258.18,258.25,17094.0,1m
AAPL,2026-04-14 17:57:00,258.24,258.33,258.23,258.3,14212.0,1m
AAPL,2026-04-14 17:58:00,258.3,258.35,258.3,258.33,14166.0,1m
AAPL,2026-04-14 17:59:00,258.32,258.42,258.31,258.4,14282.0,1m
AAPL,2026-04-14 18:00:00,258.41,258.51,258.39,258.49,37132.0,1m
AAPL,2026-04-14 18:01:00,258.5,258.71,258.48,258.69,39250.0,1m
AAPL,2026-04-14 18:02:00,258.69,258.76,258.68,258.72,24096.0,1m
AAPL,2026-04-14 18:03:00,258.71,258.83,258.7,258.82,39342.0,1m
AAPL,2026-04-14 18:04:00,258.82,258.86,258.77,258.85,44858.0,1m
AAPL,2026-04-14 18:05:00,258.84,258.88,258.78,258.8,33461.0,1m
AAPL,2026-04-14 18:06:00,258.82,258.82,258.74,258.76,15051.0,1m
AAPL,2026-04-14 18:07:00,258.77,258.8,258.71,258.78,17145.0,1m
AAPL,2026-04-14 18:08:00,258.79,258.82,258.74,258.77,13361.0,1m
AAPL,2026-04-14 18:09:00,258.77,258.8,258.72,258.77,19758.0,1m
AAPL,2026-04-14 18:10:00,258.78,258.83,258.74,258.77,26415.0,1m
AAPL,2026-04-14 18:11:00,258.77,258.88,258.74,258.88,20250.0,1m
AAPL,2026-04-14 18:12:00,258.88,258.9,258.84,258.84,51314.0,1m
AAPL,2026-04-14 18:13:00,258.84,258.89,258.82,258.88,20931.0,1m
AAPL,2026-04-14 18:14:00,258.89,258.92,258.77,258.79,17641.0,1m
AAPL,2026-04-14 18:15:00,258.79,258.79,258.71,258.74,18105.0,1m
AAPL,2026-04-14 18:16:00,258.74,258.79,258.69,258.72,21754.0,1m
AAPL,2026-04-14 18:17:00,258.73,258.75,258.66,258.68,13116.0,1m
AAPL,2026-04-14 18:18:00,258.67,258.72,258.62,258.71,51950.0,1m
AAPL,2026-04-14 18:19:00,258.7,258.74,258.57,258.64,28581.0,1m
AAPL,2026-04-14 18:20:00,258.62,258.72,258.61,258.63,15824.0,1m
AAPL,2026-04-14 18:21:00,258.63,258.64,258.52,258.63,36141.0,1m
AAPL,2026-04-14 18:22:00,258.64,258.74,258.64,258.68,31358.0,1m
AAPL,2026-04-14 18:23:00,258.69,258.82,258.69,258.81,44420.0,1m
AAPL,2026-04-14 18:24:00,258.81,258.85,258.72,258.76,26217.0,1m
AAPL,2026-04-14 18:25:00,258.75,258.91,258.73,258.9,30704.0,1m
AAPL,2026-04-14 18:26:00,258.9,258.97,258.87,258.88,39449.0,1m
AAPL,2026-04-14 18:27:00,258.88,258.88,258.81,258.84,13829.0,1m
AAPL,2026-04-14 18:28:00,258.82,258.87,258.73,258.75,20832.0,1m
AAPL,2026-04-14 18:29:00,258.75,258.8,258.72,258.78,19943.0,1m
AAPL,2026-04-14 18:30:00,258.78,258.81,258.72,258.73,17317.0,1m
AAPL,2026-04-14 18:31:00,258.75,258.79,258.68,258.69,14741.0,1m
AAPL,2026-04-14 18:32:00,258.69,258.74,258.61,258.67,29091.0,1m
AAPL,2026-04-14 18:33:00,258.68,258.68,258.55,258.57,24106.0,1m
AAPL,2026-04-14 18:34:00,258.58,258.6,258.5,258.53,21977.0,1m
AAPL,2026-04-14 18:35:00,258.52,258.56,258.41,258.42,36037.0,1m
AAPL,2026-04-14 18:36:00,258.42,258.46,258.37,258.44,28969.0,1m
AAPL,2026-04-14 18:37:00,258.44,258.51,258.41,258.48,24378.0,1m
AAPL,2026-04-14 18:38:00,258.48,258.52,258.45,258.48,18544.0,1m
AAPL,2026-04-14 18:39:00,258.49,258.49,258.4,258.43,21317.0,1m
AAPL,2026-04-14 18:40:00,258.44,258.54,258.4,258.53,23884.0,1m
AAPL,2026-04-14 18:41:00,258.53,258.53,258.33,258.34,16582.0,1m
AAPL,2026-04-14 18:42:00,258.34,258.35,258.14,258.19,90565.0,1m
AAPL,2026-04-14 18:43:00,258.19,258.25,258.16,258.21,18085.0,1m
AAPL,2026-04-14 18:44:00,258.21,258.21,258.11,258.2,24093.0,1m
AAPL,2026-04-14 18:45:00,258.18,258.28,258.13,258.26,26235.0,1m
AAPL,2026-04-14 18:46:00,258.26,258.3,258.23,258.26,22385.0,1m
AAPL,2026-04-14 18:47:00,258.25,258.27,258.15,258.18,27250.0,1m
AAPL,2026-04-14 18:48:00,258.16,258.19,258.12,258.16,33672.0,1m
AAPL,2026-04-14 18:49:00,258.16,258.16,258.04,258.05,31637.0,1m
AAPL,2026-04-14 18:50:00,258.05,258.12,258.0,258.03,51943.0,1m
AAPL,2026-04-14 18:51:00,258.04,258.13,258.04,258.13,30617.0,1m
AAPL,2026-04-14 18:52:00,258.12,258.18,258.1,258.14,39344.0,1m
AAPL,2026-04-14 18:53:00,258.12,258.12,258.01,258.02,24091.0,1m
AAPL,2026-04-14 18:54:00,258.02,258.11,257.96,258.08,49528.0,1m
AAPL,2026-04-14 18:55:00,258.09,258.1,258.04,258.07,22792.0,1m
AAPL,2026-04-14 18:56:00,258.09,258.11,258.06,258.06,14808.0,1m
AAPL,2026-04-14 18:57:00,258.03,258.03,257.96,257.97,19297.0,1m
AAPL,2026-04-14 18:58:00,257.97,257.99,257.94,257.96,68573.0,1m
AAPL,2026-04-14 18:59:00,257.95,258.04,257.93,258.0,37257.0,1m
AAPL,2026-04-14 19:00:00,258.0,258.01,257.9,257.93,102562.0,1m
AAPL,2026-04-14 19:01:00,257.94,258.01,257.92,257.96,43116.0,1m
AAPL,2026-04-14 19:02:00,257.94,257.95,257.75,257.77,55333.0,1m
AAPL,2026-04-14 19:03:00,257.77,257.87,257.75,257.86,35381.0,1m
AAPL,2026-04-14 19:04:00,257.86,257.89,257.85,257.87,26275.0,1m
AAPL,2026-04-14 19:05:00,257.87,258.03,257.85,258.02,86325.0,1m
AAPL,2026-04-14 19:06:00,258.01,258.05,257.93,257.97,44232.0,1m
AAPL,2026-04-14 19:07:00,257.96,258.14,257.93,258.07,66732.0,1m
AAPL,2026-04-14 19:08:00,258.08,258.1,258.01,258.06,18796.0,1m
AAPL,2026-04-14 19:09:00,258.06,258.06,258.0,258.0,18133.0,1m
AAPL,2026-04-14 19:10:00,258.0,258.13,257.97,258.12,36817.0,1m
AAPL,2026-04-14 19:11:00,258.12,258.49,258.12,258.47,84139.0,1m
AAPL,2026-04-14 19:12:00,258.49,258.49,258.33,258.35,49748.0,1m
AAPL,2026-04-14 19:13:00,258.34,258.36,258.22,258.23,28538.0,1m
AAPL,2026-04-14 19:14:00,258.22,258.29,258.21,258.23,21448.0,1m
AAPL,2026-04-14 19:15:00,258.25,258.42,258.22,258.42,31021.0,1m
AAPL,2026-04-14 19:16:00,258.4,258.52,258.4,258.46,46548.0,1m
AAPL,2026-04-14 19:17:00,258.46,258.58,258.42,258.45,40562.0,1m
AAPL,2026-04-14 19:18:00,258.45,258.48,258.34,258.39,28680.0,1m
AAPL,2026-04-14 19:19:00,258.38,258.39,258.23,258.25,27200.0,1m
AAPL,2026-04-14 19:20:00,258.27,258.48,258.27,258.46,23002.0,1m
AAPL,2026-04-14 19:21:00,258.47,258.47,258.38,258.44,14551.0,1m
AAPL,2026-04-14 19:22:00,258.43,258.44,258.36,258.37,24341.0,1m
AAPL,2026-04-14 19:23:00,258.37,258.47,258.36,258.46,18094.0,1m
AAPL,2026-04-14 19:24:00,258.46,258.61,258.45,258.59,38743.0,1m
AAPL,2026-04-14 19:25:00,258.59,258.67,258.57,258.59,93674.0,1m
AAPL,2026-04-14 19:26:00,258.58,258.59,258.29,258.37,93983.0,1m
AAPL,2026-04-14 19:27:00,258.35,258.36,258.25,258.36,36903.0,1m
AAPL,2026-04-14 19:28:00,258.35,258.35,258.24,258.27,28502.0,1m
AAPL,2026-04-14 19:29:00,258.27,258.33,258.24,258.32,29632.0,1m
AAPL,2026-04-14 19:30:00,258.32,258.37,258.29,258.34,53079.0,1m
AAPL,2026-04-14 19:31:00,258.34,258.48,258.27,258.48,57943.0,1m
AAPL,2026-04-14 19:32:00,258.47,258.53,258.46,258.48,44457.0,1m
AAPL,2026-04-14 19:33:00,258.48,258.48,258.41,258.43,17414.0,1m
AAPL,2026-04-14 19:34:00,258.42,258.43,258.22,258.23,39801.0,1m
AAPL,2026-04-14 19:35:00,258.23,258.27,258.15,258.22,62152.0,1m
AAPL,2026-04-14 19:36:00,258.23,258.36,258.22,258.36,47834.0,1m
AAPL,2026-04-14 19:37:00,258.35,258.48,258.35,258.45,49778.0,1m
AAPL,2026-04-14 19:38:00,258.46,258.49,258.42,258.45,31553.0,1m
AAPL,2026-04-14 19:39:00,258.45,258.68,258.45,258.63,86288.0,1m
AAPL,2026-04-14 19:40:00,258.63,258.67,258.48,258.48,40141.0,1m
AAPL,2026-04-14 19:41:00,258.48,258.49,258.39,258.42,25599.0,1m
AAPL,2026-04-14 19:42:00,258.42,258.49,258.4,258.47,25329.0,1m
AAPL,2026-04-14 19:43:00,258.47,258.54,258.46,258.5,48070.0,1m
AAPL,2026-04-14 19:44:00,258.49,258.59,258.48,258.53,39904.0,1m
AAPL,2026-04-14 19:45:00,258.5,258.53,258.45,258.45,29952.0,1m
AAPL,2026-04-14 19:46:00,258.45,258.45,258.34,258.36,31157.0,1m
AAPL,2026-04-14 19:47:00,258.36,258.37,258.25,258.29,37859.0,1m
AAPL,2026-04-14 19:48:00,258.29,258.32,258.27,258.27,32290.0,1m
AAPL,2026-04-14 19:49:00,258.26,258.29,258.21,258.25,96320.0,1m
AAPL,2026-04-14 19:50:00,258.27,258.7,258.26,258.5,135843.0,1m
AAPL,2026-04-14 19:51:00,258.5,258.5,258.22,258.37,82268.0,1m
AAPL,2026-04-14 19:52:00,258.37,258.42,258.3,258.31,55985.0,1m
AAPL,2026-04-14 19:53:00,258.31,258.46,258.31,258.46,122557.0,1m
AAPL,2026-04-14 19:54:00,258.45,258.61,258.2,258.2,111972.0,1m
AAPL,2026-04-14 19:55:00,258.2,258.63,258.2,258.58,184345.0,1m
AAPL,2026-04-14 19:56:00,258.59,258.69,258.55,258.69,139890.0,1m
AAPL,2026-04-14 19:57:00,258.69,258.72,258.62,258.62,174460.0,1m
AAPL,2026-04-14 19:58:00,258.62,258.76,258.58,258.75,230089.0,1m
AAPL,2026-04-14 19:59:00,258.75,258.87,258.69,258.86,658076.0,1m
AAPL,2026-04-15 13:30:00,258.04,259.3,257.81,259.25,672950.0,1m
AAPL,2026-04-15 13:31:00,259.27,259.98,259.15,259.71,279504.0,1m
AAPL,2026-04-15 13:32:00,259.68,259.95,259.64,259.81,128271.0,1m
AAPL,2026-04-15 13:33:00,259.78,259.85,259.08,259.26,100856.0,1m
AAPL,2026-04-15 13:34:00,259.24,259.92,259.24,259.63,135339.0,1m
AAPL,2026-04-15 13:35:00,259.63,259.92,259.39,259.84,111410.0,1m
AAPL,2026-04-15 13:36:00,259.84,260.02,259.59,259.94,169733.0,1m
AAPL,2026-04-15 13:37:00,259.91,260.08,259.56,259.89,152546.0,1m
AAPL,2026-04-15 13:38:00,259.86,260.13,259.78,260.13,93868.0,1m
AAPL,2026-04-15 13:39:00,260.12,260.3,260.02,260.12,117443.0,1m
AAPL,2026-04-15 13:40:00,260.13,260.2,259.47,259.5,123526.0,1m
AAPL,2026-04-15 13:41:00,259.5,259.87,259.46,259.69,86907.0,1m
AAPL,2026-04-15 13:42:00,259.67,259.74,259.2,259.23,153869.0,1m
AAPL,2026-04-15 13:43:00,259.22,259.26,258.7,258.81,100392.0,1m
AAPL,2026-04-15 13:44:00,258.84,258.95,258.47,258.55,97424.0,1m
AAPL,2026-04-15 13:45:00,258.55,258.89,258.51,258.67,165833.0,1m
AAPL,2026-04-15 13:46:00,258.67,258.7,258.51,258.65,71798.0,1m
AAPL,2026-04-15 13:47:00,258.64,258.78,258.53,258.62,72355.0,1m
AAPL,2026-04-15 13:48:00,258.63,258.63,258.11,258.19,88156.0,1m
AAPL,2026-04-15 13:49:00,258.18,258.18,257.83,258.03,96333.0,1m
AAPL,2026-04-15 13:50:00,258.02,258.31,258.02,258.27,73344.0,1m
AAPL,2026-04-15 13:51:00,258.25,258.55,258.25,258.47,58557.0,1m
AAPL,2026-04-15 13:52:00,258.45,258.45,258.22,258.34,46052.0,1m
AAPL,2026-04-15 13:53:00,258.32,258.48,258.24,258.41,64603.0,1m
AAPL,2026-04-15 13:54:00,258.38,258.38,258.26,258.35,30388.0,1m
AAPL,2026-04-15 13:55:00,258.36,258.76,258.36,258.68,81149.0,1m
AAPL,2026-04-15 13:56:00,258.67,258.77,258.57,258.75,47197.0,1m
AAPL,2026-04-15 13:57:00,258.74,258.87,258.68,258.87,88325.0,1m
AAPL,2026-04-15 13:58:00,258.85,258.93,258.74,258.9,59895.0,1m
AAPL,2026-04-15 13:59:00,258.91,258.96,258.59,258.66,147383.0,1m
AAPL,2026-04-15 14:00:00,258.64,258.84,258.59,258.74,72525.0,1m
AAPL,2026-04-15 14:01:00,258.78,259.17,258.78,259.15,108204.0,1m
AAPL,2026-04-15 14:02:00,259.13,259.26,259.11,259.21,65354.0,1m
AAPL,2026-04-15 14:03:00,259.23,259.25,259.08,259.2,30171.0,1m
AAPL,2026-04-15 14:04:00,259.2,259.21,259.07,259.1,37702.0,1m
AAPL,2026-04-15 14:05:00,259.08,259.2,259.05,259.16,31218.0,1m
AAPL,2026-04-15 14:06:00,259.18,259.37,259.15,259.35,52087.0,1m
AAPL,2026-04-15 14:07:00,259.35,259.43,259.17,259.22,69658.0,1m
AAPL,2026-04-15 14:08:00,259.21,259.44,259.19,259.44,46529.0,1m
AAPL,2026-04-15 14:09:00,259.42,259.57,259.39,259.45,45078.0,1m
AAPL,2026-04-15 14:10:00,259.44,259.65,259.34,259.62,53657.0,1m
AAPL,2026-04-15 14:11:00,259.6,259.73,259.55,259.69,102114.0,1m
AAPL,2026-04-15 14:12:00,259.7,259.96,259.7,259.86,70896.0,1m
AAPL,2026-04-15 14:13:00,259.86,260.06,259.83,260.0,137652.0,1m
AAPL,2026-04-15 14:14:00,259.99,260.16,259.95,260.16,127079.0,1m
AAPL,2026-04-15 14:15:00,260.17,260.72,260.17,260.69,187478.0,1m
AAPL,2026-04-15 14:16:00,260.68,261.04,260.65,260.95,190394.0,1m
AAPL,2026-04-15 14:17:00,260.95,260.95,260.7,260.85,146742.0,1m
AAPL,2026-04-15 14:18:00,260.86,260.87,260.6,260.7,91021.0,1m
AAPL,2026-04-15 14:19:00,260.69,260.91,260.66,260.85,93576.0,1m
AAPL,2026-04-15 14:20:00,260.85,260.95,260.61,260.68,83705.0,1m
AAPL,2026-04-15 14:21:00,260.63,260.72,260.55,260.64,43824.0,1m
AAPL,2026-04-15 14:22:00,260.66,260.73,260.51,260.53,58034.0,1m
AAPL,2026-04-15 14:23:00,260.53,260.55,260.3,260.31,91778.0,1m
AAPL,2026-04-15 14:24:00,260.32,260.64,260.31,260.55,51862.0,1m
AAPL,2026-04-15 14:25:00,260.56,260.64,260.52,260.61,86377.0,1m
AAPL,2026-04-15 14:26:00,260.61,260.65,260.37,260.43,28078.0,1m
AAPL,2026-04-15 14:27:00,260.42,260.59,260.4,260.54,34433.0,1m
AAPL,2026-04-15 14:28:00,260.53,260.59,260.42,260.54,26591.0,1m
AAPL,2026-04-15 14:29:00,260.55,260.7,260.52,260.68,33912.0,1m
AAPL,2026-04-15 14:30:00,260.7,261.07,260.7,260.94,100093.0,1m
AAPL,2026-04-15 14:31:00,260.94,261.13,260.9,261.11,66565.0,1m
AAPL,2026-04-15 14:32:00,261.12,261.12,260.9,261.06,90965.0,1m
AAPL,2026-04-15 14:33:00,261.08,261.13,260.72,260.73,67205.0,1m
AAPL,2026-04-15 14:34:00,260.72,260.76,260.6,260.72,43769.0,1m
AAPL,2026-04-15 14:35:00,260.74,260.94,260.69,260.9,47682.0,1m
AAPL,2026-04-15 14:36:00,260.91,260.92,260.75,260.83,51681.0,1m
AAPL,2026-04-15 14:37:00,260.83,260.86,260.7,260.82,37316.0,1m
AAPL,2026-04-15 14:38:00,260.81,260.85,260.69,260.74,56720.0,1m
AAPL,2026-04-15 14:39:00,260.74,260.83,260.45,260.48,176256.0,1m
AAPL,2026-04-15 14:40:00,260.46,260.76,260.42,260.63,92759.0,1m
AAPL,2026-04-15 14:41:00,260.65,260.85,260.65,260.77,44419.0,1m
AAPL,2026-04-15 14:42:00,260.77,260.87,260.7,260.81,39993.0,1m
AAPL,2026-04-15 14:43:00,260.81,261.17,260.75,261.16,109197.0,1m
AAPL,2026-04-15 14:44:00,261.15,261.34,261.14,261.29,98970.0,1m
AAPL,2026-04-15 14:45:00,261.3,261.38,261.19,261.32,83251.0,1m
AAPL,2026-04-15 14:46:00,261.32,261.59,261.25,261.51,154563.0,1m
AAPL,2026-04-15 14:47:00,261.51,261.81,261.45,261.81,186251.0,1m
AAPL,2026-04-15 14:48:00,261.8,262.04,261.8,261.93,209614.0,1m
AAPL,2026-04-15 14:49:00,261.94,262.03,261.91,262.02,67885.0,1m
AAPL,2026-04-15 14:50:00,262.02,262.03,261.89,262.01,53002.0,1m
AAPL,2026-04-15 14:51:00,261.98,261.99,261.69,261.71,53253.0,1m
AAPL,2026-04-15 14:52:00,261.7,261.8,261.67,261.76,54702.0,1m
AAPL,2026-04-15 14:53:00,261.75,262.15,261.73,262.13,100267.0,1m
AAPL,2026-04-15 14:54:00,262.15,262.78,262.13,262.73,174261.0,1m
AAPL,2026-04-15 14:55:00,262.73,263.13,262.64,262.98,205734.0,1m
AAPL,2026-04-15 14:56:00,262.98,263.25,262.94,263.16,122342.0,1m
AAPL,2026-04-15 14:57:00,263.16,263.22,263.0,263.05,118313.0,1m
AAPL,2026-04-15 14:58:00,263.04,263.32,262.66,262.74,150496.0,1m
AAPL,2026-04-15 14:59:00,262.74,262.97,262.74,262.94,54826.0,1m
AAPL,2026-04-15 15:00:00,262.96,263.35,262.95,263.31,120885.0,1m
AAPL,2026-04-15 15:01:00,263.29,263.71,263.27,263.55,129605.0,1m
AAPL,2026-04-15 15:02:00,263.54,263.75,263.53,263.69,89982.0,1m
AAPL,2026-04-15 15:03:00,263.69,263.95,263.4,263.92,129098.0,1m
AAPL,2026-04-15 15:04:00,263.92,263.95,263.83,263.89,93178.0,1m
AAPL,2026-04-15 15:05:00,263.89,264.12,263.82,264.06,168940.0,1m
AAPL,2026-04-15 15:06:00,264.05,264.07,263.87,264.01,217358.0,1m
AAPL,2026-04-15 15:07:00,264.02,264.03,263.53,263.59,208990.0,1m
AAPL,2026-04-15 15:08:00,263.57,263.58,262.95,262.97,124032.0,1m
AAPL,2026-04-15 15:09:00,262.96,263.12,262.78,262.88,84277.0,1m
AAPL,2026-04-15 15:10:00,262.89,263.16,262.87,263.16,98199.0,1m
AAPL,2026-04-15 15:11:00,263.14,263.19,262.98,263.11,40740.0,1m
AAPL,2026-04-15 15:12:00,263.12,263.49,263.11,263.43,96416.0,1m
AAPL,2026-04-15 15:13:00,263.43,263.62,263.43,263.49,68067.0,1m
AAPL,2026-04-15 15:14:00,263.47,263.56,263.44,263.48,59867.0,1m
AAPL,2026-04-15 15:15:00,263.47,263.53,263.38,263.47,43859.0,1m
AAPL,2026-04-15 15:16:00,263.45,263.53,263.36,263.51,52148.0,1m
AAPL,2026-04-15 15:17:00,263.49,263.53,263.17,263.23,49783.0,1m
AAPL,2026-04-15 15:18:00,263.23,263.24,262.93,262.94,48726.0,1m
AAPL,2026-04-15 15:19:00,262.94,263.1,262.87,263.07,39291.0,1m
AAPL,2026-04-15 15:20:00,263.06,263.07,262.77,262.78,61599.0,1m
AAPL,2026-04-15 15:21:00,262.78,262.86,262.45,262.64,93064.0,1m
AAPL,2026-04-15 15:22:00,262.65,262.72,262.52,262.54,46268.0,1m
AAPL,2026-04-15 15:23:00,262.54,262.81,262.52,262.8,65768.0,1m
AAPL,2026-04-15 15:24:00,262.79,262.87,262.76,262.8,49971.0,1m
AAPL,2026-04-15 15:25:00,262.79,262.84,262.73,262.84,49183.0,1m
AAPL,2026-04-15 15:26:00,262.85,262.96,262.74,262.74,56811.0,1m
AAPL,2026-04-15 15:27:00,262.74,263.05,262.73,263.0,50055.0,1m
AAPL,2026-04-15 15:28:00,263.0,263.1,262.96,262.99,57717.0,1m
AAPL,2026-04-15 15:29:00,263.0,263.2,262.94,263.17,70687.0,1m
AAPL,2026-04-15 15:30:00,263.16,263.24,262.99,263.04,59377.0,1m
AAPL,2026-04-15 15:31:00,263.02,263.18,262.98,263.18,34272.0,1m
AAPL,2026-04-15 15:32:00,263.2,263.36,263.2,263.3,61161.0,1m
AAPL,2026-04-15 15:33:00,263.29,263.45,263.26,263.39,52624.0,1m
AAPL,2026-04-15 15:34:00,263.38,263.58,263.37,263.55,100387.0,1m
AAPL,2026-04-15 15:35:00,263.56,263.67,263.51,263.65,60826.0,1m
AAPL,2026-04-15 15:36:00,263.66,263.77,263.35,263.36,55376.0,1m
AAPL,2026-04-15 15:37:00,263.36,263.64,263.28,263.59,47213.0,1m
AAPL,2026-04-15 15:38:00,263.6,263.64,263.41,263.44,33473.0,1m
AAPL,2026-04-15 15:39:00,263.44,263.48,263.32,263.4,55338.0,1m
AAPL,2026-04-15 15:40:00,263.39,263.51,263.35,263.51,31946.0,1m
AAPL,2026-04-15 15:41:00,263.51,263.69,263.46,263.62,102906.0,1m
AAPL,2026-04-15 15:42:00,263.61,263.82,263.5,263.82,89302.0,1m
AAPL,2026-04-15 15:43:00,263.81,263.84,263.57,263.67,33046.0,1m
AAPL,2026-04-15 15:44:00,263.69,263.76,263.6,263.67,61368.0,1m
AAPL,2026-04-15 15:45:00,263.66,263.76,263.54,263.6,37501.0,1m
AAPL,2026-04-15 15:46:00,263.61,263.8,263.59,263.79,59263.0,1m
AAPL,2026-04-15 15:47:00,263.79,263.82,263.57,263.62,54772.0,1m
AAPL,2026-04-15 15:48:00,263.63,263.73,263.57,263.68,46712.0,1m
AAPL,2026-04-15 15:49:00,263.66,263.79,263.64,263.72,60899.0,1m
AAPL,2026-04-15 15:50:00,263.73,264.1,263.73,264.09,97391.0,1m
AAPL,2026-04-15 15:51:00,264.08,264.39,264.04,264.34,80819.0,1m
AAPL,2026-04-15 15:52:00,264.33,264.46,264.18,264.45,112999.0,1m
AAPL,2026-04-15 15:53:00,264.45,264.67,264.44,264.66,80554.0,1m
AAPL,2026-04-15 15:54:00,264.67,264.74,264.55,264.56,104178.0,1m
AAPL,2026-04-15 15:55:00,264.56,264.77,264.52,264.73,65237.0,1m
AAPL,2026-04-15 15:56:00,264.72,264.74,264.41,264.47,69334.0,1m
AAPL,2026-04-15 15:57:00,264.47,264.65,264.36,264.51,65230.0,1m
AAPL,2026-04-15 15:58:00,264.51,264.62,264.51,264.6,27063.0,1m
AAPL,2026-04-15 15:59:00,264.6,264.62,264.29,264.4,75240.0,1m
AAPL,2026-04-15 16:00:00,264.37,264.59,264.31,264.58,41512.0,1m
AAPL,2026-04-15 16:01:00,264.58,264.8,264.53,264.74,71301.0,1m
AAPL,2026-04-15 16:02:00,264.79,264.93,264.77,264.85,83357.0,1m
AAPL,2026-04-15 16:03:00,264.84,265.0,264.8,264.86,148469.0,1m
AAPL,2026-04-15 16:04:00,264.85,265.02,264.84,264.98,83164.0,1m
AAPL,2026-04-15 16:05:00,264.98,265.09,264.62,264.75,139487.0,1m
AAPL,2026-04-15 16:06:00,264.76,264.89,264.53,264.85,108727.0,1m
AAPL,2026-04-15 16:07:00,264.85,265.08,264.85,265.05,66611.0,1m
AAPL,2026-04-15 16:08:00,265.06,265.38,265.06,265.35,91558.0,1m
AAPL,2026-04-15 16:09:00,265.35,265.4,265.27,265.37,39160.0,1m
AAPL,2026-04-15 16:10:00,265.36,265.36,265.18,265.28,75390.0,1m
AAPL,2026-04-15 16:11:00,265.26,265.36,265.26,265.33,52136.0,1m
AAPL,2026-04-15 16:12:00,265.33,265.38,265.13,265.37,98698.0,1m
AAPL,2026-04-15 16:13:00,265.37,265.42,265.24,265.32,41575.0,1m
AAPL,2026-04-15 16:14:00,265.32,265.33,265.18,265.3,51281.0,1m
AAPL,2026-04-15 16:15:00,265.3,265.4,265.2,265.3,126052.0,1m
AAPL,2026-04-15 16:16:00,265.28,265.4,265.28,265.33,60786.0,1m
AAPL,2026-04-15 16:17:00,265.32,265.35,265.21,265.3,88401.0,1m
AAPL,2026-04-15 16:18:00,265.29,265.51,265.27,265.46,75100.0,1m
AAPL,2026-04-15 16:19:00,265.46,265.47,265.01,265.07,82586.0,1m
AAPL,2026-04-15 16:20:00,265.07,265.09,264.95,264.99,46821.0,1m
AAPL,2026-04-15 16:21:00,264.99,265.08,264.86,264.96,59781.0,1m
AAPL,2026-04-15 16:22:00,264.97,264.97,264.87,264.88,36633.0,1m
AAPL,2026-04-15 16:23:00,264.88,264.95,264.81,264.86,25120.0,1m
AAPL,2026-04-15 16:24:00,264.84,265.06,264.82,265.03,37288.0,1m
AAPL,2026-04-15 16:25:00,265.03,265.04,264.78,264.9,64326.0,1m
AAPL,2026-04-15 16:26:00,264.91,265.13,264.86,265.09,60830.0,1m
AAPL,2026-04-15 16:27:00,265.07,265.07,264.82,264.84,31237.0,1m
AAPL,2026-04-15 16:28:00,264.84,264.89,264.67,264.68,64573.0,1m
AAPL,2026-04-15 16:29:00,264.69,264.74,264.53,264.58,58924.0,1m
AAPL,2026-04-15 16:30:00,264.58,264.59,264.24,264.38,75108.0,1m
AAPL,2026-04-15 16:31:00,264.38,264.59,264.38,264.57,58185.0,1m
AAPL,2026-04-15 16:32:00,264.57,264.73,264.57,264.62,41592.0,1m
AAPL,2026-04-15 16:33:00,264.63,264.91,264.6,264.91,47800.0,1m
AAPL,2026-04-15 16:34:00,264.94,265.03,264.83,264.99,58292.0,1m
AAPL,2026-04-15 16:35:00,265.0,265.25,264.94,265.13,78456.0,1m
AAPL,2026-04-15 16:36:00,265.15,265.16,264.83,264.96,36432.0,1m
AAPL,2026-04-15 16:37:00,264.96,265.19,264.82,265.19,62171.0,1m
AAPL,2026-04-15 16:38:00,265.2,265.3,265.17,265.23,46421.0,1m
AAPL,2026-04-15 16:39:00,265.22,265.35,265.1,265.26,75462.0,1m
AAPL,2026-04-15 16:40:00,265.28,265.39,265.03,265.08,91615.0,1m
AAPL,2026-04-15 16:41:00,265.09,265.14,264.96,265.03,57432.0,1m
AAPL,2026-04-15 16:42:00,265.05,265.07,264.87,264.97,71643.0,1m
AAPL,2026-04-15 16:43:00,264.98,264.98,264.88,264.96,53972.0,1m
AAPL,2026-04-15 16:44:00,264.98,265.04,264.73,264.79,63902.0,1m
AAPL,2026-04-15 16:45:00,264.76,264.91,264.76,264.79,55938.0,1m
AAPL,2026-04-15 16:46:00,264.77,264.85,264.73,264.79,46734.0,1m
AAPL,2026-04-15 16:47:00,264.79,264.79,264.59,264.62,68434.0,1m
AAPL,2026-04-15 16:48:00,264.61,264.7,264.58,264.61,56096.0,1m
AAPL,2026-04-15 16:49:00,264.61,264.88,264.53,264.83,139085.0,1m
AAPL,2026-04-15 16:50:00,264.83,264.88,264.75,264.84,35435.0,1m
AAPL,2026-04-15 16:51:00,264.84,264.89,264.44,264.5,81963.0,1m
AAPL,2026-04-15 16:52:00,264.49,264.49,264.34,264.43,61892.0,1m
AAPL,2026-04-15 16:53:00,264.44,264.51,264.35,264.47,47013.0,1m
AAPL,2026-04-15 16:54:00,264.47,264.62,264.44,264.58,35974.0,1m
AAPL,2026-04-15 16:55:00,264.59,264.82,264.57,264.82,64699.0,1m
AAPL,2026-04-15 16:56:00,264.79,264.9,264.6,264.88,73853.0,1m
AAPL,2026-04-15 16:57:00,264.88,265.11,264.8,265.06,59256.0,1m
AAPL,2026-04-15 16:58:00,265.07,265.34,265.07,265.3,74457.0,1m
AAPL,2026-04-15 16:59:00,265.28,265.46,265.21,265.46,52981.0,1m
AAPL,2026-04-15 17:00:00,265.46,265.5,265.31,265.39,68760.0,1m
AAPL,2026-04-15 17:01:00,265.39,265.5,265.31,265.34,69477.0,1m
AAPL,2026-04-15 17:02:00,265.35,265.37,265.26,265.31,53348.0,1m
AAPL,2026-04-15 17:03:00,265.32,265.46,265.3,265.45,42328.0,1m
AAPL,2026-04-15 17:04:00,265.45,265.58,265.45,265.58,104945.0,1m
AAPL,2026-04-15 17:05:00,265.59,265.69,265.57,265.67,83065.0,1m
AAPL,2026-04-15 17:06:00,265.68,265.79,265.62,265.69,79745.0,1m
AAPL,2026-04-15 17:07:00,265.69,265.69,265.5,265.53,43283.0,1m
AAPL,2026-04-15 17:08:00,265.53,265.59,265.36,265.54,25045.0,1m
AAPL,2026-04-15 17:09:00,265.55,265.57,265.42,265.51,39489.0,1m
AAPL,2026-04-15 17:10:00,265.51,265.64,265.51,265.61,34408.0,1m
AAPL,2026-04-15 17:11:00,265.62,265.63,265.55,265.6,20564.0,1m
AAPL,2026-04-15 17:12:00,265.6,265.65,265.51,265.53,36067.0,1m
AAPL,2026-04-15 17:13:00,265.52,265.54,265.48,265.54,22585.0,1m
AAPL,2026-04-15 17:14:00,265.54,265.64,265.53,265.59,38904.0,1m
AAPL,2026-04-15 17:15:00,265.58,265.68,265.53,265.6,31693.0,1m
AAPL,2026-04-15 17:16:00,265.62,265.71,265.61,265.69,24219.0,1m
AAPL,2026-04-15 17:17:00,265.69,265.7,265.45,265.5,57645.0,1m
AAPL,2026-04-15 17:18:00,265.51,265.53,265.47,265.49,17320.0,1m
AAPL,2026-04-15 17:19:00,265.49,265.5,265.16,265.17,93376.0,1m
AAPL,2026-04-15 17:20:00,265.16,265.25,265.14,265.15,48634.0,1m
AAPL,2026-04-15 17:21:00,265.13,265.13,264.97,264.98,57920.0,1m
AAPL,2026-04-15 17:22:00,264.97,265.02,264.91,264.95,34438.0,1m
AAPL,2026-04-15 17:23:00,264.96,265.04,264.94,264.98,35261.0,1m
AAPL,2026-04-15 17:24:00,264.97,265.03,264.93,265.0,21885.0,1m
AAPL,2026-04-15 17:25:00,265.0,265.07,264.86,264.89,32201.0,1m
AAPL,2026-04-15 17:26:00,264.89,265.07,264.87,265.01,30987.0,1m
AAPL,2026-04-15 17:27:00,265.03,265.12,265.02,265.11,21735.0,1m
AAPL,2026-04-15 17:28:00,265.11,265.12,265.02,265.02,20704.0,1m
AAPL,2026-04-15 17:29:00,265.02,265.02,264.89,264.94,10675.0,1m
AAPL,2026-04-15 17:30:00,264.93,264.94,264.75,264.82,39577.0,1m
AAPL,2026-04-15 17:31:00,264.84,264.94,264.77,264.92,17748.0,1m
AAPL,2026-04-15 17:32:00,264.93,264.93,264.81,264.88,18518.0,1m
AAPL,2026-04-15 17:33:00,264.84,264.89,264.84,264.85,18328.0,1m
AAPL,2026-04-15 17:34:00,264.85,264.96,264.83,264.93,21847.0,1m
AAPL,2026-04-15 17:35:00,264.92,264.99,264.92,264.93,18498.0,1m
AAPL,2026-04-15 17:36:00,264.93,264.95,264.88,264.93,19940.0,1m
AAPL,2026-04-15 17:37:00,264.94,264.96,264.77,264.78,28711.0,1m
AAPL,2026-04-15 17:38:00,264.78,264.8,264.7,264.78,26291.0,1m
AAPL,2026-04-15 17:39:00,264.77,264.79,264.71,264.76,16004.0,1m
AAPL,2026-04-15 17:40:00,264.76,264.81,264.69,264.8,27544.0,1m
AAPL,2026-04-15 17:41:00,264.79,264.81,264.68,264.71,26969.0,1m
AAPL,2026-04-15 17:42:00,264.72,264.74,264.62,264.65,23621.0,1m
AAPL,2026-04-15 17:43:00,264.66,264.73,264.63,264.64,21581.0,1m
AAPL,2026-04-15 17:44:00,264.64,264.82,264.63,264.82,23923.0,1m
AAPL,2026-04-15 17:45:00,264.79,264.87,264.79,264.83,21049.0,1m
AAPL,2026-04-15 17:46:00,264.84,264.87,264.83,264.86,21223.0,1m
AAPL,2026-04-15 17:47:00,264.88,264.91,264.77,264.79,24951.0,1m
AAPL,2026-04-15 17:48:00,264.8,264.81,264.74,264.78,23774.0,1m
AAPL,2026-04-15 17:49:00,264.78,264.79,264.68,264.68,15476.0,1m
AAPL,2026-04-15 17:50:00,264.69,264.77,264.68,264.69,29142.0,1m
AAPL,2026-04-15 17:51:00,264.7,264.86,264.67,264.85,20840.0,1m
AAPL,2026-04-15 17:52:00,264.84,264.84,264.71,264.74,29277.0,1m
AAPL,2026-04-15 17:53:00,264.74,264.81,264.72,264.76,22899.0,1m
AAPL,2026-04-15 17:54:00,264.76,264.85,264.74,264.76,19204.0,1m
AAPL,2026-04-15 17:55:00,264.75,264.81,264.74,264.77,19931.0,1m
AAPL,2026-04-15 17:56:00,264.78,264.78,264.72,264.73,35357.0,1m
AAPL,2026-04-15 17:57:00,264.72,264.77,264.61,264.63,23334.0,1m
AAPL,2026-04-15 17:58:00,264.62,264.62,264.5,264.52,39083.0,1m
AAPL,2026-04-15 17:59:00,264.53,264.55,264.4,264.4,36906.0,1m
AAPL,2026-04-15 18:00:00,264.39,264.49,264.3,264.44,24694.0,1m
AAPL,2026-04-15 18:01:00,264.45,264.75,264.43,264.57,53609.0,1m
AAPL,2026-04-15 18:02:00,264.57,264.95,264.56,264.77,43301.0,1m
AAPL,2026-04-15 18:03:00,264.76,264.76,264.61,264.68,17598.0,1m
AAPL,2026-04-15 18:04:00,264.67,264.75,264.65,264.75,12598.0,1m
AAPL,2026-04-15 18:05:00,264.78,264.86,264.78,264.86,32804.0,1m
AAPL,2026-04-15 18:06:00,264.85,264.91,264.78,264.78,36484.0,1m
AAPL,2026-04-15 18:07:00,264.79,264.92,264.74,264.9,20865.0,1m
AAPL,2026-04-15 18:08:00,264.88,265.02,264.88,264.94,26327.0,1m
AAPL,2026-04-15 18:09:00,264.94,265.06,264.9,265.03,30952.0,1m
AAPL,2026-04-15 18:10:00,265.03,265.03,264.9,264.91,24552.0,1m
AAPL,2026-04-15 18:11:00,264.91,265.07,264.9,265.07,27342.0,1m
AAPL,2026-04-15 18:12:00,265.08,265.08,264.98,264.99,24739.0,1m
AAPL,2026-04-15 18:13:00,264.99,265.11,264.99,265.08,26223.0,1m
AAPL,2026-04-15 18:14:00,265.07,265.09,265.01,265.03,15971.0,1m
AAPL,2026-04-15 18:15:00,265.03,265.19,265.03,265.18,30281.0,1m
AAPL,2026-04-15 18:16:00,265.17,265.21,265.15,265.18,34607.0,1m
AAPL,2026-04-15 18:17:00,265.2,265.22,265.08,265.1,30082.0,1m
AAPL,2026-04-15 18:18:00,265.1,265.13,265.03,265.09,22919.0,1m
AAPL,2026-04-15 18:19:00,265.09,265.12,265.05,265.07,18884.0,1m
AAPL,2026-04-15 18:20:00,265.07,265.12,264.99,265.1,31737.0,1m
AAPL,2026-04-15 18:21:00,265.1,265.13,265.08,265.12,12044.0,1m
AAPL,2026-04-15 18:22:00,265.12,265.18,265.11,265.16,22869.0,1m
AAPL,2026-04-15 18:23:00,265.17,265.22,265.16,265.22,33094.0,1m
AAPL,2026-04-15 18:24:00,265.22,265.3,265.18,265.23,39879.0,1m
AAPL,2026-04-15 18:25:00,265.22,265.26,265.14,265.17,18761.0,1m
AAPL,2026-04-15 18:26:00,265.18,265.2,265.11,265.12,21046.0,1m
AAPL,2026-04-15 18:27:00,265.13,265.2,265.11,265.17,14479.0,1m
AAPL,2026-04-15 18:28:00,265.16,265.25,265.12,265.22,17303.0,1m
AAPL,2026-04-15 18:29:00,265.22,265.22,265.17,265.18,12845.0,1m
AAPL,2026-04-15 18:30:00,265.18,265.29,265.18,265.26,30155.0,1m
AAPL,2026-04-15 18:31:00,265.25,265.31,265.23,265.28,24762.0,1m
AAPL,2026-04-15 18:32:00,265.29,265.47,265.28,265.47,33017.0,1m
AAPL,2026-04-15 18:33:00,265.48,265.48,265.41,265.46,31470.0,1m
AAPL,2026-04-15 18:34:00,265.47,265.6,265.47,265.6,70075.0,1m
AAPL,2026-04-15 18:35:00,265.58,265.62,265.55,265.59,31068.0,1m
AAPL,2026-04-15 18:36:00,265.59,265.64,265.54,265.6,23040.0,1m
AAPL,2026-04-15 18:37:00,265.61,265.69,265.61,265.67,26344.0,1m
AAPL,2026-04-15 18:38:00,265.66,265.69,265.62,265.64,20355.0,1m
AAPL,2026-04-15 18:39:00,265.63,265.65,265.58,265.65,20358.0,1m
AAPL,2026-04-15 18:40:00,265.65,265.69,265.51,265.53,21502.0,1m
AAPL,2026-04-15 18:41:00,265.53,265.53,265.4,265.44,25752.0,1m
AAPL,2026-04-15 18:42:00,265.44,265.5,265.44,265.47,13094.0,1m
AAPL,2026-04-15 18:43:00,265.48,265.59,265.48,265.59,28006.0,1m
AAPL,2026-04-15 18:44:00,265.59,265.61,265.56,265.59,24235.0,1m
AAPL,2026-04-15 18:45:00,265.59,265.73,265.58,265.71,23391.0,1m
AAPL,2026-04-15 18:46:00,265.69,265.71,265.63,265.65,29926.0,1m
AAPL,2026-04-15 18:47:00,265.66,265.73,265.63,265.63,33876.0,1m
AAPL,2026-04-15 18:48:00,265.64,265.67,265.61,265.65,33827.0,1m
AAPL,2026-04-15 18:49:00,265.65,265.68,265.63,265.64,14253.0,1m
AAPL,2026-04-15 18:50:00,265.64,265.7,265.62,265.67,41372.0,1m
AAPL,2026-04-15 18:51:00,265.67,265.71,265.63,265.69,25272.0,1m
AAPL,2026-04-15 18:52:00,265.69,265.71,265.64,265.69,20253.0,1m
AAPL,2026-04-15 18:53:00,265.71,265.72,265.65,265.67,25264.0,1m
AAPL,2026-04-15 18:54:00,265.67,265.68,265.63,265.65,16178.0,1m
AAPL,2026-04-15 18:55:00,265.65,265.72,265.63,265.71,18878.0,1m
AAPL,2026-04-15 18:56:00,265.71,265.8,265.71,265.74,35304.0,1m
AAPL,2026-04-15 18:57:00,265.74,265.85,265.74,265.8,52065.0,1m
AAPL,2026-04-15 18:58:00,265.79,265.87,265.77,265.86,37760.0,1m
AAPL,2026-04-15 18:59:00,265.86,265.86,265.64,265.64,27223.0,1m
AAPL,2026-04-15 19:00:00,265.65,265.66,265.54,265.61,65125.0,1m
AAPL,2026-04-15 19:01:00,265.59,265.69,265.58,265.6,35897.0,1m
AAPL,2026-04-15 19:02:00,265.6,265.73,265.59,265.73,29174.0,1m
AAPL,2026-04-15 19:03:00,265.73,265.79,265.69,265.7,80319.0,1m
AAPL,2026-04-15 19:04:00,265.71,265.71,265.4,265.54,45135.0,1m
AAPL,2026-04-15 19:05:00,265.54,265.6,265.47,265.55,58560.0,1m
AAPL,2026-04-15 19:06:00,265.56,265.59,265.5,265.55,62230.0,1m
AAPL,2026-04-15 19:07:00,265.53,265.59,265.5,265.59,28612.0,1m
AAPL,2026-04-15 19:08:00,265.58,265.61,265.48,265.51,33700.0,1m
AAPL,2026-04-15 19:09:00,265.51,265.58,265.48,265.52,38879.0,1m
AAPL,2026-04-15 19:10:00,265.52,265.61,265.51,265.6,26729.0,1m
AAPL,2026-04-15 19:11:00,265.61,265.61,265.4,265.45,36041.0,1m
AAPL,2026-04-15 19:12:00,265.45,265.45,265.34,265.37,52591.0,1m
AAPL,2026-04-15 19:13:00,265.36,265.5,265.36,265.48,27314.0,1m
AAPL,2026-04-15 19:14:00,265.48,265.5,265.4,265.44,25902.0,1m
AAPL,2026-04-15 19:15:00,265.45,265.53,265.45,265.48,20281.0,1m
AAPL,2026-04-15 19:16:00,265.48,265.63,265.47,265.63,58698.0,1m
AAPL,2026-04-15 19:17:00,265.63,265.65,265.56,265.58,30342.0,1m
AAPL,2026-04-15 19:18:00,265.58,265.66,265.56,265.65,35108.0,1m
AAPL,2026-04-15 19:19:00,265.66,265.66,265.49,265.53,28510.0,1m
AAPL,2026-04-15 19:20:00,265.54,265.54,265.36,265.4,27287.0,1m
AAPL,2026-04-15 19:21:00,265.41,265.46,265.36,265.44,25533.0,1m
AAPL,2026-04-15 19:22:00,265.44,265.52,265.43,265.5,20505.0,1m
AAPL,2026-04-15 19:23:00,265.5,265.51,265.45,265.49,30759.0,1m
AAPL,2026-04-15 19:24:00,265.49,265.53,265.39,265.52,94335.0,1m
AAPL,2026-04-15 19:25:00,265.53,265.69,265.53,265.6,43059.0,1m
AAPL,2026-04-15 19:26:00,265.61,265.65,265.46,265.49,38059.0,1m
AAPL,2026-04-15 19:27:00,265.5,265.52,265.44,265.48,34033.0,1m
AAPL,2026-04-15 19:28:00,265.48,265.5,265.34,265.37,29582.0,1m
AAPL,2026-04-15 19:29:00,265.37,265.41,265.27,265.36,31276.0,1m
AAPL,2026-04-15 19:30:00,265.31,265.42,265.25,265.42,78820.0,1m
AAPL,2026-04-15 19:31:00,265.41,265.59,265.4,265.59,45133.0,1m
AAPL,2026-04-15 19:32:00,265.57,265.65,265.5,265.53,50505.0,1m
AAPL,2026-04-15 19:33:00,265.53,265.69,265.53,265.68,77144.0,1m
AAPL,2026-04-15 19:34:00,265.68,265.75,265.68,265.72,44653.0,1m
AAPL,2026-04-15 19:35:00,265.72,265.86,265.7,265.79,73409.0,1m
AAPL,2026-04-15 19:36:00,265.78,265.89,265.78,265.87,41657.0,1m
AAPL,2026-04-15 19:37:00,265.87,265.93,265.85,265.87,47042.0,1m
AAPL,2026-04-15 19:38:00,265.87,265.87,265.7,265.81,117439.0,1m
AAPL,2026-04-15 19:39:00,265.81,265.92,265.79,265.85,50153.0,1m
AAPL,2026-04-15 19:40:00,265.85,265.85,265.53,265.59,107219.0,1m
AAPL,2026-04-15 19:41:00,265.59,265.71,265.52,265.66,91887.0,1m
AAPL,2026-04-15 19:42:00,265.65,265.74,265.52,265.73,69090.0,1m
AAPL,2026-04-15 19:43:00,265.75,265.84,265.73,265.75,67268.0,1m
AAPL,2026-04-15 19:44:00,265.75,265.78,265.69,265.74,36646.0,1m
AAPL,2026-04-15 19:45:00,265.74,265.78,265.7,265.71,56155.0,1m
AAPL,2026-04-15 19:46:00,265.71,265.82,265.69,265.81,65166.0,1m
AAPL,2026-04-15 19:47:00,265.81,265.9,265.69,265.83,93295.0,1m
AAPL,2026-04-15 19:48:00,265.81,266.02,265.8,265.98,162181.0,1m
AAPL,2026-04-15 19:49:00,265.98,265.98,265.75,265.8,73789.0,1m
AAPL,2026-04-15 19:50:00,265.81,265.99,265.76,265.9,156820.0,1m
AAPL,2026-04-15 19:51:00,265.9,265.93,265.69,265.87,166736.0,1m
AAPL,2026-04-15 19:52:00,265.87,266.09,265.76,265.83,182669.0,1m
AAPL,2026-04-15 19:53:00,265.83,265.87,265.7,265.84,100317.0,1m
AAPL,2026-04-15 19:54:00,265.85,266.22,265.85,266.0,174644.0,1m
AAPL,2026-04-15 19:55:00,265.99,266.32,265.98,266.22,274227.0,1m
AAPL,2026-04-15 19:56:00,266.22,266.34,266.15,266.28,278115.0,1m
AAPL,2026-04-15 19:57:00,266.28,266.41,266.22,266.41,270618.0,1m
AAPL,2026-04-15 19:58:00,266.4,266.48,266.37,266.38,345842.0,1m
AAPL,2026-04-15 19:59:00,266.38,266.56,266.26,266.38,920530.0,1m
AAPL,2026-04-16 13:30:00,266.8,267.16,265.24,266.06,1472096.0,1m
AAPL,2026-04-16 13:31:00,266.02,266.22,265.17,265.19,157369.0,1m
AAPL,2026-04-16 13:32:00,265.19,265.34,264.72,264.79,192933.0,1m
AAPL,2026-04-16 13:33:00,264.8,264.83,264.21,264.22,208331.0,1m
AAPL,2026-04-16 13:34:00,264.25,264.28,263.78,264.1,171344.0,1m
AAPL,2026-04-16 13:35:00,264.11,264.13,263.44,263.72,192384.0,1m
AAPL,2026-04-16 13:36:00,263.7,264.13,263.59,263.73,140324.0,1m
AAPL,2026-04-16 13:37:00,263.76,263.78,263.33,263.38,173054.0,1m
AAPL,2026-04-16 13:38:00,263.35,263.84,263.31,263.65,142963.0,1m
AAPL,2026-04-16 13:39:00,263.61,263.62,262.97,263.0,231365.0,1m
AAPL,2026-04-16 13:40:00,263.0,263.06,262.5,262.63,185278.0,1m
AAPL,2026-04-16 13:41:00,262.63,262.79,262.2,262.54,199580.0,1m
AAPL,2026-04-16 13:42:00,262.54,262.91,262.5,262.62,138439.0,1m
AAPL,2026-04-16 13:43:00,262.62,263.05,262.55,262.98,115826.0,1m
AAPL,2026-04-16 13:44:00,262.99,263.16,262.76,262.97,209966.0,1m
AAPL,2026-04-16 13:45:00,262.94,262.96,262.58,262.61,140244.0,1m
AAPL,2026-04-16 13:46:00,262.61,262.78,262.02,262.23,203084.0,1m
AAPL,2026-04-16 13:47:00,262.23,262.75,262.17,262.62,128800.0,1m
AAPL,2026-04-16 13:48:00,262.62,262.62,262.4,262.46,92500.0,1m
AAPL,2026-04-16 13:49:00,262.47,262.99,262.43,262.97,85689.0,1m
AAPL,2026-04-16 13:50:00,262.97,263.03,262.64,262.73,109021.0,1m
AAPL,2026-04-16 13:51:00,262.74,262.74,262.45,262.5,121497.0,1m
AAPL,2026-04-16 13:52:00,262.5,262.76,262.47,262.74,111072.0,1m
AAPL,2026-04-16 13:53:00,262.74,262.96,262.57,262.6,82274.0,1m
AAPL,2026-04-16 13:54:00,262.58,262.74,262.51,262.66,94538.0,1m
AAPL,2026-04-16 13:55:00,262.65,262.81,262.47,262.66,98196.0,1m
AAPL,2026-04-16 13:56:00,262.66,262.82,262.62,262.74,62522.0,1m
AAPL,2026-04-16 13:57:00,262.74,262.8,262.39,262.41,103741.0,1m
AAPL,2026-04-16 13:58:00,262.41,262.52,262.31,262.44,74688.0,1m
AAPL,2026-04-16 13:59:00,262.43,262.61,262.28,262.34,96289.0,1m
AAPL,2026-04-16 14:00:00,262.34,262.42,262.18,262.31,106493.0,1m
AAPL,2026-04-16 14:01:00,262.32,262.41,262.06,262.27,72393.0,1m
AAPL,2026-04-16 14:02:00,262.3,262.4,262.22,262.38,62337.0,1m
AAPL,2026-04-16 14:03:00,262.39,262.56,262.32,262.32,73685.0,1m
AAPL,2026-04-16 14:04:00,262.3,262.52,262.28,262.49,176701.0,1m
AAPL,2026-04-16 14:05:00,262.49,262.57,262.03,262.11,84365.0,1m
AAPL,2026-04-16 14:06:00,262.08,262.12,261.66,261.68,149491.0,1m
AAPL,2026-04-16 14:07:00,261.67,261.73,261.31,261.45,187184.0,1m
AAPL,2026-04-16 14:08:00,261.45,261.73,261.41,261.72,200707.0,1m
AAPL,2026-04-16 14:09:00,261.7,262.07,261.69,262.02,109286.0,1m
AAPL,2026-04-16 14:10:00,262.01,262.16,261.97,262.11,77818.0,1m
AAPL,2026-04-16 14:11:00,262.1,262.6,262.06,262.48,160376.0,1m
AAPL,2026-04-16 14:12:00,262.48,262.5,262.26,262.41,85128.0,1m
AAPL,2026-04-16 14:13:00,262.4,262.52,262.37,262.37,73348.0,1m
AAPL,2026-04-16 14:14:00,262.39,262.52,262.31,262.34,69165.0,1m
AAPL,2026-04-16 14:15:00,262.34,262.55,262.28,262.52,65977.0,1m
AAPL,2026-04-16 14:16:00,262.53,262.59,262.41,262.46,78342.0,1m
AAPL,2026-04-16 14:17:00,262.46,262.51,262.3,262.47,44561.0,1m
AAPL,2026-04-16 14:18:00,262.47,262.47,262.26,262.31,72292.0,1m
AAPL,2026-04-16 14:19:00,262.31,262.34,261.93,262.23,123051.0,1m
AAPL,2026-04-16 14:20:00,262.24,262.29,262.02,262.05,68816.0,1m
AAPL,2026-04-16 14:21:00,262.05,262.2,261.97,261.99,55058.0,1m
AAPL,2026-04-16 14:22:00,261.97,262.15,261.92,262.06,64729.0,1m
AAPL,2026-04-16 14:23:00,262.06,262.07,261.86,261.92,48455.0,1m
AAPL,2026-04-16 14:24:00,261.93,262.16,261.87,262.14,93886.0,1m
AAPL,2026-04-16 14:25:00,262.15,262.26,262.08,262.13,49857.0,1m
AAPL,2026-04-16 14:26:00,262.13,262.18,261.97,262.0,55800.0,1m
AAPL,2026-04-16 14:27:00,262.0,262.08,261.92,261.95,57450.0,1m
AAPL,2026-04-16 14:28:00,261.95,262.03,261.86,262.03,53865.0,1m
AAPL,2026-04-16 14:29:00,262.04,262.15,261.93,262.06,44452.0,1m
AAPL,2026-04-16 14:30:00,262.09,262.19,262.01,262.06,66913.0,1m
AAPL,2026-04-16 14:31:00,262.04,262.2,261.97,262.18,62275.0,1m
AAPL,2026-04-16 14:32:00,262.19,262.19,262.08,262.12,36394.0,1m
AAPL,2026-04-16 14:33:00,262.13,262.23,262.06,262.18,39188.0,1m
AAPL,2026-04-16 14:34:00,262.18,262.35,262.17,262.18,47476.0,1m
AAPL,2026-04-16 14:35:00,262.18,262.26,262.02,262.06,47351.0,1m
AAPL,2026-04-16 14:36:00,262.06,262.21,262.0,262.19,48900.0,1m
AAPL,2026-04-16 14:37:00,262.18,262.22,262.05,262.12,43827.0,1m
AAPL,2026-04-16 14:38:00,262.11,262.18,261.97,262.09,61588.0,1m
AAPL,2026-04-16 14:39:00,262.07,262.1,262.0,262.07,29567.0,1m
AAPL,2026-04-16 14:40:00,262.09,262.09,261.93,262.0,42678.0,1m
AAPL,2026-04-16 14:41:00,262.0,262.07,261.92,262.0,95656.0,1m
AAPL,2026-04-16 14:42:00,261.99,262.1,261.92,262.01,39416.0,1m
AAPL,2026-04-16 14:43:00,262.0,262.19,262.0,262.08,41241.0,1m
AAPL,2026-04-16 14:44:00,262.09,262.19,262.07,262.17,44265.0,1m
AAPL,2026-04-16 14:45:00,262.19,262.19,261.98,262.02,44231.0,1m
AAPL,2026-04-16 14:46:00,262.01,262.02,261.8,261.88,65830.0,1m
AAPL,2026-04-16 14:47:00,261.86,261.92,261.69,261.7,66387.0,1m
AAPL,2026-04-16 14:48:00,261.71,261.75,261.6,261.7,67717.0,1m
AAPL,2026-04-16 14:49:00,261.68,261.77,261.63,261.76,44878.0,1m
AAPL,2026-04-16 14:50:00,261.76,261.78,261.62,261.65,71552.0,1m
AAPL,2026-04-16 14:51:00,261.65,261.66,261.53,261.57,53475.0,1m
AAPL,2026-04-16 14:52:00,261.55,261.56,261.28,261.31,90570.0,1m
AAPL,2026-04-16 14:53:00,261.3,261.57,261.27,261.56,61445.0,1m
AAPL,2026-04-16 14:54:00,261.56,261.72,261.55,261.67,136667.0,1m
AAPL,2026-04-16 14:55:00,261.68,261.72,261.57,261.6,38038.0,1m
AAPL,2026-04-16 14:56:00,261.61,261.69,261.49,261.68,86012.0,1m
AAPL,2026-04-16 14:57:00,261.67,261.73,261.61,261.67,40564.0,1m
AAPL,2026-04-16 14:58:00,261.65,261.81,261.64,261.77,73244.0,1m
AAPL,2026-04-16 14:59:00,261.78,261.93,261.74,261.87,68199.0,1m
AAPL,2026-04-16 15:00:00,261.85,262.09,261.85,262.0,79507.0,1m
AAPL,2026-04-16 15:01:00,262.03,262.28,262.0,262.27,80539.0,1m
AAPL,2026-04-16 15:02:00,262.27,262.42,262.24,262.42,70406.0,1m
AAPL,2026-04-16 15:03:00,262.41,262.54,262.39,262.47,68072.0,1m
AAPL,2026-04-16 15:04:00,262.46,262.57,262.42,262.56,61293.0,1m
AAPL,2026-04-16 15:05:00,262.56,262.6,262.35,262.44,82428.0,1m
AAPL,2026-04-16 15:06:00,262.44,262.51,262.4,262.48,79851.0,1m
AAPL,2026-04-16 15:07:00,262.49,262.51,262.4,262.4,53049.0,1m
AAPL,2026-04-16 15:08:00,262.38,262.55,262.34,262.51,86036.0,1m
AAPL,2026-04-16 15:09:00,262.52,262.65,262.52,262.61,53850.0,1m
AAPL,2026-04-16 15:10:00,262.63,262.73,262.61,262.66,60474.0,1m
AAPL,2026-04-16 15:11:00,262.66,262.71,262.62,262.67,47772.0,1m
AAPL,2026-04-16 15:12:00,262.67,262.72,262.56,262.7,53509.0,1m
AAPL,2026-04-16 15:13:00,262.7,262.71,262.43,262.43,54113.0,1m
AAPL,2026-04-16 15:14:00,262.43,262.58,262.42,262.47,37752.0,1m
AAPL,2026-04-16 15:15:00,262.47,262.69,262.45,262.64,46142.0,1m
AAPL,2026-04-16 15:16:00,262.66,262.7,262.45,262.52,46299.0,1m
AAPL,2026-04-16 15:17:00,262.51,262.52,262.42,262.44,34804.0,1m
AAPL,2026-04-16 15:18:00,262.45,262.57,262.43,262.53,38834.0,1m
AAPL,2026-04-16 15:19:00,262.51,262.54,262.39,262.4,47895.0,1m
AAPL,2026-04-16 15:20:00,262.42,262.57,262.42,262.53,30638.0,1m
AAPL,2026-04-16 15:21:00,262.53,262.64,262.51,262.62,40742.0,1m
AAPL,2026-04-16 15:22:00,262.61,262.62,262.44,262.53,56743.0,1m
AAPL,2026-04-16 15:23:00,262.51,262.51,262.31,262.42,70117.0,1m
AAPL,2026-04-16 15:24:00,262.41,262.44,262.13,262.25,79365.0,1m
AAPL,2026-04-16 15:25:00,262.25,262.4,262.25,262.36,35819.0,1m
AAPL,2026-04-16 15:26:00,262.35,262.49,262.3,262.48,60034.0,1m
AAPL,2026-04-16 15:27:00,262.46,262.54,262.38,262.54,66596.0,1m
AAPL,2026-04-16 15:28:00,262.53,262.56,262.44,262.48,50038.0,1m
AAPL,2026-04-16 15:29:00,262.49,262.5,262.17,262.24,81046.0,1m
AAPL,2026-04-16 15:30:00,262.25,262.39,262.19,262.36,41400.0,1m
AAPL,2026-04-16 15:31:00,262.41,262.51,262.35,262.43,47226.0,1m
AAPL,2026-04-16 15:32:00,262.44,262.49,262.4,262.49,30292.0,1m
AAPL,2026-04-16 15:33:00,262.49,262.51,262.43,262.47,41965.0,1m
AAPL,2026-04-16 15:34:00,262.49,262.6,262.47,262.6,49310.0,1m
AAPL,2026-04-16 15:35:00,262.61,262.73,262.58,262.61,63911.0,1m
AAPL,2026-04-16 15:36:00,262.61,262.87,262.58,262.76,66144.0,1m
AAPL,2026-04-16 15:37:00,262.76,262.96,262.72,262.83,67797.0,1m
AAPL,2026-04-16 15:38:00,262.82,262.85,262.75,262.81,42683.0,1m
AAPL,2026-04-16 15:39:00,262.8,262.84,262.62,262.69,55308.0,1m
AAPL,2026-04-16 15:40:00,262.7,262.77,262.6,262.67,39517.0,1m
AAPL,2026-04-16 15:41:00,262.64,262.76,262.6,262.63,64573.0,1m
AAPL,2026-04-16 15:42:00,262.63,262.69,262.49,262.6,60527.0,1m
AAPL,2026-04-16 15:43:00,262.6,262.82,262.6,262.8,50303.0,1m
AAPL,2026-04-16 15:44:00,262.8,262.98,262.79,262.97,41860.0,1m
AAPL,2026-04-16 15:45:00,262.98,263.13,262.97,263.13,75908.0,1m
AAPL,2026-04-16 15:46:00,263.12,263.2,263.1,263.13,50597.0,1m
AAPL,2026-04-16 15:47:00,263.13,263.16,263.06,263.11,48563.0,1m
AAPL,2026-04-16 15:48:00,263.12,263.19,263.09,263.16,37956.0,1m
AAPL,2026-04-16 15:49:00,263.15,263.2,263.07,263.2,44611.0,1m
AAPL,2026-04-16 15:50:00,263.19,263.25,263.14,263.23,59471.0,1m
AAPL,2026-04-16 15:51:00,263.24,263.46,263.23,263.36,99260.0,1m
AAPL,2026-04-16 15:52:00,263.36,263.4,263.29,263.34,62330.0,1m
AAPL,2026-04-16 15:53:00,263.34,263.37,263.31,263.34,36893.0,1m
AAPL,2026-04-16 15:54:00,263.34,263.36,263.25,263.3,20146.0,1m
AAPL,2026-04-16 15:55:00,263.28,263.45,263.28,263.45,83041.0,1m
AAPL,2026-04-16 15:56:00,263.45,263.54,263.43,263.53,125087.0,1m
AAPL,2026-04-16 15:57:00,263.53,263.62,263.51,263.62,55895.0,1m
AAPL,2026-04-16 15:58:00,263.62,263.62,263.52,263.52,55801.0,1m
AAPL,2026-04-16 15:59:00,263.51,263.64,263.5,263.51,49819.0,1m
AAPL,2026-04-16 16:00:00,263.53,263.56,263.48,263.54,36036.0,1m
AAPL,2026-04-16 16:01:00,263.53,263.59,263.46,263.48,43428.0,1m
AAPL,2026-04-16 16:02:00,263.48,263.55,263.48,263.52,32930.0,1m
AAPL,2026-04-16 16:03:00,263.52,263.67,263.5,263.66,27196.0,1m
AAPL,2026-04-16 16:04:00,263.67,263.69,263.6,263.69,26803.0,1m
AAPL,2026-04-16 16:05:00,263.69,263.72,263.63,263.63,28200.0,1m
AAPL,2026-04-16 16:06:00,263.63,263.65,263.46,263.65,48201.0,1m
AAPL,2026-04-16 16:07:00,263.65,263.76,263.62,263.71,40467.0,1m
AAPL,2026-04-16 16:08:00,263.72,263.94,263.7,263.9,67809.0,1m
AAPL,2026-04-16 16:09:00,263.9,263.96,263.85,263.95,46367.0,1m
AAPL,2026-04-16 16:10:00,263.94,264.02,263.88,263.97,55265.0,1m
AAPL,2026-04-16 16:11:00,263.97,263.98,263.9,263.96,36888.0,1m
AAPL,2026-04-16 16:12:00,263.94,264.03,263.94,264.02,25260.0,1m
AAPL,2026-04-16 16:13:00,264.03,264.11,264.03,264.1,42968.0,1m
AAPL,2026-04-16 16:14:00,264.1,264.23,264.02,264.2,71569.0,1m
AAPL,2026-04-16 16:15:00,264.23,264.33,264.2,264.31,76817.0,1m
AAPL,2026-04-16 16:16:00,264.32,264.4,264.27,264.32,64401.0,1m
AAPL,2026-04-16 16:17:00,264.32,264.33,264.15,264.19,46963.0,1m
AAPL,2026-04-16 16:18:00,264.19,264.26,264.15,264.16,45759.0,1m
AAPL,2026-04-16 16:19:00,264.17,264.28,264.16,264.23,68673.0,1m
AAPL,2026-04-16 16:20:00,264.23,264.37,264.1,264.11,72372.0,1m
AAPL,2026-04-16 16:21:00,264.11,264.11,263.87,263.95,84785.0,1m
AAPL,2026-04-16 16:22:00,263.96,263.96,263.81,263.84,41866.0,1m
AAPL,2026-04-16 16:23:00,263.84,263.87,263.76,263.81,34430.0,1m
AAPL,2026-04-16 16:24:00,263.81,263.83,263.68,263.83,48243.0,1m
AAPL,2026-04-16 16:25:00,263.84,263.87,263.76,263.81,35073.0,1m
AAPL,2026-04-16 16:26:00,263.81,263.94,263.81,263.93,36742.0,1m
AAPL,2026-04-16 16:27:00,263.93,263.97,263.85,263.9,47322.0,1m
AAPL,2026-04-16 16:28:00,263.9,264.11,263.9,264.03,35160.0,1m
AAPL,2026-04-16 16:29:00,264.03,264.12,263.97,264.08,28175.0,1m
AAPL,2026-04-16 16:30:00,264.09,264.13,264.02,264.04,34862.0,1m
AAPL,2026-04-16 16:31:00,264.05,264.05,263.83,263.88,44643.0,1m
AAPL,2026-04-16 16:32:00,263.88,263.9,263.79,263.85,46354.0,1m
AAPL,2026-04-16 16:33:00,263.86,263.9,263.36,263.41,82446.0,1m
AAPL,2026-04-16 16:34:00,263.42,263.74,263.39,263.73,69268.0,1m
AAPL,2026-04-16 16:35:00,263.74,263.85,263.71,263.76,24008.0,1m
AAPL,2026-04-16 16:36:00,263.83,264.04,263.83,263.94,42059.0,1m
AAPL,2026-04-16 16:37:00,263.96,264.02,263.85,263.88,22761.0,1m
AAPL,2026-04-16 16:38:00,263.86,264.02,263.83,263.98,27080.0,1m
AAPL,2026-04-16 16:39:00,263.99,264.08,263.95,264.04,39476.0,1m
AAPL,2026-04-16 16:40:00,264.07,264.17,264.03,264.08,33455.0,1m
AAPL,2026-04-16 16:41:00,264.07,264.08,263.87,263.95,32249.0,1m
AAPL,2026-04-16 16:42:00,263.96,263.98,263.89,263.94,33178.0,1m
AAPL,2026-04-16 16:43:00,263.94,264.03,263.91,263.94,25373.0,1m
AAPL,2026-04-16 16:44:00,263.98,264.08,263.97,264.0,40844.0,1m
AAPL,2026-04-16 16:45:00,264.01,264.09,263.95,264.03,30290.0,1m
AAPL,2026-04-16 16:46:00,264.01,264.09,263.99,264.08,22496.0,1m
AAPL,2026-04-16 16:47:00,264.08,264.08,263.79,263.9,41679.0,1m
AAPL,2026-04-16 16:48:00,263.89,264.02,263.86,263.99,23113.0,1m
AAPL,2026-04-16 16:49:00,263.99,264.01,263.89,263.96,28180.0,1m
AAPL,2026-04-16 16:50:00,263.94,264.07,263.92,264.03,25624.0,1m
AAPL,2026-04-16 16:51:00,264.03,264.04,263.91,263.93,23524.0,1m
AAPL,2026-04-16 16:52:00,263.92,263.93,263.63,263.67,26737.0,1m
AAPL,2026-04-16 16:53:00,263.67,263.74,263.54,263.59,45264.0,1m
AAPL,2026-04-16 16:54:00,263.6,263.62,263.47,263.52,30221.0,1m
AAPL,2026-04-16 16:55:00,263.53,263.59,263.48,263.51,30559.0,1m
AAPL,2026-04-16 16:56:00,263.51,263.55,263.43,263.5,39001.0,1m
AAPL,2026-04-16 16:57:00,263.5,263.5,263.4,263.4,17357.0,1m
AAPL,2026-04-16 16:58:00,263.4,263.48,263.36,263.43,29637.0,1m
AAPL,2026-04-16 16:59:00,263.42,263.43,263.18,263.21,32020.0,1m
AAPL,2026-04-16 17:00:00,263.21,263.24,263.14,263.15,37524.0,1m
AAPL,2026-04-16 17:01:00,263.15,263.3,263.15,263.24,41399.0,1m
AAPL,2026-04-16 17:02:00,263.22,263.36,263.21,263.36,42890.0,1m
AAPL,2026-04-16 17:03:00,263.37,263.37,263.22,263.32,27258.0,1m
AAPL,2026-04-16 17:04:00,263.31,263.34,263.27,263.29,18989.0,1m
AAPL,2026-04-16 17:05:00,263.28,263.31,263.15,263.18,33483.0,1m
AAPL,2026-04-16 17:06:00,263.2,263.21,263.09,263.21,21524.0,1m
AAPL,2026-04-16 17:07:00,263.21,263.27,263.21,263.26,15520.0,1m
AAPL,2026-04-16 17:08:00,263.25,263.34,263.22,263.3,35934.0,1m
AAPL,2026-04-16 17:09:00,263.28,263.45,263.28,263.41,18627.0,1m
AAPL,2026-04-16 17:10:00,263.42,263.59,263.42,263.59,24264.0,1m
AAPL,2026-04-16 17:11:00,263.6,263.62,263.53,263.58,22926.0,1m
AAPL,2026-04-16 17:12:00,263.58,263.64,263.53,263.62,24357.0,1m
AAPL,2026-04-16 17:13:00,263.62,263.62,263.55,263.58,18222.0,1m
AAPL,2026-04-16 17:14:00,263.58,263.58,263.37,263.4,44398.0,1m
AAPL,2026-04-16 17:15:00,263.39,263.52,263.25,263.37,46906.0,1m
AAPL,2026-04-16 17:16:00,263.37,263.39,263.28,263.38,22716.0,1m
AAPL,2026-04-16 17:17:00,263.39,263.41,263.23,263.23,20623.0,1m
AAPL,2026-04-16 17:18:00,263.25,263.39,263.24,263.37,22438.0,1m
AAPL,2026-04-16 17:19:00,263.38,263.43,263.33,263.34,15878.0,1m
AAPL,2026-04-16 17:20:00,263.35,263.36,263.21,263.29,14743.0,1m
AAPL,2026-04-16 17:21:00,263.29,263.3,263.2,263.26,16583.0,1m
AAPL,2026-04-16 17:22:00,263.26,263.37,263.22,263.26,26483.0,1m
AAPL,2026-04-16 17:23:00,263.26,263.51,263.25,263.5,19860.0,1m
AAPL,2026-04-16 17:24:00,263.5,263.67,263.49,263.61,29910.0,1m
AAPL,2026-04-16 17:25:00,263.61,263.7,263.61,263.64,20896.0,1m
AAPL,2026-04-16 17:26:00,263.64,263.66,263.52,263.54,22012.0,1m
AAPL,2026-04-16 17:27:00,263.52,263.61,263.46,263.49,22984.0,1m
AAPL,2026-04-16 17:28:00,263.48,263.54,263.42,263.49,26592.0,1m
AAPL,2026-04-16 17:29:00,263.5,263.56,263.48,263.52,24981.0,1m
AAPL,2026-04-16 17:30:00,263.53,263.62,263.48,263.51,27688.0,1m
AAPL,2026-04-16 17:31:00,263.53,263.6,263.51,263.55,14318.0,1m
AAPL,2026-04-16 17:32:00,263.56,263.62,263.54,263.56,16561.0,1m
AAPL,2026-04-16 17:33:00,263.56,263.7,263.56,263.7,23491.0,1m
AAPL,2026-04-16 17:34:00,263.69,263.69,263.51,263.53,26260.0,1m
AAPL,2026-04-16 17:35:00,263.53,263.53,263.33,263.37,42892.0,1m
AAPL,2026-04-16 17:36:00,263.37,263.4,263.29,263.4,50617.0,1m
AAPL,2026-04-16 17:37:00,263.4,263.4,263.3,263.37,38548.0,1m
AAPL,2026-04-16 17:38:00,263.37,263.42,263.36,263.4,11819.0,1m
AAPL,2026-04-16 17:39:00,263.39,263.46,263.38,263.42,14788.0,1m
AAPL,2026-04-16 17:40:00,263.41,263.6,263.4,263.58,17240.0,1m
AAPL,2026-04-16 17:41:00,263.57,263.65,263.5,263.58,30505.0,1m
AAPL,2026-04-16 17:42:00,263.58,263.66,263.55,263.63,17577.0,1m
AAPL,2026-04-16 17:43:00,263.63,263.72,263.62,263.69,21854.0,1m
AAPL,2026-04-16 17:44:00,263.7,263.74,263.62,263.63,23063.0,1m
AAPL,2026-04-16 17:45:00,263.65,263.67,263.6,263.62,12647.0,1m
AAPL,2026-04-16 17:46:00,263.63,263.69,263.61,263.64,22483.0,1m
AAPL,2026-04-16 17:47:00,263.65,263.73,263.63,263.72,16656.0,1m
AAPL,2026-04-16 17:48:00,263.73,263.77,263.64,263.65,36337.0,1m
AAPL,2026-04-16 17:49:00,263.65,263.73,263.65,263.71,15243.0,1m
AAPL,2026-04-16 17:50:00,263.71,263.73,263.65,263.7,13436.0,1m
AAPL,2026-04-16 17:51:00,263.69,263.73,263.68,263.7,17460.0,1m
AAPL,2026-04-16 17:52:00,263.7,263.71,263.6,263.64,17929.0,1m
AAPL,2026-04-16 17:53:00,263.64,263.7,263.63,263.68,9958.0,1m
AAPL,2026-04-16 17:54:00,263.67,263.69,263.64,263.67,14540.0,1m
AAPL,2026-04-16 17:55:00,263.67,263.67,263.46,263.5,29451.0,1m
AAPL,2026-04-16 17:56:00,263.5,263.58,263.42,263.54,28985.0,1m
AAPL,2026-04-16 17:57:00,263.55,263.58,263.43,263.55,35478.0,1m
AAPL,2026-04-16 17:58:00,263.57,263.57,263.47,263.55,17588.0,1m
AAPL,2026-04-16 17:59:00,263.57,263.82,263.57,263.81,36508.0,1m
AAPL,2026-04-16 18:00:00,263.8,263.97,263.74,263.94,53589.0,1m
AAPL,2026-04-16 18:01:00,263.93,264.07,263.9,264.0,43939.0,1m
AAPL,2026-04-16 18:02:00,264.02,264.17,264.01,264.12,33583.0,1m
AAPL,2026-04-16 18:03:00,264.12,264.15,263.95,264.03,30269.0,1m
AAPL,2026-04-16 18:04:00,264.03,264.05,263.92,263.94,28998.0,1m
AAPL,2026-04-16 18:05:00,263.95,264.13,263.94,264.06,53083.0,1m
AAPL,2026-04-16 18:06:00,264.06,264.11,264.03,264.03,28555.0,1m
AAPL,2026-04-16 18:07:00,264.03,264.11,263.94,263.94,28821.0,1m
AAPL,2026-04-16 18:08:00,263.93,263.98,263.88,263.94,28592.0,1m
AAPL,2026-04-16 18:09:00,263.94,263.96,263.8,263.94,25842.0,1m
AAPL,2026-04-16 18:10:00,263.93,263.97,263.77,263.8,44492.0,1m
AAPL,2026-04-16 18:11:00,263.8,263.96,263.77,263.93,26569.0,1m
AAPL,2026-04-16 18:12:00,263.94,263.99,263.93,263.95,16912.0,1m
AAPL,2026-04-16 18:13:00,263.94,263.99,263.74,263.87,42680.0,1m
AAPL,2026-04-16 18:14:00,263.84,263.94,263.83,263.85,29634.0,1m
AAPL,2026-04-16 18:15:00,263.84,263.94,263.83,263.92,24268.0,1m
AAPL,2026-04-16 18:16:00,263.91,263.95,263.84,263.93,15179.0,1m
AAPL,2026-04-16 18:17:00,263.93,263.94,263.67,263.72,54564.0,1m
AAPL,2026-04-16 18:18:00,263.71,263.77,263.65,263.73,41207.0,1m
AAPL,2026-04-16 18:19:00,263.73,263.81,263.68,263.69,42972.0,1m
AAPL,2026-04-16 18:20:00,263.68,263.81,263.6,263.8,66030.0,1m
AAPL,2026-04-16 18:21:00,263.78,263.8,263.63,263.65,15004.0,1m
AAPL,2026-04-16 18:22:00,263.66,263.67,263.47,263.48,26025.0,1m
AAPL,2026-04-16 18:23:00,263.49,263.5,263.34,263.38,27489.0,1m
AAPL,2026-04-16 18:24:00,263.37,263.39,263.3,263.36,23013.0,1m
AAPL,2026-04-16 18:25:00,263.36,263.54,263.36,263.5,32024.0,1m
AAPL,2026-04-16 18:26:00,263.51,263.62,263.49,263.59,23635.0,1m
AAPL,2026-04-16 18:27:00,263.59,263.62,263.49,263.49,14726.0,1m
AAPL,2026-04-16 18:28:00,263.48,263.56,263.39,263.54,28003.0,1m
AAPL,2026-04-16 18:29:00,263.54,263.61,263.52,263.58,28692.0,1m
AAPL,2026-04-16 18:30:00,263.59,263.69,263.54,263.61,44973.0,1m
AAPL,2026-04-16 18:31:00,263.6,263.81,263.56,263.72,40706.0,1m
AAPL,2026-04-16 18:32:00,263.74,263.85,263.74,263.81,28742.0,1m
AAPL,2026-04-16 18:33:00,263.81,263.82,263.76,263.82,21160.0,1m
AAPL,2026-04-16 18:34:00,263.82,263.88,263.8,263.86,21409.0,1m
AAPL,2026-04-16 18:35:00,263.85,263.89,263.8,263.88,22119.0,1m
AAPL,2026-04-16 18:36:00,263.89,263.96,263.86,263.92,64683.0,1m
AAPL,2026-04-16 18:37:00,263.92,263.94,263.89,263.94,14043.0,1m
AAPL,2026-04-16 18:38:00,263.94,263.98,263.9,263.91,25085.0,1m
AAPL,2026-04-16 18:39:00,263.9,264.09,263.89,264.06,42389.0,1m
AAPL,2026-04-16 18:40:00,264.08,264.14,264.06,264.06,25641.0,1m
AAPL,2026-04-16 18:41:00,264.06,264.18,264.02,264.18,48527.0,1m
AAPL,2026-04-16 18:42:00,264.17,264.18,264.05,264.07,33680.0,1m
AAPL,2026-04-16 18:43:00,264.09,264.09,264.0,264.06,25046.0,1m
AAPL,2026-04-16 18:44:00,264.06,264.1,264.05,264.07,18930.0,1m
AAPL,2026-04-16 18:45:00,264.06,264.14,264.05,264.12,27328.0,1m
AAPL,2026-04-16 18:46:00,264.11,264.15,264.06,264.12,31247.0,1m
AAPL,2026-04-16 18:47:00,264.12,264.22,264.1,264.13,50666.0,1m
AAPL,2026-04-16 18:48:00,264.13,264.13,264.04,264.07,24750.0,1m
AAPL,2026-04-16 18:49:00,264.07,264.14,264.05,264.13,29184.0,1m
AAPL,2026-04-16 18:50:00,264.13,264.13,263.97,264.06,24230.0,1m
AAPL,2026-04-16 18:51:00,264.06,264.1,264.05,264.06,25466.0,1m
AAPL,2026-04-16 18:52:00,264.06,264.19,264.06,264.1,25944.0,1m
AAPL,2026-04-16 18:53:00,264.09,264.22,264.09,264.22,16098.0,1m
AAPL,2026-04-16 18:54:00,264.21,264.25,264.17,264.18,29357.0,1m
AAPL,2026-04-16 18:55:00,264.18,264.18,264.09,264.13,23907.0,1m
AAPL,2026-04-16 18:56:00,264.12,264.2,264.1,264.16,22873.0,1m
AAPL,2026-04-16 18:57:00,264.16,264.23,264.16,264.2,22611.0,1m
AAPL,2026-04-16 18:58:00,264.2,264.26,264.18,264.23,29360.0,1m
AAPL,2026-04-16 18:59:00,264.24,264.37,264.22,264.37,36149.0,1m
AAPL,2026-04-16 19:00:00,264.37,264.55,264.35,264.41,44755.0,1m
AAPL,2026-04-16 19:01:00,264.41,264.44,264.3,264.38,27547.0,1m
AAPL,2026-04-16 19:02:00,264.36,264.49,264.36,264.47,27847.0,1m
AAPL,2026-04-16 19:03:00,264.46,264.47,264.36,264.44,34779.0,1m
AAPL,2026-04-16 19:04:00,264.47,264.51,264.37,264.48,40143.0,1m
AAPL,2026-04-16 19:05:00,264.49,264.55,264.45,264.46,50067.0,1m
AAPL,2026-04-16 19:06:00,264.45,264.53,264.4,264.41,46077.0,1m
AAPL,2026-04-16 19:07:00,264.41,264.47,264.36,264.4,27978.0,1m
AAPL,2026-04-16 19:08:00,264.4,264.4,264.32,264.37,32682.0,1m
AAPL,2026-04-16 19:09:00,264.37,264.38,264.24,264.24,29164.0,1m
AAPL,2026-04-16 19:10:00,264.25,264.27,264.12,264.15,55702.0,1m
AAPL,2026-04-16 19:11:00,264.15,264.31,264.14,264.24,70488.0,1m
AAPL,2026-04-16 19:12:00,264.25,264.25,264.19,264.24,24080.0,1m
AAPL,2026-04-16 19:13:00,264.25,264.27,264.14,264.16,34737.0,1m
AAPL,2026-04-16 19:14:00,264.15,264.23,264.13,264.23,25998.0,1m
AAPL,2026-04-16 19:15:00,264.22,264.31,264.21,264.22,36479.0,1m
AAPL,2026-04-16 19:16:00,264.2,264.24,264.05,264.06,58907.0,1m
AAPL,2026-04-16 19:17:00,264.07,264.09,263.95,264.0,90087.0,1m
AAPL,2026-04-16 19:18:00,264.0,264.05,263.7,263.73,109841.0,1m
AAPL,2026-04-16 19:19:00,263.72,263.95,263.68,263.93,94305.0,1m
AAPL,2026-04-16 19:20:00,263.94,263.95,263.75,263.76,48968.0,1m
AAPL,2026-04-16 19:21:00,263.75,263.82,263.7,263.8,37524.0,1m
AAPL,2026-04-16 19:22:00,263.79,263.79,263.54,263.59,37975.0,1m
AAPL,2026-04-16 19:23:00,263.59,263.66,263.57,263.64,61365.0,1m
AAPL,2026-04-16 19:24:00,263.64,263.64,263.53,263.6,48783.0,1m
AAPL,2026-04-16 19:25:00,263.6,263.66,263.48,263.52,63006.0,1m
AAPL,2026-04-16 19:26:00,263.52,263.68,263.5,263.62,24377.0,1m
AAPL,2026-04-16 19:27:00,263.61,263.71,263.61,263.63,43548.0,1m
AAPL,2026-04-16 19:28:00,263.63,263.7,263.61,263.7,35588.0,1m
AAPL,2026-04-16 19:29:00,263.7,263.73,263.62,263.63,36111.0,1m
AAPL,2026-04-16 19:30:00,263.63,263.64,263.51,263.59,45904.0,1m
AAPL,2026-04-16 19:31:00,263.59,263.66,263.57,263.65,27268.0,1m
AAPL,2026-04-16 19:32:00,263.65,263.7,263.55,263.6,38503.0,1m
AAPL,2026-04-16 19:33:00,263.59,263.66,263.56,263.66,30360.0,1m
AAPL,2026-04-16 19:34:00,263.66,263.67,263.56,263.59,37799.0,1m
AAPL,2026-04-16 19:35:00,263.6,263.66,263.55,263.65,34738.0,1m
AAPL,2026-04-16 19:36:00,263.66,263.73,263.65,263.68,31977.0,1m
AAPL,2026-04-16 19:37:00,263.67,263.76,263.65,263.7,75086.0,1m
AAPL,2026-04-16 19:38:00,263.7,263.75,263.6,263.73,75942.0,1m
AAPL,2026-04-16 19:39:00,263.75,263.92,263.61,263.91,63518.0,1m
AAPL,2026-04-16 19:40:00,263.91,263.97,263.75,263.79,58443.0,1m
AAPL,2026-04-16 19:41:00,263.79,263.96,263.78,263.91,52227.0,1m
AAPL,2026-04-16 19:42:00,263.91,263.93,263.77,263.77,53221.0,1m
AAPL,2026-04-16 19:43:00,263.78,263.83,263.73,263.78,36945.0,1m
AAPL,2026-04-16 19:44:00,263.78,263.8,263.72,263.77,45015.0,1m
AAPL,2026-04-16 19:45:00,263.77,263.85,263.73,263.75,73038.0,1m
AAPL,2026-04-16 19:46:00,263.75,264.03,263.74,263.88,65341.0,1m
AAPL,2026-04-16 19:47:00,263.88,263.91,263.83,263.87,53882.0,1m
AAPL,2026-04-16 19:48:00,263.86,263.94,263.86,263.94,47311.0,1m
AAPL,2026-04-16 19:49:00,263.94,263.94,263.81,263.87,60547.0,1m
AAPL,2026-04-16 19:50:00,263.86,264.25,263.84,263.89,120057.0,1m
AAPL,2026-04-16 19:51:00,263.88,263.99,263.83,263.91,73879.0,1m
AAPL,2026-04-16 19:52:00,263.9,264.05,263.89,264.01,79031.0,1m
AAPL,2026-04-16 19:53:00,264.02,264.09,263.97,263.99,114339.0,1m
AAPL,2026-04-16 19:54:00,263.99,264.0,263.55,263.67,104321.0,1m
AAPL,2026-04-16 19:55:00,263.67,263.76,263.41,263.43,97309.0,1m
AAPL,2026-04-16 19:56:00,263.43,263.53,263.42,263.51,92405.0,1m
AAPL,2026-04-16 19:57:00,263.52,263.61,263.48,263.51,121804.0,1m
AAPL,2026-04-16 19:58:00,263.52,263.6,263.46,263.5,211023.0,1m
AAPL,2026-04-16 19:59:00,263.5,263.6,263.26,263.36,649189.0,1m
AAPL,2026-04-17 13:30:00,267.07,268.1,266.72,266.95,4524586.0,1m
AAPL,2026-04-17 13:31:00,266.97,267.84,266.96,267.45,240955.0,1m
AAPL,2026-04-17 13:32:00,267.43,268.01,267.29,267.98,189782.0,1m
AAPL,2026-04-17 13:33:00,268.0,268.07,267.63,267.86,201494.0,1m
AAPL,2026-04-17 13:34:00,267.84,268.41,267.74,268.41,222665.0,1m
AAPL,2026-04-17 13:35:00,268.39,269.11,268.36,269.09,322292.0,1m
AAPL,2026-04-17 13:36:00,269.09,269.8,269.06,269.75,305930.0,1m
AAPL,2026-04-17 13:37:00,269.77,269.79,269.37,269.45,179938.0,1m
AAPL,2026-04-17 13:38:00,269.38,269.39,268.93,269.05,136991.0,1m
AAPL,2026-04-17 13:39:00,269.01,269.01,268.23,268.29,138550.0,1m
AAPL,2026-04-17 13:40:00,268.28,268.28,267.76,267.88,111252.0,1m
AAPL,2026-04-17 13:41:00,267.89,267.9,267.35,267.52,99651.0,1m
AAPL,2026-04-17 13:42:00,267.52,268.11,267.49,268.03,101592.0,1m
AAPL,2026-04-17 13:43:00,268.02,268.24,267.98,268.11,94437.0,1m
AAPL,2026-04-17 13:44:00,268.1,268.17,267.89,267.94,66681.0,1m
AAPL,2026-04-17 13:45:00,267.97,267.97,267.45,267.75,101622.0,1m
AAPL,2026-04-17 13:46:00,267.75,267.94,267.43,267.56,86825.0,1m
AAPL,2026-04-17 13:47:00,267.56,268.08,267.52,268.08,107708.0,1m
AAPL,2026-04-17 13:48:00,268.08,268.38,267.98,268.35,90360.0,1m
AAPL,2026-04-17 13:49:00,268.34,268.49,268.04,268.06,85033.0,1m
AAPL,2026-04-17 13:50:00,268.06,268.54,267.93,268.37,99245.0,1m
AAPL,2026-04-17 13:51:00,268.38,268.78,268.21,268.61,85396.0,1m
AAPL,2026-04-17 13:52:00,268.61,268.79,268.17,268.17,90865.0,1m
AAPL,2026-04-17 13:53:00,268.18,268.37,268.15,268.34,47441.0,1m
AAPL,2026-04-17 13:54:00,268.33,268.4,268.06,268.36,49410.0,1m
AAPL,2026-04-17 13:55:00,268.36,269.06,268.31,269.03,113596.0,1m
AAPL,2026-04-17 13:56:00,269.07,269.3,268.95,269.16,120479.0,1m
AAPL,2026-04-17 13:57:00,269.18,269.52,269.1,269.37,115432.0,1m
AAPL,2026-04-17 13:58:00,269.39,269.45,268.81,268.89,83101.0,1m
AAPL,2026-04-17 13:59:00,268.92,269.14,268.88,268.99,50960.0,1m
AAPL,2026-04-17 14:00:00,268.98,269.0,268.54,268.87,63714.0,1m
AAPL,2026-04-17 14:01:00,268.85,269.11,268.85,269.02,76580.0,1m
AAPL,2026-04-17 14:02:00,269.0,269.06,268.77,268.92,44939.0,1m
AAPL,2026-04-17 14:03:00,268.94,269.23,268.93,269.06,61032.0,1m
AAPL,2026-04-17 14:04:00,269.08,269.08,268.78,268.8,53957.0,1m
AAPL,2026-04-17 14:05:00,268.79,269.07,268.64,268.94,63662.0,1m
AAPL,2026-04-17 14:06:00,268.93,269.07,268.8,268.8,77302.0,1m
AAPL,2026-04-17 14:07:00,268.78,268.83,268.61,268.66,48380.0,1m
AAPL,2026-04-17 14:08:00,268.66,268.95,268.57,268.8,78751.0,1m
AAPL,2026-04-17 14:09:00,268.83,268.99,268.72,268.91,49351.0,1m
AAPL,2026-04-17 14:10:00,268.93,269.06,268.82,268.95,78607.0,1m
AAPL,2026-04-17 14:11:00,268.94,268.95,268.6,268.82,50986.0,1m
AAPL,2026-04-17 14:12:00,268.79,268.9,268.72,268.81,45214.0,1m
AAPL,2026-04-17 14:13:00,268.81,268.84,268.62,268.72,46561.0,1m
AAPL,2026-04-17 14:14:00,268.77,269.07,268.73,269.06,55033.0,1m
AAPL,2026-04-17 14:15:00,269.09,269.1,268.9,268.97,49026.0,1m
AAPL,2026-04-17 14:16:00,269.0,269.3,269.0,269.29,59028.0,1m
AAPL,2026-04-17 14:17:00,269.29,269.41,269.01,269.04,79098.0,1m
AAPL,2026-04-17 14:18:00,269.04,269.12,268.88,268.88,34278.0,1m
AAPL,2026-04-17 14:19:00,268.88,269.0,268.81,268.94,34808.0,1m
AAPL,2026-04-17 14:20:00,268.97,269.18,268.84,269.15,53280.0,1m
AAPL,2026-04-17 14:21:00,269.13,269.23,269.01,269.17,44317.0,1m
AAPL,2026-04-17 14:22:00,269.17,269.29,269.06,269.06,35542.0,1m
AAPL,2026-04-17 14:23:00,269.04,269.22,269.01,269.21,20351.0,1m
AAPL,2026-04-17 14:24:00,269.21,269.33,269.19,269.23,75331.0,1m
AAPL,2026-04-17 14:25:00,269.23,269.24,269.02,269.2,38732.0,1m
AAPL,2026-04-17 14:26:00,269.19,269.37,269.1,269.19,73523.0,1m
AAPL,2026-04-17 14:27:00,269.18,269.2,269.05,269.05,29131.0,1m
AAPL,2026-04-17 14:28:00,269.04,269.1,268.73,268.73,107937.0,1m
AAPL,2026-04-17 14:29:00,268.74,268.74,268.5,268.59,105512.0,1m
AAPL,2026-04-17 14:30:00,268.6,268.65,268.44,268.47,55923.0,1m
AAPL,2026-04-17 14:31:00,268.46,268.84,268.44,268.79,80881.0,1m
AAPL,2026-04-17 14:32:00,268.8,269.1,268.76,269.05,52601.0,1m
AAPL,2026-04-17 14:33:00,269.07,269.26,269.05,269.21,49430.0,1m
AAPL,2026-04-17 14:34:00,269.21,269.43,269.19,269.28,109869.0,1m
AAPL,2026-04-17 14:35:00,269.28,269.45,269.21,269.45,71271.0,1m
AAPL,2026-04-17 14:36:00,269.44,269.63,269.41,269.57,100401.0,1m
AAPL,2026-04-17 14:37:00,269.56,269.68,269.52,269.6,69903.0,1m
AAPL,2026-04-17 14:38:00,269.59,269.65,269.45,269.52,69314.0,1m
AAPL,2026-04-17 14:39:00,269.52,269.64,269.49,269.54,56952.0,1m
AAPL,2026-04-17 14:40:00,269.53,269.7,269.41,269.54,110676.0,1m
AAPL,2026-04-17 14:41:00,269.52,269.62,269.46,269.56,90213.0,1m
AAPL,2026-04-17 14:42:00,269.55,269.65,269.53,269.65,75895.0,1m
AAPL,2026-04-17 14:43:00,269.66,269.84,269.55,269.8,102977.0,1m
AAPL,2026-04-17 14:44:00,269.81,269.88,269.68,269.75,103222.0,1m
AAPL,2026-04-17 14:45:00,269.78,269.93,269.7,269.93,92905.0,1m
AAPL,2026-04-17 14:46:00,269.93,269.99,269.77,269.86,144691.0,1m
AAPL,2026-04-17 14:47:00,269.84,270.14,269.84,270.09,234217.0,1m
AAPL,2026-04-17 14:48:00,270.07,270.32,269.98,270.32,133594.0,1m
AAPL,2026-04-17 14:49:00,270.32,270.4,270.23,270.37,99338.0,1m
AAPL,2026-04-17 14:50:00,270.37,270.46,270.08,270.12,110907.0,1m
AAPL,2026-04-17 14:51:00,270.13,270.38,270.06,270.28,123538.0,1m
AAPL,2026-04-17 14:52:00,270.28,270.36,270.27,270.34,59971.0,1m
AAPL,2026-04-17 14:53:00,270.36,270.45,270.33,270.38,57893.0,1m
AAPL,2026-04-17 14:54:00,270.36,270.36,270.17,270.24,38602.0,1m
AAPL,2026-04-17 14:55:00,270.24,270.26,269.5,269.81,82162.0,1m
AAPL,2026-04-17 14:56:00,269.81,269.99,269.8,269.96,66856.0,1m
AAPL,2026-04-17 14:57:00,269.98,270.02,269.78,270.02,47706.0,1m
AAPL,2026-04-17 14:58:00,270.03,270.34,270.02,270.31,46161.0,1m
AAPL,2026-04-17 14:59:00,270.3,270.32,270.17,270.25,67310.0,1m
AAPL,2026-04-17 15:00:00,270.27,270.41,270.22,270.4,50444.0,1m
AAPL,2026-04-17 15:01:00,270.4,270.62,270.38,270.62,132471.0,1m
AAPL,2026-04-17 15:02:00,270.59,271.16,270.59,271.14,239116.0,1m
AAPL,2026-04-17 15:03:00,271.14,271.47,271.12,271.31,202233.0,1m
AAPL,2026-04-17 15:04:00,271.32,271.47,271.29,271.41,110989.0,1m
AAPL,2026-04-17 15:05:00,271.41,271.44,271.3,271.4,84921.0,1m
AAPL,2026-04-17 15:06:00,271.41,271.59,271.39,271.45,120433.0,1m
AAPL,2026-04-17 15:07:00,271.44,271.73,271.3,271.68,119569.0,1m
AAPL,2026-04-17 15:08:00,271.67,271.69,271.47,271.5,77769.0,1m
AAPL,2026-04-17 15:09:00,271.51,271.61,271.4,271.43,125665.0,1m
AAPL,2026-04-17 15:10:00,271.41,271.67,271.4,271.55,113486.0,1m
AAPL,2026-04-17 15:11:00,271.6,271.61,271.39,271.44,58780.0,1m
AAPL,2026-04-17 15:12:00,271.44,271.53,271.33,271.4,66934.0,1m
AAPL,2026-04-17 15:13:00,271.41,271.59,271.36,271.52,89788.0,1m
AAPL,2026-04-17 15:14:00,271.52,271.61,271.47,271.59,69281.0,1m
AAPL,2026-04-17 15:15:00,271.59,271.72,271.52,271.69,84276.0,1m
AAPL,2026-04-17 15:16:00,271.69,271.87,271.69,271.73,132265.0,1m
AAPL,2026-04-17 15:17:00,271.75,271.97,271.73,271.91,86564.0,1m
AAPL,2026-04-17 15:18:00,271.9,271.94,271.66,271.66,95942.0,1m
AAPL,2026-04-17 15:19:00,271.66,271.66,271.37,271.41,102104.0,1m
AAPL,2026-04-17 15:20:00,271.42,271.49,271.34,271.49,73041.0,1m
AAPL,2026-04-17 15:21:00,271.47,271.58,271.36,271.36,103333.0,1m
AAPL,2026-04-17 15:22:00,271.38,271.42,271.21,271.27,90152.0,1m
AAPL,2026-04-17 15:23:00,271.29,271.43,271.23,271.38,56540.0,1m
AAPL,2026-04-17 15:24:00,271.38,271.5,271.3,271.47,46063.0,1m
AAPL,2026-04-17 15:25:00,271.48,271.74,271.47,271.6,84032.0,1m
AAPL,2026-04-17 15:26:00,271.6,271.96,271.6,271.94,77037.0,1m
AAPL,2026-04-17 15:27:00,271.93,271.94,271.79,271.89,48427.0,1m
AAPL,2026-04-17 15:28:00,271.9,272.1,271.89,271.94,123616.0,1m
AAPL,2026-04-17 15:29:00,271.91,272.08,271.86,271.94,69688.0,1m
AAPL,2026-04-17 15:30:00,271.95,272.22,271.95,272.04,103706.0,1m
AAPL,2026-04-17 15:31:00,272.04,272.2,271.93,272.17,121743.0,1m
AAPL,2026-04-17 15:32:00,272.16,272.27,272.13,272.18,69571.0,1m
AAPL,2026-04-17 15:33:00,272.19,272.3,272.17,272.25,60409.0,1m
AAPL,2026-04-17 15:34:00,272.25,272.28,272.06,272.11,55409.0,1m
AAPL,2026-04-17 15:35:00,272.1,272.17,272.02,272.1,62811.0,1m
AAPL,2026-04-17 15:36:00,272.11,272.26,272.1,272.23,56447.0,1m
AAPL,2026-04-17 15:37:00,272.23,272.3,271.99,272.1,75479.0,1m
AAPL,2026-04-17 15:38:00,272.1,272.18,272.02,272.07,38405.0,1m
AAPL,2026-04-17 15:39:00,272.06,272.09,271.92,271.93,41005.0,1m
AAPL,2026-04-17 15:40:00,271.95,272.01,271.84,271.89,49920.0,1m
AAPL,2026-04-17 15:41:00,271.88,271.96,271.8,271.84,44362.0,1m
AAPL,2026-04-17 15:42:00,271.86,271.87,271.58,271.63,106026.0,1m
AAPL,2026-04-17 15:43:00,271.62,271.64,271.36,271.42,94000.0,1m
AAPL,2026-04-17 15:44:00,271.41,271.5,271.39,271.43,44283.0,1m
AAPL,2026-04-17 15:45:00,271.43,271.53,271.43,271.51,60921.0,1m
AAPL,2026-04-17 15:46:00,271.51,271.69,271.51,271.6,47380.0,1m
AAPL,2026-04-17 15:47:00,271.6,271.67,271.58,271.64,34485.0,1m
AAPL,2026-04-17 15:48:00,271.65,271.65,271.43,271.49,49911.0,1m
AAPL,2026-04-17 15:49:00,271.49,271.82,271.46,271.54,76289.0,1m
AAPL,2026-04-17 15:50:00,271.54,271.83,271.53,271.83,45238.0,1m
AAPL,2026-04-17 15:51:00,271.81,271.87,271.73,271.75,58654.0,1m
AAPL,2026-04-17 15:52:00,271.75,271.76,271.55,271.57,24342.0,1m
AAPL,2026-04-17 15:53:00,271.55,271.63,271.43,271.49,25690.0,1m
AAPL,2026-04-17 15:54:00,271.54,271.55,271.36,271.4,32829.0,1m
AAPL,2026-04-17 15:55:00,271.39,271.41,271.18,271.21,37651.0,1m
AAPL,2026-04-17 15:56:00,271.21,271.32,271.16,271.3,51480.0,1m
AAPL,2026-04-17 15:57:00,271.3,271.47,271.28,271.36,25967.0,1m
AAPL,2026-04-17 15:58:00,271.36,271.37,271.13,271.16,29927.0,1m
AAPL,2026-04-17 15:59:00,271.14,271.14,270.88,270.97,72508.0,1m
AAPL,2026-04-17 16:00:00,270.97,271.07,270.77,271.01,46110.0,1m
AAPL,2026-04-17 16:01:00,271.01,271.23,271.01,271.15,42772.0,1m
AAPL,2026-04-17 16:02:00,271.17,271.27,271.17,271.27,48461.0,1m
AAPL,2026-04-17 16:03:00,271.23,271.42,271.17,271.3,50732.0,1m
AAPL,2026-04-17 16:04:00,271.3,271.41,271.26,271.36,42637.0,1m
AAPL,2026-04-17 16:05:00,271.35,271.39,271.32,271.38,29427.0,1m
AAPL,2026-04-17 16:06:00,271.39,271.4,271.19,271.26,39891.0,1m
AAPL,2026-04-17 16:07:00,271.25,271.29,271.2,271.23,30788.0,1m
AAPL,2026-04-17 16:08:00,271.23,271.4,271.23,271.26,29829.0,1m
AAPL,2026-04-17 16:09:00,271.27,271.27,271.15,271.19,52242.0,1m
AAPL,2026-04-17 16:10:00,271.19,271.26,271.15,271.24,22720.0,1m
AAPL,2026-04-17 16:11:00,271.24,271.46,271.23,271.41,32750.0,1m
AAPL,2026-04-17 16:12:00,271.42,271.48,271.37,271.44,46744.0,1m
AAPL,2026-04-17 16:13:00,271.45,271.46,271.3,271.31,58812.0,1m
AAPL,2026-04-17 16:14:00,271.32,271.41,271.27,271.31,26795.0,1m
AAPL,2026-04-17 16:15:00,271.31,271.41,271.3,271.35,27664.0,1m
AAPL,2026-04-17 16:16:00,271.38,271.38,271.21,271.25,36806.0,1m
AAPL,2026-04-17 16:17:00,271.26,271.29,271.18,271.21,29893.0,1m
AAPL,2026-04-17 16:18:00,271.2,271.5,271.17,271.47,44927.0,1m
AAPL,2026-04-17 16:19:00,271.46,271.62,271.45,271.59,78683.0,1m
AAPL,2026-04-17 16:20:00,271.59,271.59,271.42,271.49,45221.0,1m
AAPL,2026-04-17 16:21:00,271.48,271.55,271.47,271.55,28480.0,1m
AAPL,2026-04-17 16:22:00,271.53,271.54,271.43,271.43,20455.0,1m
AAPL,2026-04-17 16:23:00,271.43,271.54,271.42,271.52,21048.0,1m
AAPL,2026-04-17 16:24:00,271.53,271.54,271.48,271.51,19821.0,1m
AAPL,2026-04-17 16:25:00,271.51,271.6,271.49,271.53,33345.0,1m
AAPL,2026-04-17 16:26:00,271.53,271.56,271.45,271.54,22496.0,1m
AAPL,2026-04-17 16:27:00,271.54,271.6,271.47,271.55,31092.0,1m
AAPL,2026-04-17 16:28:00,271.55,271.63,271.53,271.53,43403.0,1m
AAPL,2026-04-17 16:29:00,271.52,271.59,271.49,271.55,35263.0,1m
AAPL,2026-04-17 16:30:00,271.56,271.73,271.56,271.72,54562.0,1m
AAPL,2026-04-17 16:31:00,271.71,271.74,271.64,271.73,36502.0,1m
AAPL,2026-04-17 16:32:00,271.73,271.73,271.64,271.72,38183.0,1m
AAPL,2026-04-17 16:33:00,271.71,271.71,271.5,271.52,36912.0,1m
AAPL,2026-04-17 16:34:00,271.52,271.64,271.5,271.58,46565.0,1m
AAPL,2026-04-17 16:35:00,271.6,271.6,271.38,271.42,79190.0,1m
AAPL,2026-04-17 16:36:00,271.42,271.6,271.4,271.54,64894.0,1m
AAPL,2026-04-17 16:37:00,271.54,271.62,271.5,271.5,58747.0,1m
AAPL,2026-04-17 16:38:00,271.5,271.68,271.48,271.68,28557.0,1m
AAPL,2026-04-17 16:39:00,271.69,271.69,271.59,271.59,51621.0,1m
AAPL,2026-04-17 16:40:00,271.59,271.73,271.57,271.71,34092.0,1m
AAPL,2026-04-17 16:41:00,271.73,271.73,271.5,271.5,22880.0,1m
AAPL,2026-04-17 16:42:00,271.48,271.52,271.43,271.49,31200.0,1m
AAPL,2026-04-17 16:43:00,271.5,271.55,271.43,271.45,23821.0,1m
AAPL,2026-04-17 16:44:00,271.44,271.6,271.42,271.58,31456.0,1m
AAPL,2026-04-17 16:45:00,271.58,271.6,271.48,271.49,52311.0,1m
AAPL,2026-04-17 16:46:00,271.49,271.52,271.39,271.43,25296.0,1m
AAPL,2026-04-17 16:47:00,271.43,271.44,271.27,271.3,27250.0,1m
AAPL,2026-04-17 16:48:00,271.29,271.34,271.23,271.29,42535.0,1m
AAPL,2026-04-17 16:49:00,271.29,271.29,271.05,271.1,88269.0,1m
AAPL,2026-04-17 16:50:00,271.1,271.12,270.98,271.09,58497.0,1m
AAPL,2026-04-17 16:51:00,271.09,271.19,271.07,271.14,41055.0,1m
AAPL,2026-04-17 16:52:00,271.14,271.16,271.06,271.06,25167.0,1m
AAPL,2026-04-17 16:53:00,271.07,271.07,271.0,271.06,25607.0,1m
AAPL,2026-04-17 16:54:00,271.07,271.12,270.88,270.92,39503.0,1m
AAPL,2026-04-17 16:55:00,270.92,270.94,270.84,270.89,24662.0,1m
AAPL,2026-04-17 16:56:00,270.88,270.92,270.84,270.85,27400.0,1m
AAPL,2026-04-17 16:57:00,270.85,270.93,270.83,270.89,41680.0,1m
AAPL,2026-04-17 16:58:00,270.88,271.07,270.88,271.07,33563.0,1m
AAPL,2026-04-17 16:59:00,271.07,271.09,270.95,270.97,17851.0,1m
AAPL,2026-04-17 17:00:00,270.97,271.01,270.88,270.92,48443.0,1m
AAPL,2026-04-17 17:01:00,270.93,271.08,270.93,270.98,33251.0,1m
AAPL,2026-04-17 17:02:00,270.98,271.06,270.97,271.02,37438.0,1m
AAPL,2026-04-17 17:03:00,271.03,271.15,271.02,271.11,31575.0,1m
AAPL,2026-04-17 17:04:00,271.11,271.46,271.1,271.42,72540.0,1m
AAPL,2026-04-17 17:05:00,271.42,271.45,271.27,271.37,25661.0,1m
AAPL,2026-04-17 17:06:00,271.39,271.49,271.38,271.45,24301.0,1m
AAPL,2026-04-17 17:07:00,271.42,271.46,271.35,271.42,26089.0,1m
AAPL,2026-04-17 17:08:00,271.42,271.42,271.13,271.2,35719.0,1m
AAPL,2026-04-17 17:09:00,271.3,271.31,271.1,271.21,53883.0,1m
AAPL,2026-04-17 17:10:00,271.2,271.23,271.14,271.15,33722.0,1m
AAPL,2026-04-17 17:11:00,271.15,271.16,270.95,271.06,45351.0,1m
AAPL,2026-04-17 17:12:00,271.05,271.11,271.0,271.07,20100.0,1m
AAPL,2026-04-17 17:13:00,271.09,271.16,271.06,271.12,24338.0,1m
AAPL,2026-04-17 17:14:00,271.13,271.15,271.03,271.05,19145.0,1m
AAPL,2026-04-17 17:15:00,271.05,271.11,270.93,270.96,23568.0,1m
AAPL,2026-04-17 17:16:00,270.99,271.0,270.84,270.91,39656.0,1m
AAPL,2026-04-17 17:17:00,270.9,270.94,270.75,270.78,27527.0,1m
AAPL,2026-04-17 17:18:00,270.8,270.83,270.74,270.8,25327.0,1m
AAPL,2026-04-17 17:19:00,270.8,270.82,270.63,270.67,37864.0,1m
AAPL,2026-04-17 17:20:00,270.65,270.66,270.37,270.38,54813.0,1m
AAPL,2026-04-17 17:21:00,270.36,270.5,270.3,270.5,57861.0,1m
AAPL,2026-04-17 17:22:00,270.5,270.64,270.49,270.58,27992.0,1m
AAPL,2026-04-17 17:23:00,270.6,270.74,270.56,270.73,36754.0,1m
AAPL,2026-04-17 17:24:00,270.72,270.76,270.17,270.34,109692.0,1m
AAPL,2026-04-17 17:25:00,270.36,270.51,270.26,270.5,66408.0,1m
AAPL,2026-04-17 17:26:00,270.48,270.54,270.31,270.52,22069.0,1m
AAPL,2026-04-17 17:27:00,270.54,270.73,270.44,270.68,39953.0,1m
AAPL,2026-04-17 17:28:00,270.69,270.71,270.48,270.5,23245.0,1m
AAPL,2026-04-17 17:29:00,270.53,270.62,270.51,270.58,18852.0,1m
AAPL,2026-04-17 17:30:00,270.58,270.7,270.58,270.67,31008.0,1m
AAPL,2026-04-17 17:31:00,270.71,270.71,270.46,270.49,47936.0,1m
AAPL,2026-04-17 17:32:00,270.47,270.56,270.38,270.53,26272.0,1m
AAPL,2026-04-17 17:33:00,270.52,270.55,270.43,270.54,35739.0,1m
AAPL,2026-04-17 17:34:00,270.56,270.7,270.53,270.55,39440.0,1m
AAPL,2026-04-17 17:35:00,270.55,270.59,270.45,270.53,22169.0,1m
AAPL,2026-04-17 17:36:00,270.52,270.55,270.45,270.46,23322.0,1m
AAPL,2026-04-17 17:37:00,270.48,270.69,270.48,270.68,42588.0,1m
AAPL,2026-04-17 17:38:00,270.68,270.73,270.56,270.6,28430.0,1m
AAPL,2026-04-17 17:39:00,270.61,270.62,270.5,270.55,20996.0,1m
AAPL,2026-04-17 17:40:00,270.56,270.6,270.4,270.41,23458.0,1m
AAPL,2026-04-17 17:41:00,270.41,270.63,270.4,270.55,24773.0,1m
AAPL,2026-04-17 17:42:00,270.53,270.62,270.51,270.59,15776.0,1m
AAPL,2026-04-17 17:43:00,270.57,270.59,270.41,270.46,23037.0,1m
AAPL,2026-04-17 17:44:00,270.47,270.5,270.4,270.44,18647.0,1m
AAPL,2026-04-17 17:45:00,270.43,270.52,270.42,270.45,68303.0,1m
AAPL,2026-04-17 17:46:00,270.47,270.63,270.47,270.6,27695.0,1m
AAPL,2026-04-17 17:47:00,270.62,270.62,270.54,270.54,21804.0,1m
AAPL,2026-04-17 17:48:00,270.55,270.56,270.42,270.44,18769.0,1m
AAPL,2026-04-17 17:49:00,270.42,270.44,270.3,270.32,31094.0,1m
AAPL,2026-04-17 17:50:00,270.31,270.34,270.21,270.26,28696.0,1m
AAPL,2026-04-17 17:51:00,270.27,270.3,270.16,270.28,25673.0,1m
AAPL,2026-04-17 17:52:00,270.28,270.33,270.21,270.22,38428.0,1m
AAPL,2026-04-17 17:53:00,270.22,270.3,270.19,270.25,41152.0,1m
AAPL,2026-04-17 17:54:00,270.26,270.29,270.16,270.24,60821.0,1m
AAPL,2026-04-17 17:55:00,270.24,270.31,270.18,270.29,32287.0,1m
AAPL,2026-04-17 17:56:00,270.29,270.36,270.26,270.36,35476.0,1m
AAPL,2026-04-17 17:57:00,270.37,270.38,270.24,270.27,19333.0,1m
AAPL,2026-04-17 17:58:00,270.28,270.37,270.28,270.3,26360.0,1m
AAPL,2026-04-17 17:59:00,270.29,270.32,270.24,270.25,13146.0,1m
AAPL,2026-04-17 18:00:00,270.26,270.32,270.15,270.19,18260.0,1m
AAPL,2026-04-17 18:01:00,270.18,270.41,270.17,270.38,34229.0,1m
AAPL,2026-04-17 18:02:00,270.38,270.45,270.35,270.38,29817.0,1m
AAPL,2026-04-17 18:03:00,270.38,270.44,270.27,270.33,27622.0,1m
AAPL,2026-04-17 18:04:00,270.34,270.36,270.28,270.33,34581.0,1m
AAPL,2026-04-17 18:05:00,270.33,270.42,270.33,270.42,22243.0,1m
AAPL,2026-04-17 18:06:00,270.43,270.46,270.35,270.43,38130.0,1m
AAPL,2026-04-17 18:07:00,270.43,270.43,270.3,270.38,35164.0,1m
AAPL,2026-04-17 18:08:00,270.38,270.43,270.23,270.24,32655.0,1m
AAPL,2026-04-17 18:09:00,270.25,270.26,270.15,270.15,34943.0,1m
AAPL,2026-04-17 18:10:00,270.14,270.2,269.94,270.0,61224.0,1m
AAPL,2026-04-17 18:11:00,270.01,270.05,269.97,269.99,38405.0,1m
AAPL,2026-04-17 18:12:00,269.99,270.12,269.96,270.08,32927.0,1m
AAPL,2026-04-17 18:13:00,270.09,270.12,269.94,269.95,31703.0,1m
AAPL,2026-04-17 18:14:00,269.95,270.02,269.92,270.02,21896.0,1m
AAPL,2026-04-17 18:15:00,270.02,270.21,270.02,270.14,41332.0,1m
AAPL,2026-04-17 18:16:00,270.16,270.19,270.09,270.15,23529.0,1m
AAPL,2026-04-17 18:17:00,270.14,270.2,270.09,270.2,22812.0,1m
AAPL,2026-04-17 18:18:00,270.19,270.32,270.18,270.18,38889.0,1m
AAPL,2026-04-17 18:19:00,270.2,270.28,270.14,270.18,26916.0,1m
AAPL,2026-04-17 18:20:00,270.17,270.21,270.06,270.06,23412.0,1m
AAPL,2026-04-17 18:21:00,270.04,270.1,270.01,270.01,20067.0,1m
AAPL,2026-04-17 18:22:00,270.0,270.04,269.94,270.02,38152.0,1m
AAPL,2026-04-17 18:23:00,270.03,270.16,269.95,270.09,38750.0,1m
AAPL,2026-04-17 18:24:00,270.09,270.31,270.08,270.29,39006.0,1m
AAPL,2026-04-17 18:25:00,270.25,270.53,270.24,270.5,67625.0,1m
AAPL,2026-04-17 18:26:00,270.49,270.53,270.4,270.46,26523.0,1m
AAPL,2026-04-17 18:27:00,270.43,270.44,270.36,270.37,19007.0,1m
AAPL,2026-04-17 18:28:00,270.38,270.38,270.25,270.28,16553.0,1m
AAPL,2026-04-17 18:29:00,270.27,270.27,270.16,270.19,32350.0,1m
AAPL,2026-04-17 18:30:00,270.19,270.36,270.19,270.32,29754.0,1m
AAPL,2026-04-17 18:31:00,270.32,270.4,270.26,270.38,33343.0,1m
AAPL,2026-04-17 18:32:00,270.4,270.44,270.39,270.41,17714.0,1m
AAPL,2026-04-17 18:33:00,270.4,270.54,270.36,270.49,21349.0,1m
AAPL,2026-04-17 18:34:00,270.5,270.56,270.48,270.54,31381.0,1m
AAPL,2026-04-17 18:35:00,270.54,270.64,270.52,270.57,79021.0,1m
AAPL,2026-04-17 18:36:00,270.57,270.73,270.57,270.71,50279.0,1m
AAPL,2026-04-17 18:37:00,270.71,270.79,270.68,270.71,37127.0,1m
AAPL,2026-04-17 18:38:00,270.71,270.79,270.7,270.79,25286.0,1m
AAPL,2026-04-17 18:39:00,270.78,270.8,270.69,270.74,21110.0,1m
AAPL,2026-04-17 18:40:00,270.75,270.79,270.72,270.73,15704.0,1m
AAPL,2026-04-17 18:41:00,270.72,270.73,270.65,270.68,22870.0,1m
AAPL,2026-04-17 18:42:00,270.69,270.7,270.47,270.54,32059.0,1m
AAPL,2026-04-17 18:43:00,270.54,270.57,270.48,270.56,25292.0,1m
AAPL,2026-04-17 18:44:00,270.55,270.64,270.52,270.62,20937.0,1m
AAPL,2026-04-17 18:45:00,270.6,270.66,270.51,270.53,23369.0,1m
AAPL,2026-04-17 18:46:00,270.51,270.56,270.46,270.48,22653.0,1m
AAPL,2026-04-17 18:47:00,270.48,270.57,270.37,270.37,28200.0,1m
AAPL,2026-04-17 18:48:00,270.38,270.46,270.33,270.36,33967.0,1m
AAPL,2026-04-17 18:49:00,270.35,270.45,270.35,270.36,35121.0,1m
AAPL,2026-04-17 18:50:00,270.39,270.39,270.18,270.2,52138.0,1m
AAPL,2026-04-17 18:51:00,270.21,270.26,270.08,270.09,32654.0,1m
AAPL,2026-04-17 18:52:00,270.09,270.1,269.87,269.99,68842.0,1m
AAPL,2026-04-17 18:53:00,270.0,270.03,269.82,270.02,41663.0,1m
AAPL,2026-04-17 18:54:00,270.01,270.03,269.8,269.93,38050.0,1m
AAPL,2026-04-17 18:55:00,269.92,270.19,269.92,270.19,38804.0,1m
AAPL,2026-04-17 18:56:00,270.19,270.26,270.08,270.08,36601.0,1m
AAPL,2026-04-17 18:57:00,270.09,270.16,270.05,270.13,32361.0,1m
AAPL,2026-04-17 18:58:00,270.13,270.2,270.1,270.13,41103.0,1m
AAPL,2026-04-17 18:59:00,270.12,270.17,270.1,270.12,30284.0,1m
AAPL,2026-04-17 19:00:00,270.12,270.13,269.96,270.04,57295.0,1m
AAPL,2026-04-17 19:01:00,270.05,270.12,269.96,270.04,50866.0,1m
AAPL,2026-04-17 19:02:00,270.04,270.13,270.0,270.04,17773.0,1m
AAPL,2026-04-17 19:03:00,270.04,270.09,269.98,270.08,36178.0,1m
AAPL,2026-04-17 19:04:00,270.09,270.1,270.03,270.08,16713.0,1m
AAPL,2026-04-17 19:05:00,270.07,270.07,269.88,269.94,22229.0,1m
AAPL,2026-04-17 19:06:00,269.93,269.98,269.86,269.87,23967.0,1m
AAPL,2026-04-17 19:07:00,269.89,269.92,269.86,269.87,22438.0,1m
AAPL,2026-04-17 19:08:00,269.87,269.93,269.81,269.88,36541.0,1m
AAPL,2026-04-17 19:09:00,269.87,269.88,269.78,269.87,47096.0,1m
AAPL,2026-04-17 19:10:00,269.87,269.87,269.71,269.71,50853.0,1m
AAPL,2026-04-17 19:11:00,269.72,269.79,269.63,269.63,48254.0,1m
AAPL,2026-04-17 19:12:00,269.65,269.72,269.6,269.68,62180.0,1m
AAPL,2026-04-17 19:13:00,269.68,269.68,269.61,269.63,39413.0,1m
AAPL,2026-04-17 19:14:00,269.64,269.7,269.62,269.63,42834.0,1m
AAPL,2026-04-17 19:15:00,269.62,269.69,269.56,269.69,43014.0,1m
AAPL,2026-04-17 19:16:00,269.69,269.77,269.64,269.76,52774.0,1m
AAPL,2026-04-17 19:17:00,269.76,269.77,269.62,269.66,33616.0,1m
AAPL,2026-04-17 19:18:00,269.66,269.72,269.6,269.6,38918.0,1m
AAPL,2026-04-17 19:19:00,269.6,269.72,269.6,269.71,40011.0,1m
AAPL,2026-04-17 19:20:00,269.71,269.77,269.53,269.63,67308.0,1m
AAPL,2026-04-17 19:21:00,269.64,269.78,269.6,269.74,86067.0,1m
AAPL,2026-04-17 19:22:00,269.75,269.78,269.65,269.77,59056.0,1m
AAPL,2026-04-17 19:23:00,269.76,269.79,269.71,269.74,32625.0,1m
AAPL,2026-04-17 19:24:00,269.74,269.76,269.71,269.75,27946.0,1m
AAPL,2026-04-17 19:25:00,269.75,269.81,269.67,269.71,26232.0,1m
AAPL,2026-04-17 19:26:00,269.71,269.77,269.7,269.71,37096.0,1m
AAPL,2026-04-17 19:27:00,269.7,269.78,269.64,269.66,24591.0,1m
AAPL,2026-04-17 19:28:00,269.66,269.73,269.61,269.63,26988.0,1m
AAPL,2026-04-17 19:29:00,269.63,269.72,269.59,269.71,34982.0,1m
AAPL,2026-04-17 19:30:00,269.71,269.78,269.66,269.74,41597.0,1m
AAPL,2026-04-17 19:31:00,269.73,269.85,269.73,269.83,32706.0,1m
AAPL,2026-04-17 19:32:00,269.84,270.06,269.83,270.06,67837.0,1m
AAPL,2026-04-17 19:33:00,270.07,270.19,270.02,270.18,42818.0,1m
AAPL,2026-04-17 19:34:00,270.19,270.26,270.14,270.18,61641.0,1m
AAPL,2026-04-17 19:35:00,270.18,270.2,270.12,270.16,49212.0,1m
AAPL,2026-04-17 19:36:00,270.16,270.2,270.05,270.14,37354.0,1m
AAPL,2026-04-17 19:37:00,270.14,270.15,270.08,270.15,22315.0,1m
AAPL,2026-04-17 19:38:00,270.16,270.35,270.15,270.25,40354.0,1m
AAPL,2026-04-17 19:39:00,270.26,270.33,270.23,270.25,39007.0,1m
AAPL,2026-04-17 19:40:00,270.24,270.32,270.18,270.27,68113.0,1m
AAPL,2026-04-17 19:41:00,270.27,270.38,270.23,270.28,82679.0,1m
AAPL,2026-04-17 19:42:00,270.29,270.34,270.26,270.33,52775.0,1m
AAPL,2026-04-17 19:43:00,270.33,270.38,270.33,270.35,35100.0,1m
AAPL,2026-04-17 19:44:00,270.36,270.52,270.35,270.48,104846.0,1m
AAPL,2026-04-17 19:45:00,270.48,270.53,270.39,270.4,52496.0,1m
AAPL,2026-04-17 19:46:00,270.4,270.5,270.37,270.5,56040.0,1m
AAPL,2026-04-17 19:47:00,270.5,270.51,270.36,270.37,56296.0,1m
AAPL,2026-04-17 19:48:00,270.37,270.47,270.31,270.35,59949.0,1m
AAPL,2026-04-17 19:49:00,270.36,270.38,270.28,270.36,79547.0,1m
AAPL,2026-04-17 19:50:00,270.37,270.49,269.95,270.11,203192.0,1m
AAPL,2026-04-17 19:51:00,270.11,270.13,269.87,269.98,127871.0,1m
AAPL,2026-04-17 19:52:00,269.97,270.0,269.71,269.78,168375.0,1m
AAPL,2026-04-17 19:53:00,269.77,269.96,269.74,269.96,106603.0,1m
AAPL,2026-04-17 19:54:00,269.96,270.21,269.86,270.08,188336.0,1m
AAPL,2026-04-17 19:55:00,270.07,270.32,269.94,270.11,218725.0,1m
AAPL,2026-04-17 19:56:00,270.12,270.23,270.1,270.19,154653.0,1m
AAPL,2026-04-17 19:57:00,270.19,270.42,270.06,270.37,184159.0,1m
AAPL,2026-04-17 19:58:00,270.36,270.42,270.29,270.37,186303.0,1m
AAPL,2026-04-17 19:59:00,270.38,270.41,270.16,270.19,456421.0,1m
AAPL,2026-04-20 13:30:00,270.33,271.72,270.33,270.81,799883.0,1m
AAPL,2026-04-20 13:31:00,270.81,271.47,270.72,270.96,227543.0,1m
AAPL,2026-04-20 13:32:00,270.93,271.34,270.67,271.32,109307.0,1m
AAPL,2026-04-20 13:33:00,271.29,272.1,271.28,272.0,220367.0,1m
AAPL,2026-04-20 13:34:00,272.06,272.49,272.02,272.43,128289.0,1m
AAPL,2026-04-20 13:35:00,272.4,272.99,272.37,272.64,217316.0,1m
AAPL,2026-04-20 13:36:00,272.62,272.63,272.08,272.38,123449.0,1m
AAPL,2026-04-20 13:37:00,272.36,272.99,272.36,272.92,160904.0,1m
AAPL,2026-04-20 13:38:00,272.92,273.25,272.87,272.92,214036.0,1m
AAPL,2026-04-20 13:39:00,272.94,272.96,272.41,272.49,135804.0,1m
AAPL,2026-04-20 13:40:00,272.48,272.57,272.21,272.39,132306.0,1m
AAPL,2026-04-20 13:41:00,272.36,272.52,271.87,272.21,149658.0,1m
AAPL,2026-04-20 13:42:00,272.23,272.8,272.0,272.61,166987.0,1m
AAPL,2026-04-20 13:43:00,272.59,272.6,272.28,272.39,72994.0,1m
AAPL,2026-04-20 13:44:00,272.38,272.6,272.15,272.45,60108.0,1m
AAPL,2026-04-20 13:45:00,272.43,272.82,272.37,272.63,139880.0,1m
AAPL,2026-04-20 13:46:00,272.62,272.62,272.17,272.36,126238.0,1m
AAPL,2026-04-20 13:47:00,272.36,272.53,272.14,272.49,120983.0,1m
AAPL,2026-04-20 13:48:00,272.51,272.64,272.17,272.39,130372.0,1m
AAPL,2026-04-20 13:49:00,272.43,272.58,272.33,272.44,106726.0,1m
AAPL,2026-04-20 13:50:00,272.45,272.8,272.31,272.79,76823.0,1m
AAPL,2026-04-20 13:51:00,272.8,273.1,272.65,273.09,121709.0,1m
AAPL,2026-04-20 13:52:00,273.08,273.28,272.97,273.16,118298.0,1m
AAPL,2026-04-20 13:53:00,273.16,273.26,272.85,273.18,77858.0,1m
AAPL,2026-04-20 13:54:00,273.17,273.67,273.17,273.65,162201.0,1m
AAPL,2026-04-20 13:55:00,273.65,273.97,273.52,273.62,174888.0,1m
AAPL,2026-04-20 13:56:00,273.62,274.1,273.61,273.93,148212.0,1m
AAPL,2026-04-20 13:57:00,273.94,273.96,273.68,273.91,85692.0,1m
AAPL,2026-04-20 13:58:00,273.89,274.06,273.81,273.98,93379.0,1m
AAPL,2026-04-20 13:59:00,273.99,273.99,273.6,273.92,129487.0,1m
AAPL,2026-04-20 14:00:00,273.93,274.05,273.82,273.9,123409.0,1m
AAPL,2026-04-20 14:01:00,273.9,274.08,273.89,274.04,68007.0,1m
AAPL,2026-04-20 14:02:00,274.03,274.16,273.71,273.88,94932.0,1m
AAPL,2026-04-20 14:03:00,273.85,274.08,273.78,273.96,77675.0,1m
AAPL,2026-04-20 14:04:00,274.0,274.01,273.83,273.93,33406.0,1m
AAPL,2026-04-20 14:05:00,273.91,274.11,273.86,274.04,54690.0,1m
AAPL,2026-04-20 14:06:00,274.03,274.28,273.96,274.12,120936.0,1m
AAPL,2026-04-20 14:07:00,274.12,274.25,273.7,273.72,113491.0,1m
AAPL,2026-04-20 14:08:00,273.7,273.74,273.41,273.46,114547.0,1m
AAPL,2026-04-20 14:09:00,273.41,273.84,273.41,273.75,80167.0,1m
AAPL,2026-04-20 14:10:00,273.72,273.96,273.71,273.83,80323.0,1m
AAPL,2026-04-20 14:11:00,273.86,273.87,273.64,273.67,47194.0,1m
AAPL,2026-04-20 14:12:00,273.65,273.76,273.5,273.61,65542.0,1m
AAPL,2026-04-20 14:13:00,273.6,273.71,273.27,273.29,87228.0,1m
AAPL,2026-04-20 14:14:00,273.3,273.56,273.21,273.48,52183.0,1m
AAPL,2026-04-20 14:15:00,273.5,273.73,273.5,273.69,47149.0,1m
AAPL,2026-04-20 14:16:00,273.7,274.06,273.68,273.84,94077.0,1m
AAPL,2026-04-20 14:17:00,273.83,273.93,273.7,273.84,52303.0,1m
AAPL,2026-04-20 14:18:00,273.84,273.85,273.65,273.7,50215.0,1m
AAPL,2026-04-20 14:19:00,273.69,273.71,273.31,273.6,97466.0,1m
AAPL,2026-04-20 14:20:00,273.6,273.84,273.53,273.81,46495.0,1m
AAPL,2026-04-20 14:21:00,273.8,274.03,273.77,273.85,63473.0,1m
AAPL,2026-04-20 14:22:00,273.85,273.95,273.81,273.89,28548.0,1m
AAPL,2026-04-20 14:23:00,273.93,274.12,273.93,274.11,83644.0,1m
AAPL,2026-04-20 14:24:00,274.12,274.2,273.98,274.18,87962.0,1m
AAPL,2026-04-20 14:25:00,274.18,274.19,273.97,273.99,62662.0,1m
AAPL,2026-04-20 14:26:00,274.0,274.24,274.0,274.15,72639.0,1m
AAPL,2026-04-20 14:27:00,274.16,274.2,273.68,273.74,55847.0,1m
AAPL,2026-04-20 14:28:00,273.74,273.77,273.32,273.36,81882.0,1m
AAPL,2026-04-20 14:29:00,273.35,273.56,273.31,273.38,38726.0,1m
AAPL,2026-04-20 14:30:00,273.39,273.5,273.33,273.5,38472.0,1m
AAPL,2026-04-20 14:31:00,273.48,273.51,273.27,273.35,50378.0,1m
AAPL,2026-04-20 14:32:00,273.34,273.38,272.95,273.0,69218.0,1m
AAPL,2026-04-20 14:33:00,272.99,273.03,272.92,272.94,73413.0,1m
AAPL,2026-04-20 14:34:00,272.93,273.11,272.9,273.09,52456.0,1m
AAPL,2026-04-20 14:35:00,273.09,273.19,273.01,273.13,39777.0,1m
AAPL,2026-04-20 14:36:00,273.12,273.26,273.1,273.23,39566.0,1m
AAPL,2026-04-20 14:37:00,273.25,273.57,273.25,273.41,71020.0,1m
AAPL,2026-04-20 14:38:00,273.37,273.4,273.24,273.31,32114.0,1m
AAPL,2026-04-20 14:39:00,273.29,273.31,273.04,273.05,34573.0,1m
AAPL,2026-04-20 14:40:00,273.06,273.11,272.91,272.98,41289.0,1m
AAPL,2026-04-20 14:41:00,272.99,273.04,272.84,272.89,53021.0,1m
AAPL,2026-04-20 14:42:00,272.85,273.85,272.64,272.75,80693.0,1m
AAPL,2026-04-20 14:43:00,272.74,272.74,272.58,272.66,49418.0,1m
AAPL,2026-04-20 14:44:00,272.63,272.78,272.63,272.67,22425.0,1m
AAPL,2026-04-20 14:45:00,272.66,272.8,272.6,272.77,36965.0,1m
AAPL,2026-04-20 14:46:00,272.78,272.93,272.75,272.92,50913.0,1m
AAPL,2026-04-20 14:47:00,272.94,273.07,272.91,273.03,38706.0,1m
AAPL,2026-04-20 14:48:00,273.04,273.13,272.95,273.0,24578.0,1m
AAPL,2026-04-20 14:49:00,273.0,273.16,272.98,273.16,18884.0,1m
AAPL,2026-04-20 14:50:00,273.14,273.17,272.89,272.92,34366.0,1m
AAPL,2026-04-20 14:51:00,272.93,272.98,272.09,272.39,235217.0,1m
AAPL,2026-04-20 14:52:00,272.4,272.64,272.33,272.51,53484.0,1m
AAPL,2026-04-20 14:53:00,272.55,272.66,272.38,272.45,35604.0,1m
AAPL,2026-04-20 14:54:00,272.43,272.64,272.39,272.64,34598.0,1m
AAPL,2026-04-20 14:55:00,272.62,272.63,272.44,272.53,31632.0,1m
AAPL,2026-04-20 14:56:00,272.51,272.52,272.2,272.33,60864.0,1m
AAPL,2026-04-20 14:57:00,272.36,272.5,272.36,272.42,27765.0,1m
AAPL,2026-04-20 14:58:00,272.42,272.43,272.26,272.32,28575.0,1m
AAPL,2026-04-20 14:59:00,272.31,272.45,272.26,272.4,35611.0,1m
AAPL,2026-04-20 15:00:00,272.38,272.48,272.23,272.26,39063.0,1m
AAPL,2026-04-20 15:01:00,272.25,272.28,272.1,272.13,45983.0,1m
AAPL,2026-04-20 15:02:00,272.12,272.24,272.08,272.21,37708.0,1m
AAPL,2026-04-20 15:03:00,272.19,272.2,272.04,272.11,39092.0,1m
AAPL,2026-04-20 15:04:00,272.1,272.12,271.87,271.98,117237.0,1m
AAPL,2026-04-20 15:05:00,271.99,272.08,271.95,271.96,29061.0,1m
AAPL,2026-04-20 15:06:00,271.96,272.04,271.86,272.01,47285.0,1m
AAPL,2026-04-20 15:07:00,272.0,272.01,271.82,271.86,47602.0,1m
AAPL,2026-04-20 15:08:00,271.87,272.01,271.83,271.97,47590.0,1m
AAPL,2026-04-20 15:09:00,271.99,271.99,271.85,271.88,37837.0,1m
AAPL,2026-04-20 15:10:00,271.87,271.99,271.75,271.94,24399.0,1m
AAPL,2026-04-20 15:11:00,271.94,271.96,271.81,271.84,23395.0,1m
AAPL,2026-04-20 15:12:00,271.84,271.88,271.72,271.83,29626.0,1m
AAPL,2026-04-20 15:13:00,271.84,271.91,271.82,271.84,23880.0,1m
AAPL,2026-04-20 15:14:00,271.84,271.98,271.78,271.97,30092.0,1m
AAPL,2026-04-20 15:15:00,271.97,272.03,271.94,271.98,33336.0,1m
AAPL,2026-04-20 15:16:00,271.99,272.27,271.99,272.23,71637.0,1m
AAPL,2026-04-20 15:17:00,272.23,272.33,272.14,272.16,37678.0,1m
AAPL,2026-04-20 15:18:00,272.17,272.25,272.05,272.1,37666.0,1m
AAPL,2026-04-20 15:19:00,272.12,272.21,272.0,272.0,36568.0,1m
AAPL,2026-04-20 15:20:00,272.02,272.03,271.86,271.86,27531.0,1m
AAPL,2026-04-20 15:21:00,271.85,272.2,271.79,272.07,52556.0,1m
AAPL,2026-04-20 15:22:00,272.07,272.36,272.05,272.28,50302.0,1m
AAPL,2026-04-20 15:23:00,272.25,272.48,272.22,272.44,60793.0,1m
AAPL,2026-04-20 15:24:00,272.43,272.6,272.42,272.49,63506.0,1m
AAPL,2026-04-20 15:25:00,272.49,272.77,272.49,272.68,69718.0,1m
AAPL,2026-04-20 15:26:00,272.7,272.93,272.7,272.77,89953.0,1m
AAPL,2026-04-20 15:27:00,272.76,272.83,272.65,272.73,51192.0,1m
AAPL,2026-04-20 15:28:00,272.71,272.74,272.65,272.68,43184.0,1m
AAPL,2026-04-20 15:29:00,272.68,272.96,272.62,272.88,54855.0,1m
AAPL,2026-04-20 15:30:00,272.88,272.91,272.72,272.76,73392.0,1m
AAPL,2026-04-20 15:31:00,272.75,272.82,272.68,272.78,50705.0,1m
AAPL,2026-04-20 15:32:00,272.74,272.78,272.66,272.66,26913.0,1m
AAPL,2026-04-20 15:33:00,272.68,272.72,272.55,272.55,50142.0,1m
AAPL,2026-04-20 15:34:00,272.56,272.56,272.23,272.31,33869.0,1m
AAPL,2026-04-20 15:35:00,272.33,272.36,272.24,272.35,26007.0,1m
AAPL,2026-04-20 15:36:00,272.36,272.37,272.09,272.18,18745.0,1m
AAPL,2026-04-20 15:37:00,272.15,272.4,272.08,272.38,41893.0,1m
AAPL,2026-04-20 15:38:00,272.38,272.61,272.38,272.59,37752.0,1m
AAPL,2026-04-20 15:39:00,272.6,272.65,272.49,272.54,29211.0,1m
AAPL,2026-04-20 15:40:00,272.55,272.62,272.49,272.51,33943.0,1m
AAPL,2026-04-20 15:41:00,272.53,272.68,272.52,272.64,22321.0,1m
AAPL,2026-04-20 15:42:00,272.64,272.64,272.54,272.54,18890.0,1m
AAPL,2026-04-20 15:43:00,272.55,272.61,272.37,272.41,35381.0,1m
AAPL,2026-04-20 15:44:00,272.4,272.41,272.26,272.37,21756.0,1m
AAPL,2026-04-20 15:45:00,272.37,272.4,272.16,272.21,25765.0,1m
AAPL,2026-04-20 15:46:00,272.23,272.37,272.22,272.33,15951.0,1m
AAPL,2026-04-20 15:47:00,272.35,272.47,272.35,272.38,19667.0,1m
AAPL,2026-04-20 15:48:00,272.4,272.52,272.39,272.43,38389.0,1m
AAPL,2026-04-20 15:49:00,272.42,272.45,272.31,272.31,24209.0,1m
AAPL,2026-04-20 15:50:00,272.31,272.39,272.25,272.33,28012.0,1m
AAPL,2026-04-20 15:51:00,272.34,272.46,272.32,272.42,29312.0,1m
AAPL,2026-04-20 15:52:00,272.41,272.46,272.33,272.34,18158.0,1m
AAPL,2026-04-20 15:53:00,272.36,272.44,272.29,272.32,13739.0,1m
AAPL,2026-04-20 15:54:00,272.32,272.5,272.32,272.47,33280.0,1m
AAPL,2026-04-20 15:55:00,272.47,272.66,272.47,272.66,42746.0,1m
AAPL,2026-04-20 15:56:00,272.66,272.82,272.64,272.77,34617.0,1m
AAPL,2026-04-20 15:57:00,272.77,272.78,272.7,272.73,24364.0,1m
AAPL,2026-04-20 15:58:00,272.74,272.85,272.73,272.84,30948.0,1m
AAPL,2026-04-20 15:59:00,272.85,272.87,272.77,272.78,23464.0,1m
AAPL,2026-04-20 16:00:00,272.77,272.85,272.72,272.79,18171.0,1m
AAPL,2026-04-20 16:01:00,272.78,272.78,272.53,272.57,29207.0,1m
AAPL,2026-04-20 16:02:00,272.57,272.63,272.52,272.63,24370.0,1m
AAPL,2026-04-20 16:03:00,272.62,272.67,272.51,272.53,25532.0,1m
AAPL,2026-04-20 16:04:00,272.53,272.56,272.46,272.55,22211.0,1m
AAPL,2026-04-20 16:05:00,272.57,272.79,272.57,272.74,48634.0,1m
AAPL,2026-04-20 16:06:00,272.73,272.74,272.6,272.6,38924.0,1m
AAPL,2026-04-20 16:07:00,272.6,272.6,272.46,272.5,23736.0,1m
AAPL,2026-04-20 16:08:00,272.52,272.54,272.4,272.45,31561.0,1m
AAPL,2026-04-20 16:09:00,272.44,272.45,272.33,272.43,34411.0,1m
AAPL,2026-04-20 16:10:00,272.44,272.45,272.16,272.27,55914.0,1m
AAPL,2026-04-20 16:11:00,272.27,272.33,272.23,272.32,42361.0,1m
AAPL,2026-04-20 16:12:00,272.33,272.37,272.3,272.35,15911.0,1m
AAPL,2026-04-20 16:13:00,272.35,272.4,272.3,272.33,15262.0,1m
AAPL,2026-04-20 16:14:00,272.32,272.37,272.27,272.27,11247.0,1m
AAPL,2026-04-20 16:15:00,272.26,272.38,272.25,272.34,18390.0,1m
AAPL,2026-04-20 16:16:00,272.33,272.37,272.27,272.32,17664.0,1m
AAPL,2026-04-20 16:17:00,272.31,272.37,272.23,272.37,20319.0,1m
AAPL,2026-04-20 16:18:00,272.35,272.45,272.33,272.38,19429.0,1m
AAPL,2026-04-20 16:19:00,272.38,272.56,272.38,272.56,26733.0,1m
AAPL,2026-04-20 16:20:00,272.58,272.61,272.55,272.56,20690.0,1m
AAPL,2026-04-20 16:21:00,272.54,272.61,272.47,272.49,18288.0,1m
AAPL,2026-04-20 16:22:00,272.5,272.5,272.4,272.42,17947.0,1m
AAPL,2026-04-20 16:23:00,272.42,272.46,272.36,272.46,21652.0,1m
AAPL,2026-04-20 16:24:00,272.44,272.46,272.38,272.4,40725.0,1m
AAPL,2026-04-20 16:25:00,272.41,272.53,272.4,272.47,26191.0,1m
AAPL,2026-04-20 16:26:00,272.44,272.55,272.44,272.55,19601.0,1m
AAPL,2026-04-20 16:27:00,272.55,272.65,272.54,272.64,25709.0,1m
AAPL,2026-04-20 16:28:00,272.65,272.69,272.54,272.55,24476.0,1m
AAPL,2026-04-20 16:29:00,272.55,272.58,272.54,272.57,15871.0,1m
AAPL,2026-04-20 16:30:00,272.59,272.67,272.57,272.63,23533.0,1m
AAPL,2026-04-20 16:31:00,272.62,272.78,272.61,272.75,35694.0,1m
AAPL,2026-04-20 16:32:00,272.73,272.77,272.7,272.76,23829.0,1m
AAPL,2026-04-20 16:33:00,272.75,272.86,272.74,272.85,40227.0,1m
AAPL,2026-04-20 16:34:00,272.85,273.16,272.85,273.11,122381.0,1m
AAPL,2026-04-20 16:35:00,273.11,273.14,272.95,272.97,36923.0,1m
AAPL,2026-04-20 16:36:00,272.98,273.04,272.89,272.97,26711.0,1m
AAPL,2026-04-20 16:37:00,272.99,272.99,272.84,272.9,21451.0,1m
AAPL,2026-04-20 16:38:00,272.86,272.88,272.78,272.81,49383.0,1m
AAPL,2026-04-20 16:39:00,272.81,272.83,272.77,272.81,29404.0,1m
AAPL,2026-04-20 16:40:00,272.82,272.82,272.72,272.76,33374.0,1m
AAPL,2026-04-20 16:41:00,272.77,272.89,272.77,272.88,19682.0,1m
AAPL,2026-04-20 16:42:00,272.9,273.04,272.9,272.94,25038.0,1m
AAPL,2026-04-20 16:43:00,272.97,272.99,272.9,272.91,38986.0,1m
AAPL,2026-04-20 16:44:00,272.92,272.93,272.82,272.82,19857.0,1m
AAPL,2026-04-20 16:45:00,272.82,272.88,272.76,272.79,24375.0,1m
AAPL,2026-04-20 16:46:00,272.81,272.82,272.73,272.75,17983.0,1m
AAPL,2026-04-20 16:47:00,272.75,272.76,272.59,272.61,20964.0,1m
AAPL,2026-04-20 16:48:00,272.63,272.66,272.51,272.62,23937.0,1m
AAPL,2026-04-20 16:49:00,272.63,272.65,272.57,272.64,35168.0,1m
AAPL,2026-04-20 16:50:00,272.66,272.67,272.59,272.61,16374.0,1m
AAPL,2026-04-20 16:51:00,272.61,272.66,272.57,272.65,20492.0,1m
AAPL,2026-04-20 16:52:00,272.65,272.76,272.61,272.73,25139.0,1m
AAPL,2026-04-20 16:53:00,272.75,272.75,272.64,272.67,10284.0,1m
AAPL,2026-04-20 16:54:00,272.68,272.71,272.59,272.63,11959.0,1m
AAPL,2026-04-20 16:55:00,272.61,272.62,272.56,272.6,12672.0,1m
AAPL,2026-04-20 16:56:00,272.59,272.59,272.48,272.5,14219.0,1m
AAPL,2026-04-20 16:57:00,272.49,272.53,272.41,272.44,21485.0,1m
AAPL,2026-04-20 16:58:00,272.42,272.46,272.39,272.39,21098.0,1m
AAPL,2026-04-20 16:59:00,272.4,272.4,272.35,272.35,18171.0,1m
AAPL,2026-04-20 17:00:00,272.38,272.38,272.33,272.35,17390.0,1m
AAPL,2026-04-20 17:01:00,272.35,272.35,272.02,272.04,69232.0,1m
AAPL,2026-04-20 17:02:00,272.04,272.12,271.84,272.04,57662.0,1m
AAPL,2026-04-20 17:03:00,272.03,272.03,271.88,271.89,26035.0,1m
AAPL,2026-04-20 17:04:00,271.88,271.94,271.84,271.85,25423.0,1m
AAPL,2026-04-20 17:05:00,271.85,271.99,271.84,271.95,28837.0,1m
AAPL,2026-04-20 17:06:00,271.95,272.03,271.94,272.0,20285.0,1m
AAPL,2026-04-20 17:07:00,272.01,272.04,271.97,271.97,14641.0,1m
AAPL,2026-04-20 17:08:00,271.98,272.02,271.96,271.97,25863.0,1m
AAPL,2026-04-20 17:09:00,271.98,272.02,271.94,271.98,23352.0,1m
AAPL,2026-04-20 17:10:00,271.99,272.16,271.98,272.13,53994.0,1m
AAPL,2026-04-20 17:11:00,272.12,272.28,272.11,272.2,55516.0,1m
AAPL,2026-04-20 17:12:00,272.2,272.28,272.17,272.25,24065.0,1m
AAPL,2026-04-20 17:13:00,272.25,272.34,272.23,272.24,34853.0,1m
AAPL,2026-04-20 17:14:00,272.25,272.35,272.24,272.31,22459.0,1m
AAPL,2026-04-20 17:15:00,272.32,272.36,272.27,272.36,22944.0,1m
AAPL,2026-04-20 17:16:00,272.35,272.58,272.34,272.54,59607.0,1m
AAPL,2026-04-20 17:17:00,272.54,272.59,272.45,272.58,39908.0,1m
AAPL,2026-04-20 17:18:00,272.58,272.63,272.54,272.59,32869.0,1m
AAPL,2026-04-20 17:19:00,272.6,272.64,272.53,272.57,25456.0,1m
AAPL,2026-04-20 17:20:00,272.56,272.56,272.4,272.43,30960.0,1m
AAPL,2026-04-20 17:21:00,272.42,272.47,272.41,272.46,21121.0,1m
AAPL,2026-04-20 17:22:00,272.47,272.59,272.46,272.59,12165.0,1m
AAPL,2026-04-20 17:23:00,272.59,272.65,272.54,272.56,24874.0,1m
AAPL,2026-04-20 17:24:00,272.56,272.58,272.41,272.42,18132.0,1m
AAPL,2026-04-20 17:25:00,272.42,272.42,272.34,272.36,17550.0,1m
AAPL,2026-04-20 17:26:00,272.38,272.4,272.29,272.3,20962.0,1m
AAPL,2026-04-20 17:27:00,272.3,272.35,272.23,272.25,24949.0,1m
AAPL,2026-04-20 17:28:00,272.24,272.3,272.18,272.29,28894.0,1m
AAPL,2026-04-20 17:29:00,272.31,272.32,272.16,272.19,17875.0,1m
AAPL,2026-04-20 17:30:00,272.18,272.19,272.09,272.11,24554.0,1m
AAPL,2026-04-20 17:31:00,272.13,272.15,272.05,272.06,29359.0,1m
AAPL,2026-04-20 17:32:00,272.06,272.25,271.98,272.12,75194.0,1m
AAPL,2026-04-20 17:33:00,272.13,272.16,272.06,272.09,15812.0,1m
AAPL,2026-04-20 17:34:00,272.09,272.28,272.03,272.2,65977.0,1m
AAPL,2026-04-20 17:35:00,272.17,272.3,272.14,272.17,19334.0,1m
AAPL,2026-04-20 17:36:00,272.18,272.28,272.12,272.24,18642.0,1m
AAPL,2026-04-20 17:37:00,272.25,272.4,272.24,272.34,23189.0,1m
AAPL,2026-04-20 17:38:00,272.34,272.45,272.33,272.45,24677.0,1m
AAPL,2026-04-20 17:39:00,272.45,272.59,272.44,272.51,21458.0,1m
AAPL,2026-04-20 17:40:00,272.51,272.68,272.47,272.58,41674.0,1m
AAPL,2026-04-20 17:41:00,272.57,272.59,272.5,272.55,20456.0,1m
AAPL,2026-04-20 17:42:00,272.56,272.6,272.46,272.48,15256.0,1m
AAPL,2026-04-20 17:43:00,272.49,272.56,272.46,272.49,18930.0,1m
AAPL,2026-04-20 17:44:00,272.5,272.58,272.49,272.56,17670.0,1m
AAPL,2026-04-20 17:45:00,272.56,272.65,272.52,272.61,18199.0,1m
AAPL,2026-04-20 17:46:00,272.62,272.67,272.61,272.66,16125.0,1m
AAPL,2026-04-20 17:47:00,272.67,272.67,272.61,272.63,25897.0,1m
AAPL,2026-04-20 17:48:00,272.63,272.64,272.6,272.63,13519.0,1m
AAPL,2026-04-20 17:49:00,272.63,272.67,272.57,272.63,31693.0,1m
AAPL,2026-04-20 17:50:00,272.62,272.66,272.62,272.65,9189.0,1m
AAPL,2026-04-20 17:51:00,272.64,272.7,272.61,272.69,21153.0,1m
AAPL,2026-04-20 17:52:00,272.7,272.73,272.69,272.7,19062.0,1m
AAPL,2026-04-20 17:53:00,272.69,272.82,272.69,272.82,60071.0,1m
AAPL,2026-04-20 17:54:00,272.82,272.94,272.82,272.92,31917.0,1m
AAPL,2026-04-20 17:55:00,272.92,272.97,272.77,272.82,38192.0,1m
AAPL,2026-04-20 17:56:00,272.82,272.86,272.76,272.76,41946.0,1m
AAPL,2026-04-20 17:57:00,272.77,272.88,272.63,272.87,38732.0,1m
AAPL,2026-04-20 17:58:00,272.87,272.95,272.86,272.94,15070.0,1m
AAPL,2026-04-20 17:59:00,272.94,272.96,272.88,272.96,28481.0,1m
AAPL,2026-04-20 18:00:00,272.96,272.99,272.89,272.89,35127.0,1m
AAPL,2026-04-20 18:01:00,272.88,272.9,272.8,272.84,25571.0,1m
AAPL,2026-04-20 18:02:00,272.83,272.93,272.82,272.89,21366.0,1m
AAPL,2026-04-20 18:03:00,272.89,272.93,272.86,272.89,11576.0,1m
AAPL,2026-04-20 18:04:00,272.88,272.93,272.87,272.9,10945.0,1m
AAPL,2026-04-20 18:05:00,272.91,273.1,272.86,273.09,63331.0,1m
AAPL,2026-04-20 18:06:00,273.1,273.17,273.05,273.16,50726.0,1m
AAPL,2026-04-20 18:07:00,273.15,273.25,273.13,273.17,75625.0,1m
AAPL,2026-04-20 18:08:00,273.18,273.29,273.13,273.28,56989.0,1m
AAPL,2026-04-20 18:09:00,273.28,273.35,273.26,273.34,25744.0,1m
AAPL,2026-04-20 18:10:00,273.35,273.43,273.33,273.37,52636.0,1m
AAPL,2026-04-20 18:11:00,273.36,273.44,273.22,273.34,93055.0,1m
AAPL,2026-04-20 18:12:00,273.34,273.4,273.31,273.38,26673.0,1m
AAPL,2026-04-20 18:13:00,273.4,273.45,273.35,273.41,34021.0,1m
AAPL,2026-04-20 18:14:00,273.43,273.5,273.39,273.5,45916.0,1m
AAPL,2026-04-20 18:15:00,273.5,273.61,273.49,273.51,47892.0,1m
AAPL,2026-04-20 18:16:00,273.51,273.54,273.45,273.51,33107.0,1m
AAPL,2026-04-20 18:17:00,273.51,273.56,273.47,273.54,21501.0,1m
AAPL,2026-04-20 18:18:00,273.53,273.56,273.42,273.52,23679.0,1m
AAPL,2026-04-20 18:19:00,273.53,273.61,273.53,273.54,29805.0,1m
AAPL,2026-04-20 18:20:00,273.54,273.62,273.52,273.53,29713.0,1m
AAPL,2026-04-20 18:21:00,273.54,273.54,273.36,273.43,38658.0,1m
AAPL,2026-04-20 18:22:00,273.43,273.54,273.43,273.48,22992.0,1m
AAPL,2026-04-20 18:23:00,273.47,273.6,273.45,273.6,22007.0,1m
AAPL,2026-04-20 18:24:00,273.6,273.65,273.57,273.58,25110.0,1m
AAPL,2026-04-20 18:25:00,273.58,273.63,273.56,273.59,32372.0,1m
AAPL,2026-04-20 18:26:00,273.57,273.6,273.5,273.6,32116.0,1m
AAPL,2026-04-20 18:27:00,273.59,273.65,273.56,273.59,22058.0,1m
AAPL,2026-04-20 18:28:00,273.58,273.6,273.23,273.46,69917.0,1m
AAPL,2026-04-20 18:29:00,273.42,273.55,273.41,273.47,50991.0,1m
AAPL,2026-04-20 18:30:00,273.46,273.46,273.29,273.29,20897.0,1m
AAPL,2026-04-20 18:31:00,273.3,273.31,273.22,273.27,30581.0,1m
AAPL,2026-04-20 18:32:00,273.27,273.27,273.08,273.16,42574.0,1m
AAPL,2026-04-20 18:33:00,273.18,273.21,273.09,273.17,25076.0,1m
AAPL,2026-04-20 18:34:00,273.17,273.32,273.17,273.3,35692.0,1m
AAPL,2026-04-20 18:35:00,273.33,273.39,273.3,273.35,18120.0,1m
AAPL,2026-04-20 18:36:00,273.36,273.42,273.2,273.3,51492.0,1m
AAPL,2026-04-20 18:37:00,273.27,273.36,273.26,273.31,14570.0,1m
AAPL,2026-04-20 18:38:00,273.3,273.38,273.29,273.38,14450.0,1m
AAPL,2026-04-20 18:39:00,273.38,273.41,273.33,273.34,13584.0,1m
AAPL,2026-04-20 18:40:00,273.33,273.42,273.31,273.33,25974.0,1m
AAPL,2026-04-20 18:41:00,273.32,273.33,273.26,273.31,17378.0,1m
AAPL,2026-04-20 18:42:00,273.31,273.31,273.22,273.24,22544.0,1m
AAPL,2026-04-20 18:43:00,273.24,273.24,273.17,273.18,15149.0,1m
AAPL,2026-04-20 18:44:00,273.17,273.17,273.05,273.07,19023.0,1m
AAPL,2026-04-20 18:45:00,273.08,273.1,272.97,273.01,23837.0,1m
AAPL,2026-04-20 18:46:00,273.0,273.08,273.0,273.03,15007.0,1m
AAPL,2026-04-20 18:47:00,273.03,273.08,273.0,273.06,13752.0,1m
AAPL,2026-04-20 18:48:00,273.06,273.11,273.05,273.08,17113.0,1m
AAPL,2026-04-20 18:49:00,273.08,273.14,273.08,273.11,10662.0,1m
AAPL,2026-04-20 18:50:00,273.12,273.2,273.12,273.16,24616.0,1m
AAPL,2026-04-20 18:51:00,273.16,273.19,273.14,273.14,18143.0,1m
AAPL,2026-04-20 18:52:00,273.13,273.16,273.09,273.09,15276.0,1m
AAPL,2026-04-20 18:53:00,273.11,273.13,273.07,273.13,12827.0,1m
AAPL,2026-04-20 18:54:00,273.12,273.16,273.09,273.15,9075.0,1m
AAPL,2026-04-20 18:55:00,273.15,273.17,273.1,273.11,20395.0,1m
AAPL,2026-04-20 18:56:00,273.11,273.18,273.09,273.09,14435.0,1m
AAPL,2026-04-20 18:57:00,273.09,273.11,273.07,273.07,10412.0,1m
AAPL,2026-04-20 18:58:00,273.08,273.09,273.0,273.01,12114.0,1m
AAPL,2026-04-20 18:59:00,273.0,273.03,272.97,272.99,18673.0,1m
AAPL,2026-04-20 19:00:00,272.99,273.04,272.94,272.94,26736.0,1m
AAPL,2026-04-20 19:01:00,272.94,272.97,272.9,272.94,22218.0,1m
AAPL,2026-04-20 19:02:00,272.96,273.06,272.96,273.05,17893.0,1m
AAPL,2026-04-20 19:03:00,273.05,273.09,273.0,273.06,21584.0,1m
AAPL,2026-04-20 19:04:00,273.06,273.1,273.01,273.04,17893.0,1m
AAPL,2026-04-20 19:05:00,273.04,273.12,273.03,273.1,17674.0,1m
AAPL,2026-04-20 19:06:00,273.1,273.15,273.06,273.13,23669.0,1m
AAPL,2026-04-20 19:07:00,273.13,273.14,273.03,273.1,12567.0,1m
AAPL,2026-04-20 19:08:00,273.1,273.1,272.97,273.04,26176.0,1m
AAPL,2026-04-20 19:09:00,273.05,273.07,272.98,273.0,27751.0,1m
AAPL,2026-04-20 19:10:00,273.0,273.07,272.98,273.07,41786.0,1m
AAPL,2026-04-20 19:11:00,273.08,273.14,273.06,273.12,23845.0,1m
AAPL,2026-04-20 19:12:00,273.13,273.16,273.1,273.13,18268.0,1m
AAPL,2026-04-20 19:13:00,273.13,273.19,273.11,273.17,21681.0,1m
AAPL,2026-04-20 19:14:00,273.17,273.19,273.11,273.13,24496.0,1m
AAPL,2026-04-20 19:15:00,273.13,273.17,273.11,273.12,24769.0,1m
AAPL,2026-04-20 19:16:00,273.14,273.19,273.13,273.15,14673.0,1m
AAPL,2026-04-20 19:17:00,273.15,273.19,273.13,273.18,22516.0,1m
AAPL,2026-04-20 19:18:00,273.17,273.19,273.14,273.17,12419.0,1m
AAPL,2026-04-20 19:19:00,273.18,273.21,273.17,273.21,29572.0,1m
AAPL,2026-04-20 19:20:00,273.21,273.26,273.2,273.2,35029.0,1m
AAPL,2026-04-20 19:21:00,273.2,273.22,273.15,273.19,27855.0,1m
AAPL,2026-04-20 19:22:00,273.18,273.22,273.15,273.18,16115.0,1m
AAPL,2026-04-20 19:23:00,273.17,273.19,273.11,273.16,39348.0,1m
AAPL,2026-04-20 19:24:00,273.15,273.17,273.13,273.14,16924.0,1m
AAPL,2026-04-20 19:25:00,273.13,273.15,272.97,272.98,33350.0,1m
AAPL,2026-04-20 19:26:00,272.99,273.03,272.97,272.98,28628.0,1m
AAPL,2026-04-20 19:27:00,272.98,273.08,272.96,273.04,52395.0,1m
AAPL,2026-04-20 19:28:00,273.05,273.08,272.83,272.85,85475.0,1m
AAPL,2026-04-20 19:29:00,272.86,272.87,272.67,272.69,53251.0,1m
AAPL,2026-04-20 19:30:00,272.65,272.71,272.55,272.67,55127.0,1m
AAPL,2026-04-20 19:31:00,272.66,272.71,272.59,272.63,42908.0,1m
AAPL,2026-04-20 19:32:00,272.63,272.65,272.55,272.57,32546.0,1m
AAPL,2026-04-20 19:33:00,272.58,272.58,272.45,272.53,40933.0,1m
AAPL,2026-04-20 19:34:00,272.53,272.6,272.48,272.48,39151.0,1m
AAPL,2026-04-20 19:35:00,272.48,272.56,272.48,272.53,48535.0,1m
AAPL,2026-04-20 19:36:00,272.52,272.61,272.52,272.57,41028.0,1m
AAPL,2026-04-20 19:37:00,272.58,272.62,272.55,272.56,26722.0,1m
AAPL,2026-04-20 19:38:00,272.57,272.58,272.34,272.4,65664.0,1m
AAPL,2026-04-20 19:39:00,272.41,272.45,272.32,272.42,49554.0,1m
AAPL,2026-04-20 19:40:00,272.41,272.47,272.35,272.38,59020.0,1m
AAPL,2026-04-20 19:41:00,272.37,272.38,272.27,272.36,60377.0,1m
AAPL,2026-04-20 19:42:00,272.36,272.43,272.33,272.41,51715.0,1m
AAPL,2026-04-20 19:43:00,272.41,272.51,272.39,272.45,46627.0,1m
AAPL,2026-04-20 19:44:00,272.46,272.55,272.42,272.55,47308.0,1m
AAPL,2026-04-20 19:45:00,272.55,272.65,272.48,272.49,46909.0,1m
AAPL,2026-04-20 19:46:00,272.48,272.51,272.39,272.5,27273.0,1m
AAPL,2026-04-20 19:47:00,272.5,272.53,272.44,272.5,27967.0,1m
AAPL,2026-04-20 19:48:00,272.5,272.52,272.45,272.46,34419.0,1m
AAPL,2026-04-20 19:49:00,272.46,272.51,272.35,272.37,36965.0,1m
AAPL,2026-04-20 19:50:00,272.38,272.53,272.36,272.44,152334.0,1m
AAPL,2026-04-20 19:51:00,272.44,272.57,272.39,272.43,82773.0,1m
AAPL,2026-04-20 19:52:00,272.43,272.45,272.37,272.4,40972.0,1m
AAPL,2026-04-20 19:53:00,272.41,272.55,272.36,272.55,76706.0,1m
AAPL,2026-04-20 19:54:00,272.57,272.8,272.53,272.76,113002.0,1m
AAPL,2026-04-20 19:55:00,272.76,272.78,272.39,272.69,119411.0,1m
AAPL,2026-04-20 19:56:00,272.7,272.92,272.7,272.92,117206.0,1m
AAPL,2026-04-20 19:57:00,272.91,272.93,272.74,272.74,116188.0,1m
AAPL,2026-04-20 19:58:00,272.74,272.95,272.72,272.93,261607.0,1m
AAPL,2026-04-20 19:59:00,272.93,273.16,272.9,272.93,673922.0,1m
AAPL,2026-04-21 13:30:00,271.59,272.8,271.23,272.31,952921.0,1m
AAPL,2026-04-21 13:31:00,272.34,272.59,271.2,271.22,194075.0,1m
AAPL,2026-04-21 13:32:00,271.23,271.52,270.6,270.74,252619.0,1m
AAPL,2026-04-21 13:33:00,270.78,271.32,270.65,271.06,107077.0,1m
AAPL,2026-04-21 13:34:00,271.02,271.27,270.7,270.98,115269.0,1m
AAPL,2026-04-21 13:35:00,270.99,271.15,270.53,270.94,123456.0,1m
AAPL,2026-04-21 13:36:00,270.94,271.58,270.92,271.3,215771.0,1m
AAPL,2026-04-21 13:37:00,271.3,271.66,271.27,271.27,110040.0,1m
AAPL,2026-04-21 13:38:00,271.29,271.52,271.15,271.25,131211.0,1m
AAPL,2026-04-21 13:39:00,271.27,271.32,270.68,270.9,162294.0,1m
AAPL,2026-04-21 13:40:00,270.89,271.25,270.65,271.25,80807.0,1m
AAPL,2026-04-21 13:41:00,271.27,271.39,271.04,271.29,60589.0,1m
AAPL,2026-04-21 13:42:00,271.28,271.31,270.93,271.01,61636.0,1m
AAPL,2026-04-21 13:43:00,271.0,271.35,271.0,271.11,78118.0,1m
AAPL,2026-04-21 13:44:00,271.11,271.61,271.1,271.41,65800.0,1m
AAPL,2026-04-21 13:45:00,271.44,271.47,270.71,270.75,105180.0,1m
AAPL,2026-04-21 13:46:00,270.76,270.99,270.71,270.78,140648.0,1m
AAPL,2026-04-21 13:47:00,270.79,271.06,270.74,270.97,70870.0,1m
AAPL,2026-04-21 13:48:00,270.97,271.37,270.97,271.29,52600.0,1m
AAPL,2026-04-21 13:49:00,271.28,271.46,271.23,271.27,81570.0,1m
AAPL,2026-04-21 13:50:00,271.27,271.41,271.17,271.23,51395.0,1m
AAPL,2026-04-21 13:51:00,271.23,271.55,271.19,271.38,60385.0,1m
AAPL,2026-04-21 13:52:00,271.39,271.43,271.23,271.43,62160.0,1m
AAPL,2026-04-21 13:53:00,271.43,271.69,271.4,271.61,108991.0,1m
AAPL,2026-04-21 13:54:00,271.61,271.62,271.36,271.45,48599.0,1m
AAPL,2026-04-21 13:55:00,271.46,271.82,271.46,271.76,69195.0,1m
AAPL,2026-04-21 13:56:00,271.75,271.8,271.46,271.56,58299.0,1m
AAPL,2026-04-21 13:57:00,271.59,271.79,271.59,271.69,41231.0,1m
AAPL,2026-04-21 13:58:00,271.66,271.68,271.45,271.55,52365.0,1m
AAPL,2026-04-21 13:59:00,271.57,271.91,271.55,271.88,71526.0,1m
AAPL,2026-04-21 14:00:00,271.88,272.06,271.77,271.94,108494.0,1m
AAPL,2026-04-21 14:01:00,271.93,272.03,271.77,271.89,53312.0,1m
AAPL,2026-04-21 14:02:00,271.85,271.88,271.47,271.52,51244.0,1m
AAPL,2026-04-21 14:03:00,271.48,271.59,271.37,271.59,51437.0,1m
AAPL,2026-04-21 14:04:00,271.57,271.82,271.55,271.8,43335.0,1m
AAPL,2026-04-21 14:05:00,271.8,271.83,271.55,271.57,34463.0,1m
AAPL,2026-04-21 14:06:00,271.56,271.59,271.05,271.05,88910.0,1m
AAPL,2026-04-21 14:07:00,271.07,271.16,270.99,271.01,110276.0,1m
AAPL,2026-04-21 14:08:00,271.01,271.15,270.82,270.86,119933.0,1m
AAPL,2026-04-21 14:09:00,270.84,270.92,270.77,270.78,70771.0,1m
AAPL,2026-04-21 14:10:00,270.78,270.8,270.6,270.78,101299.0,1m
AAPL,2026-04-21 14:11:00,270.81,270.87,270.55,270.69,63572.0,1m
AAPL,2026-04-21 14:12:00,270.69,270.79,270.6,270.78,49057.0,1m
AAPL,2026-04-21 14:13:00,270.75,270.84,270.59,270.62,59064.0,1m
AAPL,2026-04-21 14:14:00,270.63,270.75,270.33,270.39,139665.0,1m
AAPL,2026-04-21 14:15:00,270.42,270.43,270.27,270.3,95034.0,1m
AAPL,2026-04-21 14:16:00,270.29,270.44,270.15,270.44,83932.0,1m
AAPL,2026-04-21 14:17:00,270.44,270.55,270.33,270.34,56004.0,1m
AAPL,2026-04-21 14:18:00,270.36,270.39,270.28,270.29,43857.0,1m
AAPL,2026-04-21 14:19:00,270.28,270.31,270.14,270.15,72277.0,1m
AAPL,2026-04-21 14:20:00,270.14,270.14,269.85,269.86,169112.0,1m
AAPL,2026-04-21 14:21:00,269.85,269.96,269.8,269.94,55431.0,1m
AAPL,2026-04-21 14:22:00,269.94,270.0,269.73,269.97,95612.0,1m
AAPL,2026-04-21 14:23:00,269.98,269.98,269.66,269.74,81667.0,1m
AAPL,2026-04-21 14:24:00,269.74,269.83,269.65,269.78,66333.0,1m
AAPL,2026-04-21 14:25:00,269.78,269.8,269.63,269.69,65465.0,1m
AAPL,2026-04-21 14:26:00,269.69,269.8,269.63,269.76,53465.0,1m
AAPL,2026-04-21 14:27:00,269.76,269.78,269.45,269.56,69732.0,1m
AAPL,2026-04-21 14:28:00,269.56,269.59,269.43,269.5,52510.0,1m
AAPL,2026-04-21 14:29:00,269.51,269.61,269.37,269.58,72114.0,1m
AAPL,2026-04-21 14:30:00,269.58,269.85,269.51,269.52,96810.0,1m
AAPL,2026-04-21 14:31:00,269.51,269.54,269.35,269.44,61429.0,1m
AAPL,2026-04-21 14:32:00,269.44,269.51,269.4,269.47,40479.0,1m
AAPL,2026-04-21 14:33:00,269.46,269.49,269.31,269.39,48098.0,1m
AAPL,2026-04-21 14:34:00,269.4,269.48,269.33,269.36,38193.0,1m
AAPL,2026-04-21 14:35:00,269.37,269.52,269.33,269.46,57712.0,1m
AAPL,2026-04-21 14:36:00,269.46,269.51,269.23,269.31,54029.0,1m
AAPL,2026-04-21 14:37:00,269.31,269.36,269.22,269.25,47300.0,1m
AAPL,2026-04-21 14:38:00,269.26,269.4,269.2,269.38,60620.0,1m
AAPL,2026-04-21 14:39:00,269.4,269.5,269.27,269.32,68336.0,1m
AAPL,2026-04-21 14:40:00,269.28,269.29,269.1,269.28,68298.0,1m
AAPL,2026-04-21 14:41:00,269.29,269.52,269.2,269.21,71338.0,1m
AAPL,2026-04-21 14:42:00,269.2,269.33,269.12,269.33,48463.0,1m
AAPL,2026-04-21 14:43:00,269.34,269.48,269.33,269.48,35788.0,1m
AAPL,2026-04-21 14:44:00,269.49,269.51,269.31,269.31,42700.0,1m
AAPL,2026-04-21 14:45:00,269.3,269.4,269.25,269.38,49685.0,1m
AAPL,2026-04-21 14:46:00,269.38,269.41,269.28,269.37,42579.0,1m
AAPL,2026-04-21 14:47:00,269.38,269.47,269.24,269.25,53318.0,1m
AAPL,2026-04-21 14:48:00,269.25,269.31,269.13,269.31,50578.0,1m
AAPL,2026-04-21 14:49:00,269.32,269.41,269.32,269.34,32287.0,1m
AAPL,2026-04-21 14:50:00,269.34,269.42,269.3,269.31,52876.0,1m
AAPL,2026-04-21 14:51:00,269.31,269.41,269.25,269.31,45369.0,1m
AAPL,2026-04-21 14:52:00,269.31,269.4,269.22,269.39,35889.0,1m
AAPL,2026-04-21 14:53:00,269.39,269.5,269.33,269.48,53872.0,1m
AAPL,2026-04-21 14:54:00,269.49,269.58,269.41,269.47,68075.0,1m
AAPL,2026-04-21 14:55:00,269.46,269.46,269.37,269.45,28019.0,1m
AAPL,2026-04-21 14:56:00,269.45,269.51,269.4,269.43,44936.0,1m
AAPL,2026-04-21 14:57:00,269.43,269.44,269.16,269.18,71161.0,1m
AAPL,2026-04-21 14:58:00,269.18,269.21,268.9,268.95,152202.0,1m
AAPL,2026-04-21 14:59:00,268.96,269.03,268.75,268.82,74365.0,1m
AAPL,2026-04-21 15:00:00,268.84,268.97,268.61,268.75,68019.0,1m
AAPL,2026-04-21 15:01:00,268.77,268.79,268.5,268.74,69535.0,1m
AAPL,2026-04-21 15:02:00,268.72,268.83,268.62,268.68,68678.0,1m
AAPL,2026-04-21 15:03:00,268.65,268.67,268.47,268.5,49518.0,1m
AAPL,2026-04-21 15:04:00,268.49,268.65,268.43,268.51,92224.0,1m
AAPL,2026-04-21 15:05:00,268.51,268.56,268.33,268.42,48414.0,1m
AAPL,2026-04-21 15:06:00,268.41,268.66,268.41,268.53,80879.0,1m
AAPL,2026-04-21 15:07:00,268.53,268.57,268.39,268.47,67893.0,1m
AAPL,2026-04-21 15:08:00,268.48,268.76,268.45,268.74,39338.0,1m
AAPL,2026-04-21 15:09:00,268.73,268.87,268.7,268.81,65345.0,1m
AAPL,2026-04-21 15:10:00,268.83,269.08,268.83,269.03,102862.0,1m
AAPL,2026-04-21 15:11:00,269.0,269.0,268.66,268.66,48103.0,1m
AAPL,2026-04-21 15:12:00,268.66,268.89,268.64,268.85,34275.0,1m
AAPL,2026-04-21 15:13:00,268.85,268.99,268.84,268.99,29594.0,1m
AAPL,2026-04-21 15:14:00,268.99,269.03,268.89,268.91,29218.0,1m
AAPL,2026-04-21 15:15:00,268.89,268.92,268.66,268.69,68430.0,1m
AAPL,2026-04-21 15:16:00,268.68,268.74,268.42,268.46,82966.0,1m
AAPL,2026-04-21 15:17:00,268.48,268.6,268.43,268.51,65227.0,1m
AAPL,2026-04-21 15:18:00,268.54,268.61,268.34,268.43,61962.0,1m
AAPL,2026-04-21 15:19:00,268.42,268.57,268.39,268.43,64822.0,1m
AAPL,2026-04-21 15:20:00,268.41,268.42,268.18,268.19,61497.0,1m
AAPL,2026-04-21 15:21:00,268.2,268.25,268.06,268.21,77339.0,1m
AAPL,2026-04-21 15:22:00,268.2,268.22,267.95,268.04,124093.0,1m
AAPL,2026-04-21 15:23:00,268.0,268.24,268.0,268.17,75999.0,1m
AAPL,2026-04-21 15:24:00,268.17,268.19,267.96,268.03,73542.0,1m
AAPL,2026-04-21 15:25:00,268.04,268.07,267.97,267.99,44766.0,1m
AAPL,2026-04-21 15:26:00,268.0,268.08,267.9,267.95,86414.0,1m
AAPL,2026-04-21 15:27:00,267.93,267.96,267.8,267.96,90601.0,1m
AAPL,2026-04-21 15:28:00,267.94,267.96,267.85,267.91,41786.0,1m
AAPL,2026-04-21 15:29:00,267.9,267.93,267.75,267.93,50738.0,1m
AAPL,2026-04-21 15:30:00,267.92,268.02,267.88,267.93,42043.0,1m
AAPL,2026-04-21 15:31:00,267.94,268.01,267.88,267.91,62505.0,1m
AAPL,2026-04-21 15:32:00,267.9,267.94,267.77,267.81,48347.0,1m
AAPL,2026-04-21 15:33:00,267.82,267.85,267.67,267.78,64529.0,1m
AAPL,2026-04-21 15:34:00,267.78,267.87,267.7,267.81,59561.0,1m
AAPL,2026-04-21 15:35:00,267.82,267.92,267.67,267.69,68992.0,1m
AAPL,2026-04-21 15:36:00,267.69,267.7,267.44,267.48,114127.0,1m
AAPL,2026-04-21 15:37:00,267.49,267.73,267.47,267.72,84860.0,1m
AAPL,2026-04-21 15:38:00,267.74,267.81,267.63,267.68,43762.0,1m
AAPL,2026-04-21 15:39:00,267.68,267.72,267.48,267.57,113972.0,1m
AAPL,2026-04-21 15:40:00,267.58,267.7,267.33,267.38,100163.0,1m
AAPL,2026-04-21 15:41:00,267.38,267.52,267.37,267.43,33813.0,1m
AAPL,2026-04-21 15:42:00,267.41,267.53,267.35,267.41,64171.0,1m
AAPL,2026-04-21 15:43:00,267.46,267.57,267.45,267.49,51351.0,1m
AAPL,2026-04-21 15:44:00,267.5,267.51,267.25,267.27,49799.0,1m
AAPL,2026-04-21 15:45:00,267.27,267.28,267.07,267.11,89283.0,1m
AAPL,2026-04-21 15:46:00,267.11,267.17,267.01,267.16,74811.0,1m
AAPL,2026-04-21 15:47:00,267.17,267.44,267.15,267.41,57623.0,1m
AAPL,2026-04-21 15:48:00,267.41,267.53,267.3,267.35,73287.0,1m
AAPL,2026-04-21 15:49:00,267.35,267.48,267.23,267.25,72274.0,1m
AAPL,2026-04-21 15:50:00,267.25,267.27,267.01,267.01,51007.0,1m
AAPL,2026-04-21 15:51:00,267.05,267.09,266.9,266.95,112283.0,1m
AAPL,2026-04-21 15:52:00,266.95,266.95,266.72,266.76,160088.0,1m
AAPL,2026-04-21 15:53:00,266.76,267.02,266.62,266.85,88443.0,1m
AAPL,2026-04-21 15:54:00,266.82,266.86,266.71,266.72,36950.0,1m
AAPL,2026-04-21 15:55:00,266.73,266.96,266.72,266.91,50116.0,1m
AAPL,2026-04-21 15:56:00,266.91,266.91,266.8,266.88,44023.0,1m
AAPL,2026-04-21 15:57:00,266.9,266.96,266.83,266.85,43983.0,1m
AAPL,2026-04-21 15:58:00,266.85,266.86,266.69,266.74,59617.0,1m
AAPL,2026-04-21 15:59:00,266.74,266.74,266.56,266.72,95699.0,1m
AAPL,2026-04-21 16:00:00,266.73,267.14,266.73,267.06,120812.0,1m
AAPL,2026-04-21 16:01:00,267.06,267.25,267.02,267.08,73989.0,1m
AAPL,2026-04-21 16:02:00,267.07,267.11,266.95,266.98,80458.0,1m
AAPL,2026-04-21 16:03:00,266.99,267.17,266.74,266.77,73149.0,1m
AAPL,2026-04-21 16:04:00,266.78,266.89,266.69,266.69,51331.0,1m
AAPL,2026-04-21 16:05:00,266.78,266.78,266.27,266.27,130824.0,1m
AAPL,2026-04-21 16:06:00,266.28,266.3,265.92,266.18,179513.0,1m
AAPL,2026-04-21 16:07:00,266.18,266.19,265.81,265.99,122948.0,1m
AAPL,2026-04-21 16:08:00,265.97,266.43,265.93,266.34,95598.0,1m
AAPL,2026-04-21 16:09:00,266.34,266.45,266.26,266.39,62588.0,1m
AAPL,2026-04-21 16:10:00,266.38,266.61,266.31,266.6,50967.0,1m
AAPL,2026-04-21 16:11:00,266.61,266.63,266.45,266.5,50047.0,1m
AAPL,2026-04-21 16:12:00,266.5,266.52,266.34,266.43,77693.0,1m
AAPL,2026-04-21 16:13:00,266.44,266.5,266.18,266.21,58525.0,1m
AAPL,2026-04-21 16:14:00,266.21,266.26,266.07,266.18,42647.0,1m
AAPL,2026-04-21 16:15:00,266.18,266.26,266.05,266.12,53497.0,1m
AAPL,2026-04-21 16:16:00,266.12,266.32,266.08,266.31,71187.0,1m
AAPL,2026-04-21 16:17:00,266.33,266.43,266.29,266.41,83453.0,1m
AAPL,2026-04-21 16:18:00,266.42,266.55,266.41,266.52,71226.0,1m
AAPL,2026-04-21 16:19:00,266.53,266.54,266.31,266.44,74134.0,1m
AAPL,2026-04-21 16:20:00,266.42,266.44,266.25,266.35,26772.0,1m
AAPL,2026-04-21 16:21:00,266.33,266.43,266.3,266.39,31231.0,1m
AAPL,2026-04-21 16:22:00,266.4,266.51,266.35,266.35,49825.0,1m
AAPL,2026-04-21 16:23:00,266.34,266.37,266.25,266.35,58690.0,1m
AAPL,2026-04-21 16:24:00,266.35,266.42,266.3,266.4,63783.0,1m
AAPL,2026-04-21 16:25:00,266.4,266.47,266.26,266.37,62542.0,1m
AAPL,2026-04-21 16:26:00,266.35,266.56,266.28,266.5,65716.0,1m
AAPL,2026-04-21 16:27:00,266.5,266.58,266.37,266.38,55361.0,1m
AAPL,2026-04-21 16:28:00,266.4,266.44,266.09,266.13,127779.0,1m
AAPL,2026-04-21 16:29:00,266.12,266.19,265.85,265.86,107152.0,1m
AAPL,2026-04-21 16:30:00,265.86,265.86,265.66,265.7,77773.0,1m
AAPL,2026-04-21 16:31:00,265.7,265.82,265.46,265.71,147570.0,1m
AAPL,2026-04-21 16:32:00,265.71,266.08,265.47,266.04,317601.0,1m
AAPL,2026-04-21 16:33:00,266.03,266.14,265.76,265.78,141345.0,1m
AAPL,2026-04-21 16:34:00,265.8,265.87,265.64,265.77,83328.0,1m
AAPL,2026-04-21 16:35:00,265.77,265.95,265.72,265.75,44560.0,1m
AAPL,2026-04-21 16:36:00,265.75,265.75,265.6,265.62,63844.0,1m
AAPL,2026-04-21 16:37:00,265.61,265.71,265.42,265.44,74285.0,1m
AAPL,2026-04-21 16:38:00,265.47,265.66,265.4,265.49,68073.0,1m
AAPL,2026-04-21 16:39:00,265.48,265.7,265.48,265.69,54479.0,1m
AAPL,2026-04-21 16:40:00,265.7,265.85,265.7,265.8,49477.0,1m
AAPL,2026-04-21 16:41:00,265.8,265.9,265.73,265.73,60910.0,1m
AAPL,2026-04-21 16:42:00,265.74,265.78,265.64,265.69,49234.0,1m
AAPL,2026-04-21 16:43:00,265.69,265.71,265.55,265.61,35885.0,1m
AAPL,2026-04-21 16:44:00,265.62,265.62,265.41,265.45,39251.0,1m
AAPL,2026-04-21 16:45:00,265.47,265.67,265.47,265.63,39488.0,1m
AAPL,2026-04-21 16:46:00,265.62,265.75,265.59,265.69,50328.0,1m
AAPL,2026-04-21 16:47:00,265.69,265.71,265.51,265.66,69672.0,1m
AAPL,2026-04-21 16:48:00,265.63,265.71,265.61,265.71,51167.0,1m
AAPL,2026-04-21 16:49:00,265.71,265.88,265.71,265.81,52319.0,1m
AAPL,2026-04-21 16:50:00,265.81,266.0,265.8,265.92,59438.0,1m
AAPL,2026-04-21 16:51:00,265.93,265.94,265.73,265.8,76763.0,1m
AAPL,2026-04-21 16:52:00,265.81,266.12,265.8,266.1,117432.0,1m
AAPL,2026-04-21 16:53:00,266.1,266.16,266.05,266.16,77361.0,1m
AAPL,2026-04-21 16:54:00,266.18,266.19,266.06,266.18,65277.0,1m
AAPL,2026-04-21 16:55:00,266.2,266.26,266.15,266.21,79380.0,1m
AAPL,2026-04-21 16:56:00,266.2,266.22,266.14,266.19,54930.0,1m
AAPL,2026-04-21 16:57:00,266.18,266.3,266.13,266.27,82680.0,1m
AAPL,2026-04-21 16:58:00,266.26,266.39,266.22,266.3,73335.0,1m
AAPL,2026-04-21 16:59:00,266.29,266.37,266.19,266.34,74304.0,1m
AAPL,2026-04-21 17:00:00,266.35,266.73,266.34,266.7,106562.0,1m
AAPL,2026-04-21 17:01:00,266.69,266.88,266.65,266.65,128962.0,1m
AAPL,2026-04-21 17:02:00,266.67,266.82,266.63,266.69,96876.0,1m
AAPL,2026-04-21 17:03:00,266.69,266.7,266.56,266.56,74481.0,1m
AAPL,2026-04-21 17:04:00,266.56,266.68,266.38,266.46,64739.0,1m
AAPL,2026-04-21 17:05:00,266.44,266.44,266.1,266.24,108261.0,1m
AAPL,2026-04-21 17:06:00,266.24,266.25,265.89,265.94,85603.0,1m
AAPL,2026-04-21 17:07:00,265.95,266.24,265.93,266.24,42508.0,1m
AAPL,2026-04-21 17:08:00,266.24,266.3,266.18,266.2,45867.0,1m
AAPL,2026-04-21 17:09:00,266.2,266.45,266.12,266.44,49943.0,1m
AAPL,2026-04-21 17:10:00,266.43,266.48,266.18,266.36,62622.0,1m
AAPL,2026-04-21 17:11:00,266.36,266.37,266.14,266.3,37954.0,1m
AAPL,2026-04-21 17:12:00,266.32,266.41,266.17,266.39,25653.0,1m
AAPL,2026-04-21 17:13:00,266.38,266.55,266.3,266.51,36931.0,1m
AAPL,2026-04-21 17:14:00,266.51,266.67,266.46,266.49,47911.0,1m
AAPL,2026-04-21 17:15:00,266.55,266.55,266.35,266.37,44703.0,1m
AAPL,2026-04-21 17:16:00,266.4,266.68,266.4,266.43,64001.0,1m
AAPL,2026-04-21 17:17:00,266.45,266.45,266.14,266.15,55092.0,1m
AAPL,2026-04-21 17:18:00,266.15,266.15,265.92,266.04,72655.0,1m
AAPL,2026-04-21 17:19:00,266.04,266.06,265.85,265.96,83464.0,1m
AAPL,2026-04-21 17:20:00,265.95,266.25,265.94,266.19,41570.0,1m
AAPL,2026-04-21 17:21:00,266.19,266.2,266.08,266.1,33848.0,1m
AAPL,2026-04-21 17:22:00,266.1,266.13,265.8,265.87,49851.0,1m
AAPL,2026-04-21 17:23:00,265.85,266.0,265.79,265.99,48770.0,1m
AAPL,2026-04-21 17:24:00,266.01,266.05,265.92,265.97,18785.0,1m
AAPL,2026-04-21 17:25:00,265.97,266.29,265.96,266.16,35193.0,1m
AAPL,2026-04-21 17:26:00,266.18,266.28,266.04,266.04,37929.0,1m
AAPL,2026-04-21 17:27:00,266.04,266.09,265.96,265.98,26704.0,1m
AAPL,2026-04-21 17:28:00,265.96,266.05,265.96,266.0,24955.0,1m
AAPL,2026-04-21 17:29:00,266.0,266.18,265.94,266.17,39268.0,1m
AAPL,2026-04-21 17:30:00,266.18,266.33,266.16,266.28,79441.0,1m
AAPL,2026-04-21 17:31:00,266.28,266.29,266.06,266.2,48268.0,1m
AAPL,2026-04-21 17:32:00,266.13,266.31,266.13,266.31,39365.0,1m
AAPL,2026-04-21 17:33:00,266.32,266.37,266.29,266.35,27025.0,1m
AAPL,2026-04-21 17:34:00,266.36,266.41,266.31,266.35,26284.0,1m
AAPL,2026-04-21 17:35:00,266.34,266.36,266.2,266.27,32674.0,1m
AAPL,2026-04-21 17:36:00,266.28,266.38,266.22,266.3,26332.0,1m
AAPL,2026-04-21 17:37:00,266.33,266.45,266.26,266.42,24395.0,1m
AAPL,2026-04-21 17:38:00,266.42,266.8,266.4,266.71,88599.0,1m
AAPL,2026-04-21 17:39:00,266.69,266.9,266.45,266.55,81453.0,1m
AAPL,2026-04-21 17:40:00,266.5,266.84,266.5,266.71,44988.0,1m
AAPL,2026-04-21 17:41:00,266.71,266.84,266.71,266.76,51651.0,1m
AAPL,2026-04-21 17:42:00,266.76,266.85,266.71,266.79,52688.0,1m
AAPL,2026-04-21 17:43:00,266.74,267.0,266.63,266.75,81335.0,1m
AAPL,2026-04-21 17:44:00,266.71,266.71,266.57,266.63,23549.0,1m
AAPL,2026-04-21 17:45:00,266.64,266.65,266.5,266.53,28013.0,1m
AAPL,2026-04-21 17:46:00,266.51,266.52,266.34,266.36,39754.0,1m
AAPL,2026-04-21 17:47:00,266.32,266.34,266.08,266.18,59841.0,1m
AAPL,2026-04-21 17:48:00,266.17,266.36,266.12,266.27,31961.0,1m
AAPL,2026-04-21 17:49:00,266.25,266.37,266.25,266.33,36399.0,1m
AAPL,2026-04-21 17:50:00,266.33,266.47,266.28,266.38,28115.0,1m
AAPL,2026-04-21 17:51:00,266.39,266.52,266.38,266.5,34907.0,1m
AAPL,2026-04-21 17:52:00,266.5,266.6,266.49,266.6,47499.0,1m
AAPL,2026-04-21 17:53:00,266.6,266.66,266.49,266.54,68122.0,1m
AAPL,2026-04-21 17:54:00,266.54,266.56,266.36,266.5,44643.0,1m
AAPL,2026-04-21 17:55:00,266.48,266.49,266.28,266.4,24543.0,1m
AAPL,2026-04-21 17:56:00,266.41,266.43,266.28,266.37,16536.0,1m
AAPL,2026-04-21 17:57:00,266.38,266.39,266.33,266.36,15380.0,1m
AAPL,2026-04-21 17:58:00,266.37,266.38,266.3,266.38,20357.0,1m
AAPL,2026-04-21 17:59:00,266.38,266.41,266.3,266.38,22061.0,1m
AAPL,2026-04-21 18:00:00,266.41,266.51,266.4,266.46,39993.0,1m
AAPL,2026-04-21 18:01:00,266.45,266.57,266.45,266.55,34585.0,1m
AAPL,2026-04-21 18:02:00,266.56,266.56,266.42,266.48,27343.0,1m
AAPL,2026-04-21 18:03:00,266.46,266.52,266.38,266.4,25226.0,1m
AAPL,2026-04-21 18:04:00,266.38,266.43,266.32,266.34,31834.0,1m
AAPL,2026-04-21 18:05:00,266.34,266.63,266.31,266.53,59944.0,1m
AAPL,2026-04-21 18:06:00,266.53,266.59,266.46,266.59,37430.0,1m
AAPL,2026-04-21 18:07:00,266.59,266.69,266.53,266.69,25404.0,1m
AAPL,2026-04-21 18:08:00,266.68,266.71,266.62,266.62,27048.0,1m
AAPL,2026-04-21 18:09:00,266.61,266.74,266.61,266.7,21785.0,1m
AAPL,2026-04-21 18:10:00,266.71,266.78,266.61,266.68,35253.0,1m
AAPL,2026-04-21 18:11:00,266.68,266.76,266.66,266.75,18456.0,1m
AAPL,2026-04-21 18:12:00,266.75,266.85,266.75,266.76,33408.0,1m
AAPL,2026-04-21 18:13:00,266.77,266.82,266.74,266.81,25822.0,1m
AAPL,2026-04-21 18:14:00,266.81,266.87,266.78,266.87,26258.0,1m
AAPL,2026-04-21 18:15:00,266.86,266.86,266.78,266.8,31605.0,1m
AAPL,2026-04-21 18:16:00,266.81,266.85,266.29,266.65,134954.0,1m
AAPL,2026-04-21 18:17:00,266.63,266.66,266.4,266.46,31688.0,1m
AAPL,2026-04-21 18:18:00,266.47,266.48,266.23,266.3,41924.0,1m
AAPL,2026-04-21 18:19:00,266.31,266.43,266.31,266.41,37822.0,1m
AAPL,2026-04-21 18:20:00,266.39,266.51,266.39,266.51,33131.0,1m
AAPL,2026-04-21 18:21:00,266.51,266.56,266.47,266.51,23624.0,1m
AAPL,2026-04-21 18:22:00,266.5,266.5,266.33,266.38,19972.0,1m
AAPL,2026-04-21 18:23:00,266.39,266.46,266.38,266.46,16585.0,1m
AAPL,2026-04-21 18:24:00,266.47,266.5,266.33,266.38,18734.0,1m
AAPL,2026-04-21 18:25:00,266.37,266.47,266.35,266.44,13051.0,1m
AAPL,2026-04-21 18:26:00,266.44,266.49,266.41,266.44,12700.0,1m
AAPL,2026-04-21 18:27:00,266.46,266.51,266.37,266.37,28445.0,1m
AAPL,2026-04-21 18:28:00,266.38,266.39,266.33,266.37,28499.0,1m
AAPL,2026-04-21 18:29:00,266.37,266.39,266.33,266.38,13877.0,1m
AAPL,2026-04-21 18:30:00,266.38,266.49,266.38,266.38,29284.0,1m
AAPL,2026-04-21 18:31:00,266.39,266.44,266.39,266.43,19987.0,1m
AAPL,2026-04-21 18:32:00,266.44,266.53,266.44,266.48,30943.0,1m
AAPL,2026-04-21 18:33:00,266.47,266.63,266.47,266.63,30333.0,1m
AAPL,2026-04-21 18:34:00,266.64,266.69,266.59,266.69,30058.0,1m
AAPL,2026-04-21 18:35:00,266.7,266.75,266.63,266.74,30517.0,1m
AAPL,2026-04-21 18:36:00,266.74,267.49,266.73,267.15,271998.0,1m
AAPL,2026-04-21 18:37:00,267.13,267.2,266.71,267.11,93583.0,1m
AAPL,2026-04-21 18:38:00,267.09,267.33,267.06,267.31,82443.0,1m
AAPL,2026-04-21 18:39:00,267.31,267.33,267.11,267.24,46075.0,1m
AAPL,2026-04-21 18:40:00,267.25,267.4,267.2,267.38,55761.0,1m
AAPL,2026-04-21 18:41:00,267.4,267.43,267.29,267.36,77052.0,1m
AAPL,2026-04-21 18:42:00,267.35,267.35,267.2,267.2,52156.0,1m
AAPL,2026-04-21 18:43:00,267.22,267.26,267.15,267.25,34460.0,1m
AAPL,2026-04-21 18:44:00,267.25,267.3,267.21,267.23,28003.0,1m
AAPL,2026-04-21 18:45:00,267.23,267.29,267.1,267.12,51069.0,1m
AAPL,2026-04-21 18:46:00,267.12,267.16,267.02,267.06,35042.0,1m
AAPL,2026-04-21 18:47:00,267.05,267.11,267.01,267.11,39611.0,1m
AAPL,2026-04-21 18:48:00,267.11,267.14,267.0,267.03,21901.0,1m
AAPL,2026-04-21 18:49:00,267.02,267.1,266.97,267.0,31077.0,1m
AAPL,2026-04-21 18:50:00,267.0,267.28,266.99,267.24,47538.0,1m
AAPL,2026-04-21 18:51:00,267.25,267.35,267.22,267.31,36699.0,1m
AAPL,2026-04-21 18:52:00,267.3,267.4,267.27,267.37,30062.0,1m
AAPL,2026-04-21 18:53:00,267.36,267.41,267.32,267.36,33985.0,1m
AAPL,2026-04-21 18:54:00,267.37,267.82,267.33,267.73,128833.0,1m
AAPL,2026-04-21 18:55:00,267.72,267.84,267.53,267.57,101209.0,1m
AAPL,2026-04-21 18:56:00,267.56,267.57,267.4,267.44,55603.0,1m
AAPL,2026-04-21 18:57:00,267.45,267.73,267.42,267.73,33302.0,1m
AAPL,2026-04-21 18:58:00,267.72,267.73,267.61,267.72,33759.0,1m
AAPL,2026-04-21 18:59:00,267.73,267.88,267.69,267.84,68318.0,1m
AAPL,2026-04-21 19:00:00,267.83,268.02,267.83,267.85,107851.0,1m
AAPL,2026-04-21 19:01:00,267.83,267.98,267.8,267.81,75670.0,1m
AAPL,2026-04-21 19:02:00,267.81,267.94,267.8,267.92,39621.0,1m
AAPL,2026-04-21 19:03:00,267.92,267.98,267.87,267.93,61532.0,1m
AAPL,2026-04-21 19:04:00,267.93,267.96,267.85,267.92,70913.0,1m
AAPL,2026-04-21 19:05:00,267.92,268.01,267.89,267.92,57936.0,1m
AAPL,2026-04-21 19:06:00,267.91,267.92,267.84,267.91,46299.0,1m
AAPL,2026-04-21 19:07:00,267.9,268.05,267.87,267.99,58576.0,1m
AAPL,2026-04-21 19:08:00,267.98,268.14,267.98,268.06,86119.0,1m
AAPL,2026-04-21 19:09:00,268.07,268.19,268.05,268.12,67409.0,1m
AAPL,2026-04-21 19:10:00,268.11,268.19,268.08,268.11,56449.0,1m
AAPL,2026-04-21 19:11:00,268.1,268.14,268.04,268.09,55761.0,1m
AAPL,2026-04-21 19:12:00,268.09,268.17,268.03,268.14,70045.0,1m
AAPL,2026-04-21 19:13:00,268.15,268.17,268.08,268.1,52060.0,1m
AAPL,2026-04-21 19:14:00,268.1,268.1,267.67,267.69,108341.0,1m
AAPL,2026-04-21 19:15:00,267.69,267.87,267.6,267.6,65397.0,1m
AAPL,2026-04-21 19:16:00,267.66,267.96,267.65,267.96,53375.0,1m
AAPL,2026-04-21 19:17:00,267.94,267.95,267.72,267.91,62401.0,1m
AAPL,2026-04-21 19:18:00,267.89,267.92,267.83,267.86,23396.0,1m
AAPL,2026-04-21 19:19:00,267.87,267.87,267.78,267.79,27084.0,1m
AAPL,2026-04-21 19:20:00,267.83,267.95,267.81,267.93,55860.0,1m
AAPL,2026-04-21 19:21:00,267.91,268.14,267.86,267.89,114221.0,1m
AAPL,2026-04-21 19:22:00,267.89,267.97,267.87,267.91,58560.0,1m
AAPL,2026-04-21 19:23:00,267.9,267.95,267.81,267.91,40495.0,1m
AAPL,2026-04-21 19:24:00,267.92,268.02,267.92,267.99,38127.0,1m
AAPL,2026-04-21 19:25:00,267.98,268.08,267.98,268.06,35357.0,1m
AAPL,2026-04-21 19:26:00,268.06,268.1,267.92,268.03,84956.0,1m
AAPL,2026-04-21 19:27:00,268.02,268.08,267.98,268.03,65377.0,1m
AAPL,2026-04-21 19:28:00,268.03,268.1,267.99,267.99,45317.0,1m
AAPL,2026-04-21 19:29:00,267.98,268.05,267.94,267.96,58244.0,1m
AAPL,2026-04-21 19:30:00,267.96,267.97,267.75,267.79,113140.0,1m
AAPL,2026-04-21 19:31:00,267.8,267.92,267.78,267.91,72786.0,1m
AAPL,2026-04-21 19:32:00,267.92,267.94,267.85,267.85,34652.0,1m
AAPL,2026-04-21 19:33:00,267.86,267.88,267.69,267.76,41542.0,1m
AAPL,2026-04-21 19:34:00,267.78,267.88,267.72,267.88,97749.0,1m
AAPL,2026-04-21 19:35:00,267.88,267.88,267.61,267.62,47377.0,1m
AAPL,2026-04-21 19:36:00,267.62,267.73,267.61,267.73,91439.0,1m
AAPL,2026-04-21 19:37:00,267.73,267.74,267.62,267.72,66778.0,1m
AAPL,2026-04-21 19:38:00,267.73,267.74,267.37,267.43,86109.0,1m
AAPL,2026-04-21 19:39:00,267.44,267.48,267.21,267.33,82807.0,1m
AAPL,2026-04-21 19:40:00,267.34,267.35,267.08,267.18,64565.0,1m
AAPL,2026-04-21 19:41:00,267.2,267.22,266.7,266.71,139329.0,1m
AAPL,2026-04-21 19:42:00,266.73,266.75,266.25,266.34,213982.0,1m
AAPL,2026-04-21 19:43:00,266.33,266.43,266.13,266.33,89552.0,1m
AAPL,2026-04-21 19:44:00,266.33,266.34,266.06,266.3,108036.0,1m
AAPL,2026-04-21 19:45:00,266.33,266.55,266.29,266.42,108459.0,1m
AAPL,2026-04-21 19:46:00,266.41,266.64,266.4,266.64,68933.0,1m
AAPL,2026-04-21 19:47:00,266.63,266.87,266.62,266.76,84550.0,1m
AAPL,2026-04-21 19:48:00,266.79,266.83,266.58,266.6,134366.0,1m
AAPL,2026-04-21 19:49:00,266.59,266.69,266.57,266.61,111345.0,1m
AAPL,2026-04-21 19:50:00,266.62,267.01,266.62,266.71,118972.0,1m
AAPL,2026-04-21 19:51:00,266.71,266.76,266.6,266.63,133033.0,1m
AAPL,2026-04-21 19:52:00,266.64,266.76,266.52,266.73,106544.0,1m
AAPL,2026-04-21 19:53:00,266.75,266.99,266.72,266.89,144199.0,1m
AAPL,2026-04-21 19:54:00,266.9,267.07,266.82,266.87,142635.0,1m
AAPL,2026-04-21 19:55:00,266.87,266.88,266.33,266.43,263890.0,1m
AAPL,2026-04-21 19:56:00,266.43,266.47,266.19,266.28,182455.0,1m
AAPL,2026-04-21 19:57:00,266.27,266.28,265.94,265.97,282365.0,1m
AAPL,2026-04-21 19:58:00,265.97,265.98,265.87,265.94,315772.0,1m
AAPL,2026-04-21 19:59:00,265.95,266.23,265.94,266.22,672898.0,1m
AAPL,2026-04-22 13:30:00,267.74,268.15,267.15,267.95,1022208.0,1m
AAPL,2026-04-22 13:31:00,267.97,268.05,267.03,267.12,204465.0,1m
AAPL,2026-04-22 13:32:00,267.09,267.7,267.09,267.67,99019.0,1m
AAPL,2026-04-22 13:33:00,267.69,268.04,267.66,267.88,152195.0,1m
AAPL,2026-04-22 13:34:00,267.86,267.89,267.08,267.32,117905.0,1m
AAPL,2026-04-22 13:35:00,267.35,267.65,267.35,267.64,86898.0,1m
AAPL,2026-04-22 13:36:00,267.65,267.66,266.99,267.05,85070.0,1m
AAPL,2026-04-22 13:37:00,267.03,267.37,266.87,267.36,60005.0,1m
AAPL,2026-04-22 13:38:00,267.34,267.65,267.23,267.58,87145.0,1m
AAPL,2026-04-22 13:39:00,267.6,267.85,267.59,267.84,109495.0,1m
AAPL,2026-04-22 13:40:00,267.82,268.01,267.6,267.75,89762.0,1m
AAPL,2026-04-22 13:41:00,267.75,268.31,267.68,268.29,134662.0,1m
AAPL,2026-04-22 13:42:00,268.31,268.48,268.05,268.46,131315.0,1m
AAPL,2026-04-22 13:43:00,268.46,268.6,268.29,268.4,142870.0,1m
AAPL,2026-04-22 13:44:00,268.44,268.44,268.13,268.24,57520.0,1m
AAPL,2026-04-22 13:45:00,268.3,268.65,268.29,268.63,140422.0,1m
AAPL,2026-04-22 13:46:00,268.61,269.12,268.54,268.8,196081.0,1m
AAPL,2026-04-22 13:47:00,268.86,269.1,268.72,268.96,111862.0,1m
AAPL,2026-04-22 13:48:00,268.92,269.03,268.72,268.96,103635.0,1m
AAPL,2026-04-22 13:49:00,268.94,268.94,268.51,268.55,121413.0,1m
AAPL,2026-04-22 13:50:00,268.51,268.97,268.47,268.86,65510.0,1m
AAPL,2026-04-22 13:51:00,268.81,268.95,268.6,268.79,61814.0,1m
AAPL,2026-04-22 13:52:00,268.76,268.86,268.34,268.37,68787.0,1m
AAPL,2026-04-22 13:53:00,268.37,268.73,268.36,268.69,45498.0,1m
AAPL,2026-04-22 13:54:00,268.66,268.8,268.51,268.56,65928.0,1m
AAPL,2026-04-22 13:55:00,268.56,268.82,268.49,268.8,41183.0,1m
AAPL,2026-04-22 13:56:00,268.79,268.81,268.64,268.64,75248.0,1m
AAPL,2026-04-22 13:57:00,268.65,268.74,268.55,268.6,49616.0,1m
AAPL,2026-04-22 13:58:00,268.58,268.64,268.28,268.29,59747.0,1m
AAPL,2026-04-22 13:59:00,268.25,268.5,268.17,268.5,62452.0,1m
AAPL,2026-04-22 14:00:00,268.44,268.6,268.43,268.55,67345.0,1m
AAPL,2026-04-22 14:01:00,268.59,268.89,268.59,268.87,87248.0,1m
AAPL,2026-04-22 14:02:00,268.86,269.02,268.83,268.91,95405.0,1m
AAPL,2026-04-22 14:03:00,268.92,269.03,268.84,268.97,80114.0,1m
AAPL,2026-04-22 14:04:00,268.94,269.1,268.92,269.09,52362.0,1m
AAPL,2026-04-22 14:05:00,269.09,269.19,268.96,268.96,83250.0,1m
AAPL,2026-04-22 14:06:00,268.96,269.4,268.91,269.38,85099.0,1m
AAPL,2026-04-22 14:07:00,269.38,269.69,269.35,269.66,150735.0,1m
AAPL,2026-04-22 14:08:00,269.63,269.78,269.59,269.73,122776.0,1m
AAPL,2026-04-22 14:09:00,269.74,269.79,269.5,269.68,78316.0,1m
AAPL,2026-04-22 14:10:00,269.68,270.21,269.67,270.19,359097.0,1m
AAPL,2026-04-22 14:11:00,270.17,270.46,270.11,270.35,198608.0,1m
AAPL,2026-04-22 14:12:00,270.38,270.55,270.1,270.1,155859.0,1m
AAPL,2026-04-22 14:13:00,270.11,270.61,270.01,270.56,149421.0,1m
AAPL,2026-04-22 14:14:00,270.56,270.78,270.44,270.67,125080.0,1m
AAPL,2026-04-22 14:15:00,270.66,270.84,270.6,270.71,153306.0,1m
AAPL,2026-04-22 14:16:00,270.72,270.73,270.34,270.56,120119.0,1m
AAPL,2026-04-22 14:17:00,270.57,271.2,270.53,271.18,191347.0,1m
AAPL,2026-04-22 14:18:00,271.18,271.5,270.9,271.47,192333.0,1m
AAPL,2026-04-22 14:19:00,271.47,271.5,271.2,271.36,145455.0,1m
AAPL,2026-04-22 14:20:00,271.35,271.75,271.34,271.54,212328.0,1m
AAPL,2026-04-22 14:21:00,271.54,271.78,271.49,271.73,156609.0,1m
AAPL,2026-04-22 14:22:00,271.74,271.78,271.58,271.59,131134.0,1m
AAPL,2026-04-22 14:23:00,271.58,271.61,271.19,271.39,130461.0,1m
AAPL,2026-04-22 14:24:00,271.37,271.59,271.32,271.58,96813.0,1m
AAPL,2026-04-22 14:25:00,271.58,271.64,271.34,271.39,93226.0,1m
AAPL,2026-04-22 14:26:00,271.37,271.5,271.32,271.38,48164.0,1m
AAPL,2026-04-22 14:27:00,271.37,271.89,271.36,271.85,114381.0,1m
AAPL,2026-04-22 14:28:00,271.84,271.89,271.63,271.72,104417.0,1m
AAPL,2026-04-22 14:29:00,271.72,271.94,271.62,271.94,67843.0,1m
AAPL,2026-04-22 14:30:00,271.94,272.1,271.9,272.04,193831.0,1m
AAPL,2026-04-22 14:31:00,272.04,272.34,272.0,272.28,163125.0,1m
AAPL,2026-04-22 14:32:00,272.27,272.43,272.0,272.06,136769.0,1m
AAPL,2026-04-22 14:33:00,272.05,272.38,271.85,272.38,123256.0,1m
AAPL,2026-04-22 14:34:00,272.38,272.56,272.25,272.35,140485.0,1m
AAPL,2026-04-22 14:35:00,272.31,272.38,272.0,272.04,120701.0,1m
AAPL,2026-04-22 14:36:00,272.05,272.27,272.0,272.13,81701.0,1m
AAPL,2026-04-22 14:37:00,272.11,272.27,272.09,272.19,52323.0,1m
AAPL,2026-04-22 14:38:00,272.2,272.27,271.92,271.96,102554.0,1m
AAPL,2026-04-22 14:39:00,271.96,272.04,271.82,271.85,85971.0,1m
AAPL,2026-04-22 14:40:00,271.85,271.86,271.59,271.86,99002.0,1m
AAPL,2026-04-22 14:41:00,271.84,271.89,271.73,271.85,73275.0,1m
AAPL,2026-04-22 14:42:00,271.81,272.07,271.81,272.02,67358.0,1m
AAPL,2026-04-22 14:43:00,272.01,272.09,271.71,271.73,50907.0,1m
AAPL,2026-04-22 14:44:00,271.73,271.82,271.6,271.63,51413.0,1m
AAPL,2026-04-22 14:45:00,271.62,271.85,271.6,271.65,50048.0,1m
AAPL,2026-04-22 14:46:00,271.67,271.73,271.35,271.38,107962.0,1m
AAPL,2026-04-22 14:47:00,271.35,271.51,271.3,271.43,106533.0,1m
AAPL,2026-04-22 14:48:00,271.43,271.46,271.22,271.22,68667.0,1m
AAPL,2026-04-22 14:49:00,271.22,271.22,270.98,271.01,124785.0,1m
AAPL,2026-04-22 14:50:00,271.01,271.3,271.0,271.26,90285.0,1m
AAPL,2026-04-22 14:51:00,271.29,271.43,271.17,271.19,58423.0,1m
AAPL,2026-04-22 14:52:00,271.19,271.32,271.13,271.26,32387.0,1m
AAPL,2026-04-22 14:53:00,271.24,271.45,271.21,271.45,35762.0,1m
AAPL,2026-04-22 14:54:00,271.46,271.67,271.46,271.67,44709.0,1m
AAPL,2026-04-22 14:55:00,271.64,271.79,271.5,271.5,63367.0,1m
AAPL,2026-04-22 14:56:00,271.49,271.53,271.28,271.32,34909.0,1m
AAPL,2026-04-22 14:57:00,271.31,271.34,271.11,271.12,32560.0,1m
AAPL,2026-04-22 14:58:00,271.13,271.33,271.06,271.29,37556.0,1m
AAPL,2026-04-22 14:59:00,271.29,271.32,271.22,271.28,33128.0,1m
AAPL,2026-04-22 15:00:00,271.27,271.35,271.21,271.23,49729.0,1m
AAPL,2026-04-22 15:01:00,271.23,271.54,271.22,271.51,42452.0,1m
AAPL,2026-04-22 15:02:00,271.5,271.65,271.5,271.54,56164.0,1m
AAPL,2026-04-22 15:03:00,271.54,271.73,271.53,271.66,53639.0,1m
AAPL,2026-04-22 15:04:00,271.65,271.79,271.53,271.66,26384.0,1m
AAPL,2026-04-22 15:05:00,271.65,271.69,271.51,271.52,25425.0,1m
AAPL,2026-04-22 15:06:00,271.5,271.66,271.43,271.58,23304.0,1m
AAPL,2026-04-22 15:07:00,271.68,271.91,271.61,271.89,43725.0,1m
AAPL,2026-04-22 15:08:00,271.89,271.92,271.73,271.75,35242.0,1m
AAPL,2026-04-22 15:09:00,271.75,271.78,271.65,271.7,40975.0,1m
AAPL,2026-04-22 15:10:00,271.73,271.95,271.73,271.83,69425.0,1m
AAPL,2026-04-22 15:11:00,271.81,272.08,271.79,272.03,58342.0,1m
AAPL,2026-04-22 15:12:00,272.03,272.03,271.86,271.98,32415.0,1m
AAPL,2026-04-22 15:13:00,271.99,272.25,271.98,272.18,53265.0,1m
AAPL,2026-04-22 15:14:00,272.18,272.24,272.16,272.21,30856.0,1m
AAPL,2026-04-22 15:15:00,272.23,272.29,272.18,272.26,61811.0,1m
AAPL,2026-04-22 15:16:00,272.25,272.32,272.06,272.11,57753.0,1m
AAPL,2026-04-22 15:17:00,272.12,272.12,272.02,272.1,30551.0,1m
AAPL,2026-04-22 15:18:00,272.08,272.08,271.9,272.02,48430.0,1m
AAPL,2026-04-22 15:19:00,272.02,272.21,272.01,272.21,28606.0,1m
AAPL,2026-04-22 15:20:00,272.21,272.32,272.16,272.31,43900.0,1m
AAPL,2026-04-22 15:21:00,272.31,272.35,272.23,272.24,49426.0,1m
AAPL,2026-04-22 15:22:00,272.25,272.31,272.1,272.12,61372.0,1m
AAPL,2026-04-22 15:23:00,272.12,272.22,272.1,272.19,34768.0,1m
AAPL,2026-04-22 15:24:00,272.19,272.25,272.11,272.2,25720.0,1m
AAPL,2026-04-22 15:25:00,272.2,272.35,272.19,272.32,49838.0,1m
AAPL,2026-04-22 15:26:00,272.33,272.46,272.31,272.42,90713.0,1m
AAPL,2026-04-22 15:27:00,272.42,272.52,272.36,272.48,52202.0,1m
AAPL,2026-04-22 15:28:00,272.49,272.65,272.48,272.63,76409.0,1m
AAPL,2026-04-22 15:29:00,272.62,272.77,272.36,272.4,121940.0,1m
AAPL,2026-04-22 15:30:00,272.4,272.57,272.26,272.56,52684.0,1m
AAPL,2026-04-22 15:31:00,272.58,272.59,272.39,272.42,41307.0,1m
AAPL,2026-04-22 15:32:00,272.41,272.59,272.39,272.59,89888.0,1m
AAPL,2026-04-22 15:33:00,272.59,272.75,272.56,272.72,104891.0,1m
AAPL,2026-04-22 15:34:00,272.73,272.92,272.69,272.69,100450.0,1m
AAPL,2026-04-22 15:35:00,272.73,272.79,272.47,272.54,68719.0,1m
AAPL,2026-04-22 15:36:00,272.54,272.71,272.47,272.69,52511.0,1m
AAPL,2026-04-22 15:37:00,272.69,272.85,272.69,272.76,67577.0,1m
AAPL,2026-04-22 15:38:00,272.75,272.8,272.66,272.71,53053.0,1m
AAPL,2026-04-22 15:39:00,272.7,272.7,272.47,272.48,65852.0,1m
AAPL,2026-04-22 15:40:00,272.49,272.64,272.48,272.62,49271.0,1m
AAPL,2026-04-22 15:41:00,272.63,273.09,272.63,273.08,183576.0,1m
AAPL,2026-04-22 15:42:00,273.05,273.26,273.01,273.01,173932.0,1m
AAPL,2026-04-22 15:43:00,273.02,273.06,272.74,272.78,72034.0,1m
AAPL,2026-04-22 15:44:00,272.79,272.91,272.74,272.84,57952.0,1m
AAPL,2026-04-22 15:45:00,272.85,272.95,272.83,272.93,54358.0,1m
AAPL,2026-04-22 15:46:00,272.91,272.99,272.83,272.83,45651.0,1m
AAPL,2026-04-22 15:47:00,272.83,272.86,272.68,272.71,54376.0,1m
AAPL,2026-04-22 15:48:00,272.71,272.89,272.71,272.75,37928.0,1m
AAPL,2026-04-22 15:49:00,272.73,272.9,272.73,272.85,41508.0,1m
AAPL,2026-04-22 15:50:00,272.87,273.0,272.81,272.82,43338.0,1m
AAPL,2026-04-22 15:51:00,272.83,272.91,272.82,272.91,20936.0,1m
AAPL,2026-04-22 15:52:00,272.91,272.95,272.77,272.89,30809.0,1m
AAPL,2026-04-22 15:53:00,272.9,273.08,272.84,273.07,46041.0,1m
AAPL,2026-04-22 15:54:00,273.07,273.1,272.97,273.04,24922.0,1m
AAPL,2026-04-22 15:55:00,273.03,273.12,273.03,273.07,29540.0,1m
AAPL,2026-04-22 15:56:00,273.07,273.15,273.05,273.14,26854.0,1m
AAPL,2026-04-22 15:57:00,273.14,273.15,272.97,273.03,45825.0,1m
AAPL,2026-04-22 15:58:00,273.01,273.02,272.9,272.92,26733.0,1m
AAPL,2026-04-22 15:59:00,272.93,273.06,272.88,273.01,28116.0,1m
AAPL,2026-04-22 16:00:00,273.02,273.15,272.81,272.88,58303.0,1m
AAPL,2026-04-22 16:01:00,272.87,272.92,272.81,272.88,28799.0,1m
AAPL,2026-04-22 16:02:00,272.86,272.99,272.86,272.96,23718.0,1m
AAPL,2026-04-22 16:03:00,272.98,273.07,272.95,273.04,41549.0,1m
AAPL,2026-04-22 16:04:00,273.04,273.19,273.02,273.06,42316.0,1m
AAPL,2026-04-22 16:05:00,273.06,273.31,273.06,273.31,56484.0,1m
AAPL,2026-04-22 16:06:00,273.31,273.51,273.26,273.28,109343.0,1m
AAPL,2026-04-22 16:07:00,273.29,273.47,273.23,273.42,47837.0,1m
AAPL,2026-04-22 16:08:00,273.41,273.47,273.36,273.38,35172.0,1m
AAPL,2026-04-22 16:09:00,273.38,273.4,273.25,273.29,44581.0,1m
AAPL,2026-04-22 16:10:00,273.28,273.34,273.06,273.06,58980.0,1m
AAPL,2026-04-22 16:11:00,273.06,273.12,272.92,272.98,63472.0,1m
AAPL,2026-04-22 16:12:00,272.99,273.03,272.89,272.96,36810.0,1m
AAPL,2026-04-22 16:13:00,272.98,273.01,272.89,272.97,27480.0,1m
AAPL,2026-04-22 16:14:00,272.97,273.3,272.95,273.2,97308.0,1m
AAPL,2026-04-22 16:15:00,273.22,273.38,273.17,273.34,60568.0,1m
AAPL,2026-04-22 16:16:00,273.34,273.35,273.22,273.25,56046.0,1m
AAPL,2026-04-22 16:17:00,273.24,273.36,273.17,273.29,39847.0,1m
AAPL,2026-04-22 16:18:00,273.28,273.3,272.95,273.05,34734.0,1m
AAPL,2026-04-22 16:19:00,273.06,273.06,272.81,272.81,41080.0,1m
AAPL,2026-04-22 16:20:00,272.86,272.99,272.86,272.93,25185.0,1m
AAPL,2026-04-22 16:21:00,272.94,272.98,272.76,272.85,39629.0,1m
AAPL,2026-04-22 16:22:00,272.85,272.85,272.74,272.79,46513.0,1m
AAPL,2026-04-22 16:23:00,272.78,272.85,272.75,272.85,36015.0,1m
AAPL,2026-04-22 16:24:00,272.83,272.9,272.74,272.74,32955.0,1m
AAPL,2026-04-22 16:25:00,272.74,272.89,272.69,272.89,68584.0,1m
AAPL,2026-04-22 16:26:00,272.89,272.9,272.74,272.76,27165.0,1m
AAPL,2026-04-22 16:27:00,272.75,272.86,272.69,272.77,49681.0,1m
AAPL,2026-04-22 16:28:00,272.77,272.78,272.7,272.7,24601.0,1m
AAPL,2026-04-22 16:29:00,272.71,272.72,272.55,272.69,45948.0,1m
AAPL,2026-04-22 16:30:00,272.7,272.8,272.62,272.75,56926.0,1m
AAPL,2026-04-22 16:31:00,272.75,272.82,272.72,272.79,37350.0,1m
AAPL,2026-04-22 16:32:00,272.78,272.82,272.73,272.8,20331.0,1m
AAPL,2026-04-22 16:33:00,272.79,272.9,272.78,272.9,30471.0,1m
AAPL,2026-04-22 16:34:00,272.9,272.91,272.79,272.9,30131.0,1m
AAPL,2026-04-22 16:35:00,272.92,272.93,272.65,272.68,48770.0,1m
AAPL,2026-04-22 16:36:00,272.67,272.7,272.44,272.48,50762.0,1m
AAPL,2026-04-22 16:37:00,272.47,272.64,272.4,272.63,61778.0,1m
AAPL,2026-04-22 16:38:00,272.63,272.68,272.57,272.62,22915.0,1m
AAPL,2026-04-22 16:39:00,272.61,272.79,272.61,272.75,42211.0,1m
AAPL,2026-04-22 16:40:00,272.78,272.8,272.67,272.73,18623.0,1m
AAPL,2026-04-22 16:41:00,272.74,272.8,272.72,272.75,17285.0,1m
AAPL,2026-04-22 16:42:00,272.74,272.78,272.49,272.54,42964.0,1m
AAPL,2026-04-22 16:43:00,272.57,272.74,272.56,272.73,27897.0,1m
AAPL,2026-04-22 16:44:00,272.74,272.8,272.68,272.76,29923.0,1m
AAPL,2026-04-22 16:45:00,272.75,272.77,272.62,272.64,21581.0,1m
AAPL,2026-04-22 16:46:00,272.64,272.65,272.51,272.59,21869.0,1m
AAPL,2026-04-22 16:47:00,272.6,272.62,272.46,272.48,23171.0,1m
AAPL,2026-04-22 16:48:00,272.48,272.57,272.46,272.53,22681.0,1m
AAPL,2026-04-22 16:49:00,272.56,272.78,272.55,272.76,23451.0,1m
AAPL,2026-04-22 16:50:00,272.74,272.79,272.66,272.69,25542.0,1m
AAPL,2026-04-22 16:51:00,272.68,272.78,272.67,272.69,23100.0,1m
AAPL,2026-04-22 16:52:00,272.67,272.69,272.5,272.53,23460.0,1m
AAPL,2026-04-22 16:53:00,272.52,272.53,272.36,272.49,52236.0,1m
AAPL,2026-04-22 16:54:00,272.52,272.52,272.42,272.51,29352.0,1m
AAPL,2026-04-22 16:55:00,272.54,272.6,272.46,272.5,23396.0,1m
AAPL,2026-04-22 16:56:00,272.5,272.62,272.45,272.52,37796.0,1m
AAPL,2026-04-22 16:57:00,272.51,272.6,272.51,272.54,22352.0,1m
AAPL,2026-04-22 16:58:00,272.54,272.59,272.45,272.5,30303.0,1m
AAPL,2026-04-22 16:59:00,272.5,272.58,272.43,272.5,17639.0,1m
AAPL,2026-04-22 17:00:00,272.48,272.6,272.47,272.54,22926.0,1m
AAPL,2026-04-22 17:01:00,272.54,272.75,272.5,272.65,43285.0,1m
AAPL,2026-04-22 17:02:00,272.65,272.73,272.5,272.5,26820.0,1m
AAPL,2026-04-22 17:03:00,272.51,272.6,272.51,272.55,19542.0,1m
AAPL,2026-04-22 17:04:00,272.53,272.61,272.52,272.56,32324.0,1m
AAPL,2026-04-22 17:05:00,272.55,272.58,272.48,272.54,28370.0,1m
AAPL,2026-04-22 17:06:00,272.53,272.6,272.53,272.6,16775.0,1m
AAPL,2026-04-22 17:07:00,272.58,272.87,272.58,272.83,52480.0,1m
AAPL,2026-04-22 17:08:00,272.83,273.1,272.81,273.08,95421.0,1m
AAPL,2026-04-22 17:09:00,273.06,273.26,273.03,273.25,103244.0,1m
AAPL,2026-04-22 17:10:00,273.23,273.42,273.14,273.32,149496.0,1m
AAPL,2026-04-22 17:11:00,273.31,273.35,273.19,273.22,71548.0,1m
AAPL,2026-04-22 17:12:00,273.22,273.28,273.18,273.25,26631.0,1m
AAPL,2026-04-22 17:13:00,273.24,273.24,273.04,273.09,29334.0,1m
AAPL,2026-04-22 17:14:00,273.08,273.18,272.99,273.18,29816.0,1m
AAPL,2026-04-22 17:15:00,273.18,273.3,273.18,273.24,37186.0,1m
AAPL,2026-04-22 17:16:00,273.24,273.39,272.5,273.03,108823.0,1m
AAPL,2026-04-22 17:17:00,273.05,273.2,273.02,273.13,52151.0,1m
AAPL,2026-04-22 17:18:00,273.12,273.12,272.9,272.91,34196.0,1m
AAPL,2026-04-22 17:19:00,272.91,272.94,272.81,272.92,26774.0,1m
AAPL,2026-04-22 17:20:00,272.92,273.16,272.91,273.16,31932.0,1m
AAPL,2026-04-22 17:21:00,273.2,273.28,273.18,273.28,24035.0,1m
AAPL,2026-04-22 17:22:00,273.28,273.33,273.24,273.3,32215.0,1m
AAPL,2026-04-22 17:23:00,273.32,273.35,273.2,273.2,21897.0,1m
AAPL,2026-04-22 17:24:00,273.19,273.28,273.18,273.23,13841.0,1m
AAPL,2026-04-22 17:25:00,273.22,273.26,273.2,273.24,21688.0,1m
AAPL,2026-04-22 17:26:00,273.24,273.3,273.24,273.29,16234.0,1m
AAPL,2026-04-22 17:27:00,273.29,273.29,273.08,273.13,37825.0,1m
AAPL,2026-04-22 17:28:00,273.14,273.14,273.08,273.11,9461.0,1m
AAPL,2026-04-22 17:29:00,273.1,273.23,273.1,273.23,11655.0,1m
AAPL,2026-04-22 17:30:00,273.24,273.3,273.19,273.3,22587.0,1m
AAPL,2026-04-22 17:31:00,273.29,273.34,273.23,273.34,38193.0,1m
AAPL,2026-04-22 17:32:00,273.34,273.37,273.32,273.36,26254.0,1m
AAPL,2026-04-22 17:33:00,273.37,273.39,273.29,273.34,27351.0,1m
AAPL,2026-04-22 17:34:00,273.32,273.53,273.32,273.44,58942.0,1m
AAPL,2026-04-22 17:35:00,273.44,273.57,273.41,273.55,35558.0,1m
AAPL,2026-04-22 17:36:00,273.56,273.65,273.51,273.54,38788.0,1m
AAPL,2026-04-22 17:37:00,273.53,273.55,273.38,273.53,20504.0,1m
AAPL,2026-04-22 17:38:00,273.53,273.56,273.39,273.44,28211.0,1m
AAPL,2026-04-22 17:39:00,273.43,273.58,273.42,273.57,12723.0,1m
AAPL,2026-04-22 17:40:00,273.57,273.63,273.56,273.63,33198.0,1m
AAPL,2026-04-22 17:41:00,273.61,273.61,273.49,273.49,23271.0,1m
AAPL,2026-04-22 17:42:00,273.49,273.56,273.46,273.53,24047.0,1m
AAPL,2026-04-22 17:43:00,273.56,273.58,273.54,273.56,17082.0,1m
AAPL,2026-04-22 17:44:00,273.56,273.6,273.55,273.58,23901.0,1m
AAPL,2026-04-22 17:45:00,273.59,273.66,273.55,273.58,44207.0,1m
AAPL,2026-04-22 17:46:00,273.57,273.6,273.53,273.57,36438.0,1m
AAPL,2026-04-22 17:47:00,273.56,273.72,273.54,273.59,50957.0,1m
AAPL,2026-04-22 17:48:00,273.58,273.69,273.52,273.53,22017.0,1m
AAPL,2026-04-22 17:49:00,273.56,273.62,273.55,273.61,21033.0,1m
AAPL,2026-04-22 17:50:00,273.59,273.61,273.44,273.46,19417.0,1m
AAPL,2026-04-22 17:51:00,273.46,273.5,273.42,273.48,23909.0,1m
AAPL,2026-04-22 17:52:00,273.49,273.49,273.41,273.42,12025.0,1m
AAPL,2026-04-22 17:53:00,273.41,273.43,273.17,273.26,45165.0,1m
AAPL,2026-04-22 17:54:00,273.27,273.48,273.26,273.44,62633.0,1m
AAPL,2026-04-22 17:55:00,273.43,273.5,273.41,273.5,45817.0,1m
AAPL,2026-04-22 17:56:00,273.49,273.49,273.42,273.46,22591.0,1m
AAPL,2026-04-22 17:57:00,273.47,273.59,273.47,273.56,31561.0,1m
AAPL,2026-04-22 17:58:00,273.55,273.62,273.54,273.61,45632.0,1m
AAPL,2026-04-22 17:59:00,273.6,273.6,273.46,273.47,41286.0,1m
AAPL,2026-04-22 18:00:00,273.47,273.71,273.45,273.7,54735.0,1m
AAPL,2026-04-22 18:01:00,273.72,273.74,273.6,273.62,37531.0,1m
AAPL,2026-04-22 18:02:00,273.62,273.67,273.59,273.65,35285.0,1m
AAPL,2026-04-22 18:03:00,273.64,273.65,273.59,273.6,15031.0,1m
AAPL,2026-04-22 18:04:00,273.6,273.61,273.42,273.45,26032.0,1m
AAPL,2026-04-22 18:05:00,273.46,273.54,273.45,273.49,43737.0,1m
AAPL,2026-04-22 18:06:00,273.49,273.49,273.4,273.44,19185.0,1m
AAPL,2026-04-22 18:07:00,273.44,273.45,273.31,273.45,33930.0,1m
AAPL,2026-04-22 18:08:00,273.44,273.47,273.42,273.46,18925.0,1m
AAPL,2026-04-22 18:09:00,273.46,273.46,273.33,273.36,16535.0,1m
AAPL,2026-04-22 18:10:00,273.36,273.36,273.28,273.3,26392.0,1m
AAPL,2026-04-22 18:11:00,273.3,273.35,273.26,273.35,23791.0,1m
AAPL,2026-04-22 18:12:00,273.36,273.46,273.36,273.4,17904.0,1m
AAPL,2026-04-22 18:13:00,273.4,273.42,273.33,273.36,15316.0,1m
AAPL,2026-04-22 18:14:00,273.35,273.36,273.24,273.28,18885.0,1m
AAPL,2026-04-22 18:15:00,273.26,273.26,273.18,273.18,14603.0,1m
AAPL,2026-04-22 18:16:00,273.2,273.2,273.06,273.07,29838.0,1m
AAPL,2026-04-22 18:17:00,273.09,273.13,272.97,273.12,33312.0,1m
AAPL,2026-04-22 18:18:00,273.12,273.19,273.1,273.16,35853.0,1m
AAPL,2026-04-22 18:19:00,273.16,273.16,273.0,273.04,19902.0,1m
AAPL,2026-04-22 18:20:00,273.04,273.13,273.0,273.1,54222.0,1m
AAPL,2026-04-22 18:21:00,273.1,273.13,273.0,273.01,29248.0,1m
AAPL,2026-04-22 18:22:00,273.02,273.05,272.9,272.98,21371.0,1m
AAPL,2026-04-22 18:23:00,272.97,273.0,272.84,272.84,27870.0,1m
AAPL,2026-04-22 18:24:00,272.85,272.86,272.76,272.79,51616.0,1m
AAPL,2026-04-22 18:25:00,272.8,272.83,272.77,272.8,24598.0,1m
AAPL,2026-04-22 18:26:00,272.82,272.82,272.67,272.74,40142.0,1m
AAPL,2026-04-22 18:27:00,272.74,272.74,272.62,272.64,23137.0,1m
AAPL,2026-04-22 18:28:00,272.66,272.83,272.65,272.81,37536.0,1m
AAPL,2026-04-22 18:29:00,272.8,272.84,272.68,272.69,26214.0,1m
AAPL,2026-04-22 18:30:00,272.71,272.75,272.64,272.75,26651.0,1m
AAPL,2026-04-22 18:31:00,272.75,272.78,272.67,272.69,13612.0,1m
AAPL,2026-04-22 18:32:00,272.69,272.7,272.57,272.57,15303.0,1m
AAPL,2026-04-22 18:33:00,272.59,272.66,272.56,272.6,26856.0,1m
AAPL,2026-04-22 18:34:00,272.6,272.63,272.57,272.58,16593.0,1m
AAPL,2026-04-22 18:35:00,272.59,272.78,272.58,272.76,31747.0,1m
AAPL,2026-04-22 18:36:00,272.75,272.76,272.63,272.65,18677.0,1m
AAPL,2026-04-22 18:37:00,272.64,272.64,272.55,272.63,15840.0,1m
AAPL,2026-04-22 18:38:00,272.62,272.63,272.55,272.55,12863.0,1m
AAPL,2026-04-22 18:39:00,272.55,272.63,272.53,272.62,34157.0,1m
AAPL,2026-04-22 18:40:00,272.62,272.63,272.53,272.57,14943.0,1m
AAPL,2026-04-22 18:41:00,272.57,272.58,272.4,272.42,77212.0,1m
AAPL,2026-04-22 18:42:00,272.41,272.46,272.35,272.38,34507.0,1m
AAPL,2026-04-22 18:43:00,272.37,272.42,272.28,272.31,44387.0,1m
AAPL,2026-04-22 18:44:00,272.34,272.48,272.34,272.42,26737.0,1m
AAPL,2026-04-22 18:45:00,272.43,272.48,272.38,272.46,29082.0,1m
AAPL,2026-04-22 18:46:00,272.46,272.52,272.43,272.51,32561.0,1m
AAPL,2026-04-22 18:47:00,272.5,272.51,272.44,272.48,20780.0,1m
AAPL,2026-04-22 18:48:00,272.46,272.46,272.36,272.4,24745.0,1m
AAPL,2026-04-22 18:49:00,272.41,272.46,272.36,272.43,23108.0,1m
AAPL,2026-04-22 18:50:00,272.42,272.44,272.32,272.41,36461.0,1m
AAPL,2026-04-22 18:51:00,272.42,272.44,272.28,272.31,31375.0,1m
AAPL,2026-04-22 18:52:00,272.31,272.39,272.3,272.39,11652.0,1m
AAPL,2026-04-22 18:53:00,272.38,272.4,272.3,272.3,16151.0,1m
AAPL,2026-04-22 18:54:00,272.29,272.34,272.29,272.31,17553.0,1m
AAPL,2026-04-22 18:55:00,272.3,272.34,272.2,272.24,22388.0,1m
AAPL,2026-04-22 18:56:00,272.24,272.25,272.1,272.17,37549.0,1m
AAPL,2026-04-22 18:57:00,272.18,272.26,272.16,272.24,33787.0,1m
AAPL,2026-04-22 18:58:00,272.24,272.36,272.24,272.34,19445.0,1m
AAPL,2026-04-22 18:59:00,272.34,272.46,272.31,272.42,44105.0,1m
AAPL,2026-04-22 19:00:00,272.43,272.47,272.26,272.41,38026.0,1m
AAPL,2026-04-22 19:01:00,272.42,272.55,272.37,272.52,62015.0,1m
AAPL,2026-04-22 19:02:00,272.51,272.54,272.45,272.54,18620.0,1m
AAPL,2026-04-22 19:03:00,272.52,272.61,272.52,272.59,26394.0,1m
AAPL,2026-04-22 19:04:00,272.59,272.66,272.57,272.62,39088.0,1m
AAPL,2026-04-22 19:05:00,272.63,272.67,272.49,272.51,30189.0,1m
AAPL,2026-04-22 19:06:00,272.52,272.55,272.48,272.49,19555.0,1m
AAPL,2026-04-22 19:07:00,272.49,272.49,272.34,272.35,31631.0,1m
AAPL,2026-04-22 19:08:00,272.35,272.4,272.27,272.32,31967.0,1m
AAPL,2026-04-22 19:09:00,272.33,272.47,272.33,272.47,57712.0,1m
AAPL,2026-04-22 19:10:00,272.48,272.5,272.42,272.44,15028.0,1m
AAPL,2026-04-22 19:11:00,272.44,272.49,272.42,272.42,16060.0,1m
AAPL,2026-04-22 19:12:00,272.42,272.43,272.34,272.38,20966.0,1m
AAPL,2026-04-22 19:13:00,272.36,272.38,272.27,272.35,38795.0,1m
AAPL,2026-04-22 19:14:00,272.35,272.36,272.27,272.35,25246.0,1m
AAPL,2026-04-22 19:15:00,272.35,272.39,272.29,272.38,39447.0,1m
AAPL,2026-04-22 19:16:00,272.38,272.38,272.28,272.38,27663.0,1m
AAPL,2026-04-22 19:17:00,272.38,272.44,272.32,272.33,20703.0,1m
AAPL,2026-04-22 19:18:00,272.34,272.42,272.27,272.38,26132.0,1m
AAPL,2026-04-22 19:19:00,272.36,272.5,272.36,272.48,30879.0,1m
AAPL,2026-04-22 19:20:00,272.48,272.54,272.38,272.49,45879.0,1m
AAPL,2026-04-22 19:21:00,272.48,272.54,272.45,272.53,23528.0,1m
AAPL,2026-04-22 19:22:00,272.53,272.54,272.41,272.47,34906.0,1m
AAPL,2026-04-22 19:23:00,272.5,272.67,272.5,272.62,41869.0,1m
AAPL,2026-04-22 19:24:00,272.65,272.75,272.64,272.75,23027.0,1m
AAPL,2026-04-22 19:25:00,272.75,272.8,272.64,272.72,90103.0,1m
AAPL,2026-04-22 19:26:00,272.69,272.71,272.64,272.67,25754.0,1m
AAPL,2026-04-22 19:27:00,272.67,272.82,272.66,272.79,38483.0,1m
AAPL,2026-04-22 19:28:00,272.79,272.81,272.7,272.75,44118.0,1m
AAPL,2026-04-22 19:29:00,272.75,272.76,272.68,272.71,39861.0,1m
AAPL,2026-04-22 19:30:00,272.73,272.73,272.57,272.66,85726.0,1m
AAPL,2026-04-22 19:31:00,272.68,272.76,272.58,272.72,38126.0,1m
AAPL,2026-04-22 19:32:00,272.72,272.79,272.7,272.77,28709.0,1m
AAPL,2026-04-22 19:33:00,272.78,272.82,272.74,272.78,41809.0,1m
AAPL,2026-04-22 19:34:00,272.79,272.91,272.78,272.89,51020.0,1m
AAPL,2026-04-22 19:35:00,272.89,272.93,272.78,272.86,63576.0,1m
AAPL,2026-04-22 19:36:00,272.87,272.9,272.85,272.9,44800.0,1m
AAPL,2026-04-22 19:37:00,272.88,272.94,272.88,272.94,48428.0,1m
AAPL,2026-04-22 19:38:00,272.93,273.0,272.9,272.96,38860.0,1m
AAPL,2026-04-22 19:39:00,272.95,272.97,272.84,272.86,74315.0,1m
AAPL,2026-04-22 19:40:00,272.89,272.89,272.8,272.83,39948.0,1m
AAPL,2026-04-22 19:41:00,272.83,272.91,272.82,272.87,32492.0,1m
AAPL,2026-04-22 19:42:00,272.87,273.0,272.86,272.97,50133.0,1m
AAPL,2026-04-22 19:43:00,272.97,272.98,272.83,272.86,53808.0,1m
AAPL,2026-04-22 19:44:00,272.86,272.88,272.83,272.85,37856.0,1m
AAPL,2026-04-22 19:45:00,272.85,272.95,272.83,272.92,45857.0,1m
AAPL,2026-04-22 19:46:00,272.92,272.95,272.87,272.9,25590.0,1m
AAPL,2026-04-22 19:47:00,272.88,272.96,272.83,272.93,49867.0,1m
AAPL,2026-04-22 19:48:00,272.92,272.97,272.86,272.97,49563.0,1m
AAPL,2026-04-22 19:49:00,272.96,272.97,272.79,272.89,61032.0,1m
AAPL,2026-04-22 19:50:00,272.89,273.05,272.74,272.99,153141.0,1m
AAPL,2026-04-22 19:51:00,272.99,273.05,272.96,272.99,92265.0,1m
AAPL,2026-04-22 19:52:00,272.99,273.04,272.67,272.7,94250.0,1m
AAPL,2026-04-22 19:53:00,272.68,272.79,272.55,272.76,154791.0,1m
AAPL,2026-04-22 19:54:00,272.77,272.98,272.64,272.72,99598.0,1m
AAPL,2026-04-22 19:55:00,272.7,272.95,272.66,272.89,181970.0,1m
AAPL,2026-04-22 19:56:00,272.9,272.92,272.8,272.86,142601.0,1m
AAPL,2026-04-22 19:57:00,272.87,273.02,272.79,272.98,222851.0,1m
AAPL,2026-04-22 19:58:00,272.98,273.18,272.97,273.14,377253.0,1m
AAPL,2026-04-22 19:59:00,273.13,273.26,273.11,273.19,720647.0,1m
AAPL,2026-04-23 13:30:00,274.9,275.68,274.24,274.31,807850.0,1m
AAPL,2026-04-23 13:31:00,274.26,275.02,274.15,274.96,154640.0,1m
AAPL,2026-04-23 13:32:00,274.97,275.04,274.33,274.59,132291.0,1m
AAPL,2026-04-23 13:33:00,274.61,274.95,274.41,274.83,125173.0,1m
AAPL,2026-04-23 13:34:00,274.81,275.2,274.71,275.09,134231.0,1m
AAPL,2026-04-23 13:35:00,275.08,275.7,275.05,275.58,158386.0,1m
AAPL,2026-04-23 13:36:00,275.58,275.77,274.48,274.51,188307.0,1m
AAPL,2026-04-23 13:37:00,274.49,275.03,274.38,274.99,99816.0,1m
AAPL,2026-04-23 13:38:00,274.98,275.02,274.44,274.86,60574.0,1m
AAPL,2026-04-23 13:39:00,274.84,275.0,274.44,274.46,48003.0,1m
AAPL,2026-04-23 13:40:00,274.44,274.62,274.3,274.5,82318.0,1m
AAPL,2026-04-23 13:41:00,274.54,274.61,273.76,274.0,153884.0,1m
AAPL,2026-04-23 13:42:00,274.0,274.1,273.4,273.4,82431.0,1m
AAPL,2026-04-23 13:43:00,273.42,273.47,273.13,273.18,77568.0,1m
AAPL,2026-04-23 13:44:00,273.2,273.55,273.19,273.53,60447.0,1m
AAPL,2026-04-23 13:45:00,273.5,273.59,273.13,273.34,65301.0,1m
AAPL,2026-04-23 13:46:00,273.34,273.71,273.34,273.62,50704.0,1m
AAPL,2026-04-23 13:47:00,273.61,273.91,273.35,273.88,56092.0,1m
AAPL,2026-04-23 13:48:00,273.91,274.05,273.5,273.5,70878.0,1m
AAPL,2026-04-23 13:49:00,273.5,273.68,273.46,273.57,44610.0,1m
AAPL,2026-04-23 13:50:00,273.5,273.72,273.3,273.66,59228.0,1m
AAPL,2026-04-23 13:51:00,273.64,273.81,273.51,273.62,30842.0,1m
AAPL,2026-04-23 13:52:00,273.63,273.81,273.44,273.48,41393.0,1m
AAPL,2026-04-23 13:53:00,273.48,273.56,273.38,273.56,30549.0,1m
AAPL,2026-04-23 13:54:00,273.57,273.83,273.54,273.68,37562.0,1m
AAPL,2026-04-23 13:55:00,273.73,273.85,273.64,273.72,29124.0,1m
AAPL,2026-04-23 13:56:00,273.75,274.02,273.73,273.95,78248.0,1m
AAPL,2026-04-23 13:57:00,273.97,274.03,273.8,273.93,46410.0,1m
AAPL,2026-04-23 13:58:00,273.92,274.15,273.88,274.06,66132.0,1m
AAPL,2026-04-23 13:59:00,274.03,274.06,273.64,273.71,67004.0,1m
AAPL,2026-04-23 14:00:00,273.69,273.7,273.43,273.47,47738.0,1m
AAPL,2026-04-23 14:01:00,273.48,274.2,273.48,274.2,102686.0,1m
AAPL,2026-04-23 14:02:00,274.21,274.28,273.95,274.13,59948.0,1m
AAPL,2026-04-23 14:03:00,274.12,274.17,273.63,273.79,82299.0,1m
AAPL,2026-04-23 14:04:00,273.78,274.06,273.76,273.97,38282.0,1m
AAPL,2026-04-23 14:05:00,274.0,274.29,273.9,274.17,32261.0,1m
AAPL,2026-04-23 14:06:00,274.21,274.36,274.12,274.36,27202.0,1m
AAPL,2026-04-23 14:07:00,274.29,274.46,274.21,274.44,47613.0,1m
AAPL,2026-04-23 14:08:00,274.41,274.53,274.25,274.47,37889.0,1m
AAPL,2026-04-23 14:09:00,274.48,274.6,274.28,274.57,86007.0,1m
AAPL,2026-04-23 14:10:00,274.53,274.53,274.13,274.18,32365.0,1m
AAPL,2026-04-23 14:11:00,274.19,274.33,274.0,274.29,29788.0,1m
AAPL,2026-04-23 14:12:00,274.29,274.39,274.18,274.35,25799.0,1m
AAPL,2026-04-23 14:13:00,274.36,274.37,274.08,274.08,31841.0,1m
AAPL,2026-04-23 14:14:00,274.11,274.19,273.86,273.9,42593.0,1m
AAPL,2026-04-23 14:15:00,273.88,274.08,273.86,274.05,43092.0,1m
AAPL,2026-04-23 14:16:00,274.03,274.27,274.03,274.27,25902.0,1m
AAPL,2026-04-23 14:17:00,274.27,274.54,274.13,274.41,55618.0,1m
AAPL,2026-04-23 14:18:00,274.39,274.48,274.27,274.42,23474.0,1m
AAPL,2026-04-23 14:19:00,274.4,274.42,274.24,274.26,23553.0,1m
AAPL,2026-04-23 14:20:00,274.28,274.41,274.24,274.33,24756.0,1m
AAPL,2026-04-23 14:21:00,274.3,274.32,273.95,274.05,46892.0,1m
AAPL,2026-04-23 14:22:00,274.01,274.12,273.91,274.12,21638.0,1m
AAPL,2026-04-23 14:23:00,274.12,274.28,274.09,274.28,32846.0,1m
AAPL,2026-04-23 14:24:00,274.28,274.34,274.19,274.23,22837.0,1m
AAPL,2026-04-23 14:25:00,274.21,274.27,274.11,274.17,12927.0,1m
AAPL,2026-04-23 14:26:00,274.18,274.18,273.8,273.8,57568.0,1m
AAPL,2026-04-23 14:27:00,273.83,273.92,273.83,273.88,24163.0,1m
AAPL,2026-04-23 14:28:00,273.88,273.93,273.64,273.93,39998.0,1m
AAPL,2026-04-23 14:29:00,273.94,274.05,273.87,273.94,27633.0,1m
AAPL,2026-04-23 14:30:00,273.97,274.1,273.91,273.98,38029.0,1m
AAPL,2026-04-23 14:31:00,273.94,274.13,273.94,274.12,20435.0,1m
AAPL,2026-04-23 14:32:00,274.13,274.21,273.99,274.0,29206.0,1m
AAPL,2026-04-23 14:33:00,274.0,274.13,273.93,274.11,13664.0,1m
AAPL,2026-04-23 14:34:00,274.12,274.19,274.01,274.04,13276.0,1m
AAPL,2026-04-23 14:35:00,274.06,274.19,273.91,273.91,30336.0,1m
AAPL,2026-04-23 14:36:00,273.92,273.97,273.87,273.92,16560.0,1m
AAPL,2026-04-23 14:37:00,273.93,273.93,273.75,273.87,35307.0,1m
AAPL,2026-04-23 14:38:00,273.86,273.89,273.64,273.7,59237.0,1m
AAPL,2026-04-23 14:39:00,273.72,273.91,273.71,273.76,24865.0,1m
AAPL,2026-04-23 14:40:00,273.79,273.79,273.55,273.57,43116.0,1m
AAPL,2026-04-23 14:41:00,273.6,273.6,273.42,273.48,43009.0,1m
AAPL,2026-04-23 14:42:00,273.44,273.55,273.33,273.45,46604.0,1m
AAPL,2026-04-23 14:43:00,273.47,273.59,273.42,273.59,18035.0,1m
AAPL,2026-04-23 14:44:00,273.6,273.71,273.59,273.59,24962.0,1m
AAPL,2026-04-23 14:45:00,273.63,273.77,273.59,273.75,29553.0,1m
AAPL,2026-04-23 14:46:00,273.74,273.8,273.68,273.79,19130.0,1m
AAPL,2026-04-23 14:47:00,273.79,273.97,273.77,273.97,19211.0,1m
AAPL,2026-04-23 14:48:00,273.96,274.0,273.9,273.95,34418.0,1m
AAPL,2026-04-23 14:49:00,273.95,273.99,273.92,273.92,15682.0,1m
AAPL,2026-04-23 14:50:00,273.91,274.13,273.88,274.13,34494.0,1m
AAPL,2026-04-23 14:51:00,274.13,274.25,274.12,274.22,73044.0,1m
AAPL,2026-04-23 14:52:00,274.21,274.29,274.15,274.25,25138.0,1m
AAPL,2026-04-23 14:53:00,274.24,274.28,274.11,274.13,20428.0,1m
AAPL,2026-04-23 14:54:00,274.15,274.24,274.1,274.2,11078.0,1m
AAPL,2026-04-23 14:55:00,274.18,274.31,274.17,274.21,22580.0,1m
AAPL,2026-04-23 14:56:00,274.19,274.27,274.11,274.25,30745.0,1m
AAPL,2026-04-23 14:57:00,274.25,274.28,274.18,274.21,37465.0,1m
AAPL,2026-04-23 14:58:00,274.22,274.23,274.05,274.09,45124.0,1m
AAPL,2026-04-23 14:59:00,274.06,274.13,273.93,273.93,25353.0,1m
AAPL,2026-04-23 15:00:00,273.94,274.05,273.93,273.96,12876.0,1m
AAPL,2026-04-23 15:01:00,273.95,274.05,273.93,273.99,26150.0,1m
AAPL,2026-04-23 15:02:00,273.97,274.13,273.97,274.03,28834.0,1m
AAPL,2026-04-23 15:03:00,274.04,274.07,273.89,273.92,19904.0,1m
AAPL,2026-04-23 15:04:00,273.9,273.9,273.7,273.75,46401.0,1m
AAPL,2026-04-23 15:05:00,273.73,273.76,273.65,273.69,54110.0,1m
AAPL,2026-04-23 15:06:00,273.69,273.78,273.58,273.62,30280.0,1m
AAPL,2026-04-23 15:07:00,273.6,273.68,273.52,273.53,32727.0,1m
AAPL,2026-04-23 15:08:00,273.52,273.57,273.42,273.49,42159.0,1m
AAPL,2026-04-23 15:09:00,273.49,273.64,273.45,273.64,29490.0,1m
AAPL,2026-04-23 15:10:00,273.63,273.71,273.54,273.54,21421.0,1m
AAPL,2026-04-23 15:11:00,273.51,273.59,273.42,273.46,22310.0,1m
AAPL,2026-04-23 15:12:00,273.48,273.49,273.37,273.38,23053.0,1m
AAPL,2026-04-23 15:13:00,273.38,273.46,273.27,273.29,34038.0,1m
AAPL,2026-04-23 15:14:00,273.3,273.49,273.27,273.37,33535.0,1m
AAPL,2026-04-23 15:15:00,273.38,273.44,273.31,273.42,30043.0,1m
AAPL,2026-04-23 15:16:00,273.42,273.47,273.35,273.46,17197.0,1m
AAPL,2026-04-23 15:17:00,273.46,273.62,273.43,273.45,37140.0,1m
AAPL,2026-04-23 15:18:00,273.46,273.58,273.4,273.54,19705.0,1m
AAPL,2026-04-23 15:19:00,273.54,273.55,273.44,273.48,17010.0,1m
AAPL,2026-04-23 15:20:00,273.46,273.55,273.45,273.53,25408.0,1m
AAPL,2026-04-23 15:21:00,273.52,273.74,273.51,273.71,34637.0,1m
AAPL,2026-04-23 15:22:00,273.71,273.72,273.57,273.68,19032.0,1m
AAPL,2026-04-23 15:23:00,273.69,273.8,273.68,273.74,28799.0,1m
AAPL,2026-04-23 15:24:00,273.72,273.76,273.67,273.69,16676.0,1m
AAPL,2026-04-23 15:25:00,273.68,273.81,273.66,273.81,34715.0,1m
AAPL,2026-04-23 15:26:00,273.81,273.84,273.66,273.73,60062.0,1m
AAPL,2026-04-23 15:27:00,273.74,273.79,273.66,273.75,15495.0,1m
AAPL,2026-04-23 15:28:00,273.73,273.73,273.6,273.62,16432.0,1m
AAPL,2026-04-23 15:29:00,273.63,273.75,273.59,273.68,14418.0,1m
AAPL,2026-04-23 15:30:00,273.65,274.09,273.6,274.09,69205.0,1m
AAPL,2026-04-23 15:31:00,274.09,274.38,274.07,274.28,147256.0,1m
AAPL,2026-04-23 15:32:00,274.29,274.41,274.27,274.33,48425.0,1m
AAPL,2026-04-23 15:33:00,274.33,274.35,274.12,274.13,31299.0,1m
AAPL,2026-04-23 15:34:00,274.13,274.2,274.05,274.06,33499.0,1m
AAPL,2026-04-23 15:35:00,274.07,274.07,273.96,274.03,17266.0,1m
AAPL,2026-04-23 15:36:00,274.02,274.06,273.94,273.95,34860.0,1m
AAPL,2026-04-23 15:37:00,273.94,273.96,273.82,273.87,24200.0,1m
AAPL,2026-04-23 15:38:00,273.87,273.88,273.7,273.71,19507.0,1m
AAPL,2026-04-23 15:39:00,273.7,273.82,273.66,273.81,60389.0,1m
AAPL,2026-04-23 15:40:00,273.8,273.8,273.7,273.74,24481.0,1m
AAPL,2026-04-23 15:41:00,273.74,273.78,273.61,273.67,17903.0,1m
AAPL,2026-04-23 15:42:00,273.67,273.68,273.57,273.6,16432.0,1m
AAPL,2026-04-23 15:43:00,273.59,273.62,273.48,273.5,34938.0,1m
AAPL,2026-04-23 15:44:00,273.49,273.49,273.28,273.32,39080.0,1m
AAPL,2026-04-23 15:45:00,273.3,273.31,273.14,273.17,40082.0,1m
AAPL,2026-04-23 15:46:00,273.17,273.23,273.03,273.22,31695.0,1m
AAPL,2026-04-23 15:47:00,273.23,273.43,273.22,273.4,42306.0,1m
AAPL,2026-04-23 15:48:00,273.4,273.48,273.31,273.35,40414.0,1m
AAPL,2026-04-23 15:49:00,273.35,273.45,273.29,273.43,11749.0,1m
AAPL,2026-04-23 15:50:00,273.42,273.57,273.39,273.51,41533.0,1m
AAPL,2026-04-23 15:51:00,273.51,273.56,273.39,273.39,22833.0,1m
AAPL,2026-04-23 15:52:00,273.34,273.42,273.3,273.42,17360.0,1m
AAPL,2026-04-23 15:53:00,273.38,273.43,273.33,273.34,14539.0,1m
AAPL,2026-04-23 15:54:00,273.3,273.4,273.21,273.25,18692.0,1m
AAPL,2026-04-23 15:55:00,273.28,273.33,273.21,273.27,25622.0,1m
AAPL,2026-04-23 15:56:00,273.3,273.57,273.29,273.53,54745.0,1m
AAPL,2026-04-23 15:57:00,273.51,273.53,273.23,273.25,36612.0,1m
AAPL,2026-04-23 15:58:00,273.24,273.34,273.21,273.31,17060.0,1m
AAPL,2026-04-23 15:59:00,273.32,273.41,273.23,273.41,13066.0,1m
AAPL,2026-04-23 16:00:00,273.42,273.44,273.23,273.23,13368.0,1m
AAPL,2026-04-23 16:01:00,273.23,273.34,273.12,273.12,17890.0,1m
AAPL,2026-04-23 16:02:00,273.11,273.24,273.08,273.22,44570.0,1m
AAPL,2026-04-23 16:03:00,273.23,273.39,273.2,273.35,27271.0,1m
AAPL,2026-04-23 16:04:00,273.34,273.37,273.22,273.22,17024.0,1m
AAPL,2026-04-23 16:05:00,273.21,273.3,273.17,273.3,20498.0,1m
AAPL,2026-04-23 16:06:00,273.28,273.34,273.21,273.27,13962.0,1m
AAPL,2026-04-23 16:07:00,273.29,273.3,273.17,273.19,12003.0,1m
AAPL,2026-04-23 16:08:00,273.19,273.29,273.18,273.26,18306.0,1m
AAPL,2026-04-23 16:09:00,273.25,273.36,273.24,273.32,34550.0,1m
AAPL,2026-04-23 16:10:00,273.34,273.38,273.31,273.31,12200.0,1m
AAPL,2026-04-23 16:11:00,273.32,273.34,273.22,273.3,11578.0,1m
AAPL,2026-04-23 16:12:00,273.34,273.46,273.34,273.38,16914.0,1m
AAPL,2026-04-23 16:13:00,273.37,273.42,273.34,273.4,7420.0,1m
AAPL,2026-04-23 16:14:00,273.38,273.38,273.33,273.36,19517.0,1m
AAPL,2026-04-23 16:15:00,273.35,273.43,273.34,273.34,13892.0,1m
AAPL,2026-04-23 16:16:00,273.32,273.45,273.32,273.44,23823.0,1m
AAPL,2026-04-23 16:17:00,273.44,273.53,273.4,273.43,37376.0,1m
AAPL,2026-04-23 16:18:00,273.43,273.6,273.42,273.49,36132.0,1m
AAPL,2026-04-23 16:19:00,273.49,273.53,273.45,273.46,13275.0,1m
AAPL,2026-04-23 16:20:00,273.47,273.6,273.47,273.54,22216.0,1m
AAPL,2026-04-23 16:21:00,273.54,273.54,273.27,273.31,21369.0,1m
AAPL,2026-04-23 16:22:00,273.32,273.36,273.28,273.34,15391.0,1m
AAPL,2026-04-23 16:23:00,273.34,273.46,273.34,273.39,8598.0,1m
AAPL,2026-04-23 16:24:00,273.4,273.52,273.38,273.49,17711.0,1m
AAPL,2026-04-23 16:25:00,273.5,273.57,273.49,273.57,12900.0,1m
AAPL,2026-04-23 16:26:00,273.57,273.65,273.57,273.65,26436.0,1m
AAPL,2026-04-23 16:27:00,273.64,273.68,273.59,273.68,14614.0,1m
AAPL,2026-04-23 16:28:00,273.68,273.68,273.59,273.64,12494.0,1m
AAPL,2026-04-23 16:29:00,273.65,273.67,273.57,273.6,13803.0,1m
AAPL,2026-04-23 16:30:00,273.6,273.63,273.54,273.57,19759.0,1m
AAPL,2026-04-23 16:31:00,273.57,274.0,273.44,273.49,34477.0,1m
AAPL,2026-04-23 16:32:00,273.51,273.55,273.47,273.49,11903.0,1m
AAPL,2026-04-23 16:33:00,273.51,273.58,273.47,273.55,10307.0,1m
AAPL,2026-04-23 16:34:00,273.54,273.58,273.51,273.51,12912.0,1m
AAPL,2026-04-23 16:35:00,273.51,273.6,273.5,273.58,20696.0,1m
AAPL,2026-04-23 16:36:00,273.6,273.67,273.59,273.63,27593.0,1m
AAPL,2026-04-23 16:37:00,273.61,273.61,273.51,273.52,13310.0,1m
AAPL,2026-04-23 16:38:00,273.53,273.53,273.45,273.45,20937.0,1m
AAPL,2026-04-23 16:39:00,273.45,273.45,273.34,273.36,23963.0,1m
AAPL,2026-04-23 16:40:00,273.35,273.36,273.31,273.35,22501.0,1m
AAPL,2026-04-23 16:41:00,273.35,273.4,273.25,273.25,14759.0,1m
AAPL,2026-04-23 16:42:00,273.25,273.3,273.11,273.15,56458.0,1m
AAPL,2026-04-23 16:43:00,273.12,273.14,273.06,273.14,27002.0,1m
AAPL,2026-04-23 16:44:00,273.15,273.15,272.96,273.06,69483.0,1m
AAPL,2026-04-23 16:45:00,273.06,273.15,273.02,273.15,25827.0,1m
AAPL,2026-04-23 16:46:00,273.14,273.2,273.11,273.14,15599.0,1m
AAPL,2026-04-23 16:47:00,273.14,273.23,273.12,273.14,20113.0,1m
AAPL,2026-04-23 16:48:00,273.15,273.21,273.11,273.18,12532.0,1m
AAPL,2026-04-23 16:49:00,273.19,273.21,273.11,273.14,18699.0,1m
AAPL,2026-04-23 16:50:00,273.15,273.17,272.99,273.01,30832.0,1m
AAPL,2026-04-23 16:51:00,273.01,273.13,273.01,273.1,10022.0,1m
AAPL,2026-04-23 16:52:00,273.1,273.15,273.07,273.15,9083.0,1m
AAPL,2026-04-23 16:53:00,273.14,273.2,273.12,273.17,18667.0,1m
AAPL,2026-04-23 16:54:00,273.17,273.19,273.14,273.15,27292.0,1m
AAPL,2026-04-23 16:55:00,273.15,273.16,273.08,273.13,28829.0,1m
AAPL,2026-04-23 16:56:00,273.13,273.17,273.1,273.17,18887.0,1m
AAPL,2026-04-23 16:57:00,273.16,273.21,273.1,273.21,17335.0,1m
AAPL,2026-04-23 16:58:00,273.2,273.24,273.03,273.09,28842.0,1m
AAPL,2026-04-23 16:59:00,273.06,273.13,273.0,273.0,17860.0,1m
AAPL,2026-04-23 17:00:00,273.02,273.02,272.91,272.99,15663.0,1m
AAPL,2026-04-23 17:01:00,273.0,273.04,272.53,272.57,71102.0,1m
AAPL,2026-04-23 17:02:00,272.57,272.8,272.52,272.75,39464.0,1m
AAPL,2026-04-23 17:03:00,272.76,272.83,272.59,272.75,31248.0,1m
AAPL,2026-04-23 17:04:00,272.78,272.85,272.57,272.67,21722.0,1m
AAPL,2026-04-23 17:05:00,272.66,272.69,272.45,272.58,33509.0,1m
AAPL,2026-04-23 17:06:00,272.56,272.67,272.43,272.67,149745.0,1m
AAPL,2026-04-23 17:07:00,272.67,272.77,272.6,272.66,16551.0,1m
AAPL,2026-04-23 17:08:00,272.66,272.69,272.6,272.68,15919.0,1m
AAPL,2026-04-23 17:09:00,272.67,272.71,272.5,272.51,34731.0,1m
AAPL,2026-04-23 17:10:00,272.5,272.59,272.3,272.57,32059.0,1m
AAPL,2026-04-23 17:11:00,272.59,272.66,272.41,272.52,24881.0,1m
AAPL,2026-04-23 17:12:00,272.55,272.69,272.37,272.4,22406.0,1m
AAPL,2026-04-23 17:13:00,272.4,272.46,272.34,272.46,28263.0,1m
AAPL,2026-04-23 17:14:00,272.5,272.57,272.39,272.48,25633.0,1m
AAPL,2026-04-23 17:15:00,272.5,272.5,272.27,272.28,21758.0,1m
AAPL,2026-04-23 17:16:00,272.26,272.52,272.1,272.29,41875.0,1m
AAPL,2026-04-23 17:17:00,272.3,272.3,272.11,272.23,28644.0,1m
AAPL,2026-04-23 17:18:00,272.22,272.36,272.21,272.32,38702.0,1m
AAPL,2026-04-23 17:19:00,272.33,272.4,272.19,272.39,47675.0,1m
AAPL,2026-04-23 17:20:00,272.41,272.43,272.28,272.37,18137.0,1m
AAPL,2026-04-23 17:21:00,272.44,272.48,272.28,272.32,33208.0,1m
AAPL,2026-04-23 17:22:00,272.3,272.34,272.09,272.28,52940.0,1m
AAPL,2026-04-23 17:23:00,272.28,272.48,272.24,272.46,25380.0,1m
AAPL,2026-04-23 17:24:00,272.49,272.59,272.36,272.4,22490.0,1m
AAPL,2026-04-23 17:25:00,272.43,272.6,272.36,272.55,38555.0,1m
AAPL,2026-04-23 17:26:00,272.57,272.98,272.57,272.91,42346.0,1m
AAPL,2026-04-23 17:27:00,272.89,272.89,272.55,272.65,33137.0,1m
AAPL,2026-04-23 17:28:00,272.65,272.65,272.3,272.34,23887.0,1m
AAPL,2026-04-23 17:29:00,272.32,272.44,272.17,272.24,26778.0,1m
AAPL,2026-04-23 17:30:00,272.25,272.5,272.22,272.41,15312.0,1m
AAPL,2026-04-23 17:31:00,272.41,272.42,272.16,272.39,19407.0,1m
AAPL,2026-04-23 17:32:00,272.39,272.6,272.36,272.51,25001.0,1m
AAPL,2026-04-23 17:33:00,272.54,272.58,272.46,272.58,9865.0,1m
AAPL,2026-04-23 17:34:00,272.59,272.73,272.58,272.69,35132.0,1m
AAPL,2026-04-23 17:35:00,272.73,272.86,272.51,272.57,20298.0,1m
AAPL,2026-04-23 17:36:00,272.56,272.57,272.17,272.26,25893.0,1m
AAPL,2026-04-23 17:37:00,272.29,272.29,272.14,272.24,22803.0,1m
AAPL,2026-04-23 17:38:00,272.26,272.38,272.22,272.36,24796.0,1m
AAPL,2026-04-23 17:39:00,272.39,272.46,272.27,272.31,12274.0,1m
AAPL,2026-04-23 17:40:00,272.34,272.35,272.13,272.21,26835.0,1m
AAPL,2026-04-23 17:41:00,272.19,272.19,271.92,271.96,55789.0,1m
AAPL,2026-04-23 17:42:00,271.94,272.34,271.78,272.19,84789.0,1m
AAPL,2026-04-23 17:43:00,272.17,272.19,272.01,272.15,28352.0,1m
AAPL,2026-04-23 17:44:00,272.12,272.15,271.94,272.11,27359.0,1m
AAPL,2026-04-23 17:45:00,272.15,272.17,271.86,272.04,40370.0,1m
AAPL,2026-04-23 17:46:00,272.04,272.04,271.69,271.81,39756.0,1m
AAPL,2026-04-23 17:47:00,271.79,272.27,271.65,272.15,105504.0,1m
AAPL,2026-04-23 17:48:00,272.15,272.33,272.06,272.13,55708.0,1m
AAPL,2026-04-23 17:49:00,272.15,272.25,271.82,271.92,42161.0,1m
AAPL,2026-04-23 17:50:00,271.89,272.1,271.73,272.01,38725.0,1m
AAPL,2026-04-23 17:51:00,272.03,272.05,271.89,271.98,40849.0,1m
AAPL,2026-04-23 17:52:00,271.99,272.06,271.75,271.84,36003.0,1m
AAPL,2026-04-23 17:53:00,271.87,273.13,271.83,272.47,171335.0,1m
AAPL,2026-04-23 17:54:00,272.45,272.62,272.18,272.45,61026.0,1m
AAPL,2026-04-23 17:55:00,272.44,272.71,272.3,272.61,40881.0,1m
AAPL,2026-04-23 17:56:00,272.63,272.85,272.47,272.47,42640.0,1m
AAPL,2026-04-23 17:57:00,272.51,272.74,272.49,272.57,33681.0,1m
AAPL,2026-04-23 17:58:00,272.53,272.8,272.43,272.8,28466.0,1m
AAPL,2026-04-23 17:59:00,272.79,273.0,272.74,272.99,37455.0,1m
AAPL,2026-04-23 18:00:00,273.0,273.12,272.92,272.94,41937.0,1m
AAPL,2026-04-23 18:01:00,272.9,273.6,272.9,273.26,81024.0,1m
AAPL,2026-04-23 18:02:00,273.27,273.43,273.18,273.26,30472.0,1m
AAPL,2026-04-23 18:03:00,273.28,273.37,273.1,273.21,38298.0,1m
AAPL,2026-04-23 18:04:00,273.21,273.3,273.18,273.27,53417.0,1m
AAPL,2026-04-23 18:05:00,273.26,273.3,273.11,273.25,28880.0,1m
AAPL,2026-04-23 18:06:00,273.23,273.43,273.22,273.33,31656.0,1m
AAPL,2026-04-23 18:07:00,273.35,273.35,273.25,273.27,20120.0,1m
AAPL,2026-04-23 18:08:00,273.28,273.32,273.19,273.21,49569.0,1m
AAPL,2026-04-23 18:09:00,273.2,273.26,273.12,273.16,42788.0,1m
AAPL,2026-04-23 18:10:00,273.17,273.58,273.17,273.48,55433.0,1m
AAPL,2026-04-23 18:11:00,273.43,273.54,273.24,273.3,30300.0,1m
AAPL,2026-04-23 18:12:00,273.31,273.36,273.11,273.19,18899.0,1m
AAPL,2026-04-23 18:13:00,273.18,273.28,273.15,273.24,20364.0,1m
AAPL,2026-04-23 18:14:00,273.26,273.35,273.26,273.26,15386.0,1m
AAPL,2026-04-23 18:15:00,273.29,273.35,273.22,273.29,16790.0,1m
AAPL,2026-04-23 18:16:00,273.27,273.39,273.27,273.38,20299.0,1m
AAPL,2026-04-23 18:17:00,273.38,273.41,273.21,273.22,31447.0,1m
AAPL,2026-04-23 18:18:00,273.22,273.54,273.2,273.43,64738.0,1m
AAPL,2026-04-23 18:19:00,273.45,273.59,273.45,273.58,20622.0,1m
AAPL,2026-04-23 18:20:00,273.59,273.8,273.57,273.7,38797.0,1m
AAPL,2026-04-23 18:21:00,273.69,273.76,273.43,273.46,36278.0,1m
AAPL,2026-04-23 18:22:00,273.47,273.55,273.46,273.5,19662.0,1m
AAPL,2026-04-23 18:23:00,273.51,273.6,273.47,273.57,26357.0,1m
AAPL,2026-04-23 18:24:00,273.59,273.62,273.46,273.51,17339.0,1m
AAPL,2026-04-23 18:25:00,273.5,273.58,273.5,273.56,17968.0,1m
AAPL,2026-04-23 18:26:00,273.57,273.63,273.51,273.6,31846.0,1m
AAPL,2026-04-23 18:27:00,273.61,273.66,273.58,273.58,16251.0,1m
AAPL,2026-04-23 18:28:00,273.57,273.68,273.5,273.66,19579.0,1m
AAPL,2026-04-23 18:29:00,273.64,273.7,273.62,273.67,22886.0,1m
AAPL,2026-04-23 18:30:00,273.66,273.82,273.65,273.74,18081.0,1m
AAPL,2026-04-23 18:31:00,273.74,273.9,273.72,273.83,28256.0,1m
AAPL,2026-04-23 18:32:00,273.82,273.82,273.74,273.79,21200.0,1m
AAPL,2026-04-23 18:33:00,273.79,273.84,273.75,273.76,16284.0,1m
AAPL,2026-04-23 18:34:00,273.77,273.83,273.75,273.8,16150.0,1m
AAPL,2026-04-23 18:35:00,273.79,273.97,273.79,273.95,26650.0,1m
AAPL,2026-04-23 18:36:00,273.95,274.07,273.95,274.02,48331.0,1m
AAPL,2026-04-23 18:37:00,274.02,274.12,274.0,274.12,25609.0,1m
AAPL,2026-04-23 18:38:00,274.1,274.1,273.95,273.95,83190.0,1m
AAPL,2026-04-23 18:39:00,273.95,273.98,273.89,273.93,22104.0,1m
AAPL,2026-04-23 18:40:00,273.94,274.06,273.92,273.96,26868.0,1m
AAPL,2026-04-23 18:41:00,273.94,273.99,273.83,273.87,21454.0,1m
AAPL,2026-04-23 18:42:00,273.87,273.88,273.62,273.65,30226.0,1m
AAPL,2026-04-23 18:43:00,273.64,273.72,273.53,273.67,15549.0,1m
AAPL,2026-04-23 18:44:00,273.68,273.89,273.68,273.86,26877.0,1m
AAPL,2026-04-23 18:45:00,273.87,273.88,273.76,273.83,15378.0,1m
AAPL,2026-04-23 18:46:00,273.8,273.83,273.75,273.76,28767.0,1m
AAPL,2026-04-23 18:47:00,273.78,273.89,273.76,273.83,15512.0,1m
AAPL,2026-04-23 18:48:00,273.83,274.12,273.78,274.1,95707.0,1m
AAPL,2026-04-23 18:49:00,274.1,274.11,273.91,273.95,48589.0,1m
AAPL,2026-04-23 18:50:00,273.96,274.05,273.92,274.04,13594.0,1m
AAPL,2026-04-23 18:51:00,274.04,274.06,273.98,274.05,19457.0,1m
AAPL,2026-04-23 18:52:00,274.05,274.15,274.02,274.13,28583.0,1m
AAPL,2026-04-23 18:53:00,274.14,274.17,274.07,274.09,24599.0,1m
AAPL,2026-04-23 18:54:00,274.11,274.11,273.93,274.09,28267.0,1m
AAPL,2026-04-23 18:55:00,274.07,274.23,274.04,274.18,101573.0,1m
AAPL,2026-04-23 18:56:00,274.16,274.23,274.05,274.16,48409.0,1m
AAPL,2026-04-23 18:57:00,274.15,274.15,274.03,274.04,16935.0,1m
AAPL,2026-04-23 18:58:00,274.05,274.06,273.94,274.06,23742.0,1m
AAPL,2026-04-23 18:59:00,274.07,274.08,273.68,273.92,88235.0,1m
AAPL,2026-04-23 19:00:00,273.91,274.08,273.85,274.03,76351.0,1m
AAPL,2026-04-23 19:01:00,274.02,274.08,273.88,274.06,20869.0,1m
AAPL,2026-04-23 19:02:00,274.06,274.06,273.86,273.97,21955.0,1m
AAPL,2026-04-23 19:03:00,273.98,274.0,273.93,273.94,13325.0,1m
AAPL,2026-04-23 19:04:00,273.93,273.96,273.88,273.94,22473.0,1m
AAPL,2026-04-23 19:05:00,273.96,274.14,273.96,274.14,25711.0,1m
AAPL,2026-04-23 19:06:00,274.15,274.28,274.12,274.25,31625.0,1m
AAPL,2026-04-23 19:07:00,274.26,274.39,274.25,274.34,34643.0,1m
AAPL,2026-04-23 19:08:00,274.32,274.39,274.28,274.32,30139.0,1m
AAPL,2026-04-23 19:09:00,274.32,274.38,274.29,274.3,26119.0,1m
AAPL,2026-04-23 19:10:00,274.3,274.38,274.29,274.36,38568.0,1m
AAPL,2026-04-23 19:11:00,274.35,274.49,274.32,274.42,50233.0,1m
AAPL,2026-04-23 19:12:00,274.42,274.54,274.35,274.51,41279.0,1m
AAPL,2026-04-23 19:13:00,274.54,274.55,274.34,274.38,29024.0,1m
AAPL,2026-04-23 19:14:00,274.38,274.49,274.38,274.48,26645.0,1m
AAPL,2026-04-23 19:15:00,274.48,274.54,274.31,274.32,43131.0,1m
AAPL,2026-04-23 19:16:00,274.31,274.47,274.31,274.38,45112.0,1m
AAPL,2026-04-23 19:17:00,274.38,274.4,274.26,274.28,20560.0,1m
AAPL,2026-04-23 19:18:00,274.26,274.37,274.22,274.33,26130.0,1m
AAPL,2026-04-23 19:19:00,274.33,274.42,274.33,274.39,26900.0,1m
AAPL,2026-04-23 19:20:00,274.39,274.44,274.34,274.42,32627.0,1m
AAPL,2026-04-23 19:21:00,274.43,274.46,274.27,274.3,38009.0,1m
AAPL,2026-04-23 19:22:00,274.29,274.34,274.27,274.31,26477.0,1m
AAPL,2026-04-23 19:23:00,274.3,274.3,274.14,274.18,38839.0,1m
AAPL,2026-04-23 19:24:00,274.17,274.19,274.12,274.16,26906.0,1m
AAPL,2026-04-23 19:25:00,274.16,274.24,274.15,274.23,26845.0,1m
AAPL,2026-04-23 19:26:00,274.24,274.28,274.21,274.24,25565.0,1m
AAPL,2026-04-23 19:27:00,274.24,274.24,274.12,274.13,35492.0,1m
AAPL,2026-04-23 19:28:00,274.15,274.3,274.14,274.24,28248.0,1m
AAPL,2026-04-23 19:29:00,274.24,274.26,274.15,274.17,31245.0,1m
AAPL,2026-04-23 19:30:00,274.15,274.17,274.09,274.15,19911.0,1m
AAPL,2026-04-23 19:31:00,274.15,274.23,274.11,274.19,22947.0,1m
AAPL,2026-04-23 19:32:00,274.2,274.26,274.12,274.14,19671.0,1m
AAPL,2026-04-23 19:33:00,274.14,274.19,274.03,274.1,22748.0,1m
AAPL,2026-04-23 19:34:00,274.1,274.1,273.83,273.85,29235.0,1m
AAPL,2026-04-23 19:35:00,273.82,273.82,273.61,273.74,42553.0,1m
AAPL,2026-04-23 19:36:00,273.75,273.76,273.55,273.63,38775.0,1m
AAPL,2026-04-23 19:37:00,273.63,273.64,273.5,273.58,68219.0,1m
AAPL,2026-04-23 19:38:00,273.58,273.67,273.48,273.62,36971.0,1m
AAPL,2026-04-23 19:39:00,273.63,273.7,273.55,273.56,22407.0,1m
AAPL,2026-04-23 19:40:00,273.57,273.78,273.56,273.78,29710.0,1m
AAPL,2026-04-23 19:41:00,273.76,273.88,273.76,273.83,18906.0,1m
AAPL,2026-04-23 19:42:00,273.82,273.86,273.73,273.86,23262.0,1m
AAPL,2026-04-23 19:43:00,273.86,273.86,273.66,273.7,22216.0,1m
AAPL,2026-04-23 19:44:00,273.71,273.73,273.63,273.65,19591.0,1m
AAPL,2026-04-23 19:45:00,273.65,273.86,273.63,273.76,28524.0,1m
AAPL,2026-04-23 19:46:00,273.76,273.8,273.72,273.72,23054.0,1m
AAPL,2026-04-23 19:47:00,273.72,273.72,273.64,273.65,24973.0,1m
AAPL,2026-04-23 19:48:00,273.66,273.77,273.63,273.73,22544.0,1m
AAPL,2026-04-23 19:49:00,273.73,273.86,273.73,273.78,35392.0,1m
AAPL,2026-04-23 19:50:00,273.79,273.8,273.06,273.55,124211.0,1m
AAPL,2026-04-23 19:51:00,273.53,273.6,273.39,273.44,60260.0,1m
AAPL,2026-04-23 19:52:00,273.44,273.46,273.22,273.44,68581.0,1m
AAPL,2026-04-23 19:53:00,273.45,273.53,273.23,273.28,69320.0,1m
AAPL,2026-04-23 19:54:00,273.27,273.5,273.15,273.49,74599.0,1m
AAPL,2026-04-23 19:55:00,273.47,273.47,273.3,273.39,128796.0,1m
AAPL,2026-04-23 19:56:00,273.4,273.46,273.34,273.44,104639.0,1m
AAPL,2026-04-23 19:57:00,273.44,273.46,273.27,273.42,119132.0,1m
AAPL,2026-04-23 19:58:00,273.42,273.62,273.36,273.56,171405.0,1m
AAPL,2026-04-23 19:59:00,273.54,273.67,273.4,273.43,443396.0,1m
AAPL,2026-04-24 13:30:00,272.79,273.06,271.55,272.01,751479.0,1m
AAPL,2026-04-24 13:31:00,271.96,271.96,270.35,270.43,179470.0,1m
AAPL,2026-04-24 13:32:00,270.44,270.93,270.35,270.5,117222.0,1m
AAPL,2026-04-24 13:33:00,270.54,270.75,270.27,270.29,131545.0,1m
AAPL,2026-04-24 13:34:00,270.29,270.47,270.09,270.44,106701.0,1m
AAPL,2026-04-24 13:35:00,270.42,270.77,270.4,270.71,88684.0,1m
AAPL,2026-04-24 13:36:00,270.69,270.86,270.57,270.85,97338.0,1m
AAPL,2026-04-24 13:37:00,270.84,271.37,270.8,271.37,88346.0,1m
AAPL,2026-04-24 13:38:00,271.39,271.54,271.22,271.36,86394.0,1m
AAPL,2026-04-24 13:39:00,271.34,271.42,271.15,271.18,95789.0,1m
AAPL,2026-04-24 13:40:00,271.18,271.4,270.91,270.94,72568.0,1m
AAPL,2026-04-24 13:41:00,270.94,271.8,270.93,271.76,121787.0,1m
AAPL,2026-04-24 13:42:00,271.78,271.79,271.13,271.13,102097.0,1m
AAPL,2026-04-24 13:43:00,271.15,271.16,270.79,270.9,129090.0,1m
AAPL,2026-04-24 13:44:00,270.92,271.31,270.92,271.3,42698.0,1m
AAPL,2026-04-24 13:45:00,271.32,271.4,271.09,271.12,63817.0,1m
AAPL,2026-04-24 13:46:00,271.12,271.55,271.08,271.51,55953.0,1m
AAPL,2026-04-24 13:47:00,271.51,271.61,271.39,271.47,58760.0,1m
AAPL,2026-04-24 13:48:00,271.51,271.56,271.32,271.38,69860.0,1m
AAPL,2026-04-24 13:49:00,271.4,271.75,271.39,271.72,71168.0,1m
AAPL,2026-04-24 13:50:00,271.72,271.96,271.66,271.92,59062.0,1m
AAPL,2026-04-24 13:51:00,271.91,271.94,271.71,271.73,69750.0,1m
AAPL,2026-04-24 13:52:00,271.71,271.9,271.58,271.82,53548.0,1m
AAPL,2026-04-24 13:53:00,271.81,272.04,271.78,271.99,60717.0,1m
AAPL,2026-04-24 13:54:00,271.98,272.07,271.87,271.97,49915.0,1m
AAPL,2026-04-24 13:55:00,271.96,271.96,271.7,271.8,47991.0,1m
AAPL,2026-04-24 13:56:00,271.81,271.85,271.49,271.51,63687.0,1m
AAPL,2026-04-24 13:57:00,271.52,271.83,271.52,271.71,66019.0,1m
AAPL,2026-04-24 13:58:00,271.68,271.79,271.44,271.45,55831.0,1m
AAPL,2026-04-24 13:59:00,271.44,271.7,271.31,271.64,52389.0,1m
AAPL,2026-04-24 14:00:00,271.67,271.69,271.48,271.51,29778.0,1m
AAPL,2026-04-24 14:01:00,271.51,271.58,271.22,271.56,58094.0,1m
AAPL,2026-04-24 14:02:00,271.56,271.57,271.16,271.2,50380.0,1m
AAPL,2026-04-24 14:03:00,271.2,271.54,271.19,271.34,49963.0,1m
AAPL,2026-04-24 14:04:00,271.31,271.69,271.26,271.66,37121.0,1m
AAPL,2026-04-24 14:05:00,271.64,271.8,271.64,271.69,69664.0,1m
AAPL,2026-04-24 14:06:00,271.66,271.73,271.53,271.6,42125.0,1m
AAPL,2026-04-24 14:07:00,271.58,271.63,271.08,271.12,56875.0,1m
AAPL,2026-04-24 14:08:00,271.13,271.21,270.91,270.91,74844.0,1m
AAPL,2026-04-24 14:09:00,270.91,271.29,270.91,271.15,34440.0,1m
AAPL,2026-04-24 14:10:00,271.18,271.41,271.04,271.22,25384.0,1m
AAPL,2026-04-24 14:11:00,271.23,271.44,271.16,271.38,33368.0,1m
AAPL,2026-04-24 14:12:00,271.41,271.47,271.3,271.42,43444.0,1m
AAPL,2026-04-24 14:13:00,271.44,271.54,271.39,271.47,32048.0,1m
AAPL,2026-04-24 14:14:00,271.45,271.63,271.43,271.55,61774.0,1m
AAPL,2026-04-24 14:15:00,271.54,271.72,271.49,271.7,30237.0,1m
AAPL,2026-04-24 14:16:00,271.69,271.7,271.55,271.59,52349.0,1m
AAPL,2026-04-24 14:17:00,271.61,272.01,271.57,271.99,61094.0,1m
AAPL,2026-04-24 14:18:00,271.97,272.07,271.87,271.95,43901.0,1m
AAPL,2026-04-24 14:19:00,271.91,272.27,271.9,272.27,40828.0,1m
AAPL,2026-04-24 14:20:00,272.26,272.33,272.08,272.26,68426.0,1m
AAPL,2026-04-24 14:21:00,272.25,272.32,272.13,272.23,55514.0,1m
AAPL,2026-04-24 14:22:00,272.24,272.27,272.04,272.06,50157.0,1m
AAPL,2026-04-24 14:23:00,272.07,272.25,271.97,272.2,57110.0,1m
AAPL,2026-04-24 14:24:00,272.17,272.4,272.17,272.29,34725.0,1m
AAPL,2026-04-24 14:25:00,272.28,272.39,272.18,272.27,39244.0,1m
AAPL,2026-04-24 14:26:00,272.28,272.3,272.06,272.15,32810.0,1m
AAPL,2026-04-24 14:27:00,272.15,272.29,272.08,272.21,61812.0,1m
AAPL,2026-04-24 14:28:00,272.19,272.22,272.05,272.12,55083.0,1m
AAPL,2026-04-24 14:29:00,272.11,272.22,271.99,272.07,50496.0,1m
AAPL,2026-04-24 14:30:00,272.12,272.28,272.09,272.12,33234.0,1m
AAPL,2026-04-24 14:31:00,272.11,272.23,272.09,272.19,17122.0,1m
AAPL,2026-04-24 14:32:00,272.18,272.37,272.17,272.2,51938.0,1m
AAPL,2026-04-24 14:33:00,272.21,272.3,272.15,272.17,27906.0,1m
AAPL,2026-04-24 14:34:00,272.19,272.28,272.15,272.23,23149.0,1m
AAPL,2026-04-24 14:35:00,272.23,272.23,272.05,272.08,23046.0,1m
AAPL,2026-04-24 14:36:00,272.09,272.18,272.01,272.11,17991.0,1m
AAPL,2026-04-24 14:37:00,272.11,272.27,272.0,272.18,32107.0,1m
AAPL,2026-04-24 14:38:00,272.15,272.6,272.15,272.45,61029.0,1m
AAPL,2026-04-24 14:39:00,272.45,272.5,272.25,272.25,19386.0,1m
AAPL,2026-04-24 14:40:00,272.25,272.33,272.15,272.17,30928.0,1m
AAPL,2026-04-24 14:41:00,272.15,272.25,272.05,272.08,18279.0,1m
AAPL,2026-04-24 14:42:00,272.1,272.16,272.01,272.13,38544.0,1m
AAPL,2026-04-24 14:43:00,272.12,272.23,272.12,272.23,22541.0,1m
AAPL,2026-04-24 14:44:00,272.21,272.24,271.86,271.88,34894.0,1m
AAPL,2026-04-24 14:45:00,271.9,271.91,271.61,271.63,40444.0,1m
AAPL,2026-04-24 14:46:00,271.63,271.97,271.62,271.91,44229.0,1m
AAPL,2026-04-24 14:47:00,271.91,272.11,271.9,271.96,22646.0,1m
AAPL,2026-04-24 14:48:00,271.94,272.12,271.94,272.04,21913.0,1m
AAPL,2026-04-24 14:49:00,272.03,272.03,271.88,272.01,19343.0,1m
AAPL,2026-04-24 14:50:00,272.01,272.11,271.97,272.02,20487.0,1m
AAPL,2026-04-24 14:51:00,272.03,272.13,271.93,271.99,24071.0,1m
AAPL,2026-04-24 14:52:00,271.96,272.03,271.91,271.93,17750.0,1m
AAPL,2026-04-24 14:53:00,271.93,271.94,271.81,271.82,29258.0,1m
AAPL,2026-04-24 14:54:00,271.83,271.87,271.73,271.86,22358.0,1m
AAPL,2026-04-24 14:55:00,271.85,271.9,271.66,271.69,44019.0,1m
AAPL,2026-04-24 14:56:00,271.67,271.73,271.6,271.6,18956.0,1m
AAPL,2026-04-24 14:57:00,271.6,271.68,271.55,271.58,26434.0,1m
AAPL,2026-04-24 14:58:00,271.59,271.59,271.35,271.39,39777.0,1m
AAPL,2026-04-24 14:59:00,271.38,271.49,271.28,271.46,36997.0,1m
AAPL,2026-04-24 15:00:00,271.47,271.63,271.4,271.44,31677.0,1m
AAPL,2026-04-24 15:01:00,271.44,271.48,271.3,271.39,15796.0,1m
AAPL,2026-04-24 15:02:00,271.38,271.5,271.32,271.38,29472.0,1m
AAPL,2026-04-24 15:03:00,271.37,271.37,271.19,271.21,26284.0,1m
AAPL,2026-04-24 15:04:00,271.22,271.36,271.1,271.12,41504.0,1m
AAPL,2026-04-24 15:05:00,271.09,271.24,271.08,271.22,22994.0,1m
AAPL,2026-04-24 15:06:00,271.21,271.23,271.11,271.11,27073.0,1m
AAPL,2026-04-24 15:07:00,271.1,271.16,270.95,271.06,44827.0,1m
AAPL,2026-04-24 15:08:00,271.06,271.06,270.93,271.03,21066.0,1m
AAPL,2026-04-24 15:09:00,271.04,271.07,270.7,270.74,58522.0,1m
AAPL,2026-04-24 15:10:00,270.73,271.08,270.68,271.02,59292.0,1m
AAPL,2026-04-24 15:11:00,271.01,271.13,270.98,271.06,41373.0,1m
AAPL,2026-04-24 15:12:00,271.05,271.16,270.98,271.05,29501.0,1m
AAPL,2026-04-24 15:13:00,271.05,271.13,271.01,271.02,27138.0,1m
AAPL,2026-04-24 15:14:00,271.01,271.08,270.92,271.03,26749.0,1m
AAPL,2026-04-24 15:15:00,271.05,271.17,271.04,271.09,41182.0,1m
AAPL,2026-04-24 15:16:00,271.08,271.15,271.03,271.09,51653.0,1m
AAPL,2026-04-24 15:17:00,271.07,271.08,270.93,271.0,34611.0,1m
AAPL,2026-04-24 15:18:00,271.02,271.1,270.95,271.09,28143.0,1m
AAPL,2026-04-24 15:19:00,271.07,271.1,270.93,270.98,33479.0,1m
AAPL,2026-04-24 15:20:00,270.98,271.09,270.95,271.08,23230.0,1m
AAPL,2026-04-24 15:21:00,271.06,271.09,271.0,271.0,17739.0,1m
AAPL,2026-04-24 15:22:00,271.02,271.19,271.02,271.19,38833.0,1m
AAPL,2026-04-24 15:23:00,271.2,271.23,271.13,271.16,32865.0,1m
AAPL,2026-04-24 15:24:00,271.16,271.19,270.93,270.93,34985.0,1m
AAPL,2026-04-24 15:25:00,270.91,271.02,270.84,270.96,27428.0,1m
AAPL,2026-04-24 15:26:00,270.97,270.97,270.84,270.88,40268.0,1m
AAPL,2026-04-24 15:27:00,270.9,270.91,270.68,270.71,36752.0,1m
AAPL,2026-04-24 15:28:00,270.72,270.79,270.66,270.7,38061.0,1m
AAPL,2026-04-24 15:29:00,270.73,270.73,270.57,270.68,46607.0,1m
AAPL,2026-04-24 15:30:00,270.69,270.69,270.55,270.67,47347.0,1m
AAPL,2026-04-24 15:31:00,270.67,270.69,270.52,270.54,27932.0,1m
AAPL,2026-04-24 15:32:00,270.54,270.59,270.46,270.49,44019.0,1m
AAPL,2026-04-24 15:33:00,270.49,270.49,270.4,270.42,29885.0,1m
AAPL,2026-04-24 15:34:00,270.42,270.54,270.4,270.47,35581.0,1m
AAPL,2026-04-24 15:35:00,270.46,270.46,270.32,270.32,45025.0,1m
AAPL,2026-04-24 15:36:00,270.32,270.35,270.1,270.12,56816.0,1m
AAPL,2026-04-24 15:37:00,270.12,270.24,270.12,270.16,41759.0,1m
AAPL,2026-04-24 15:38:00,270.16,270.17,270.05,270.11,29946.0,1m
AAPL,2026-04-24 15:39:00,270.11,270.18,269.9,269.96,115951.0,1m
AAPL,2026-04-24 15:40:00,269.95,270.04,269.89,269.98,57232.0,1m
AAPL,2026-04-24 15:41:00,269.96,270.15,269.8,270.14,93938.0,1m
AAPL,2026-04-24 15:42:00,270.12,270.29,270.1,270.24,64229.0,1m
AAPL,2026-04-24 15:43:00,270.23,270.28,269.96,269.97,78141.0,1m
AAPL,2026-04-24 15:44:00,269.97,270.63,269.88,270.43,134011.0,1m
AAPL,2026-04-24 15:45:00,270.45,270.7,270.0,270.05,106761.0,1m
AAPL,2026-04-24 15:46:00,270.02,270.24,269.92,270.15,43456.0,1m
AAPL,2026-04-24 15:47:00,270.13,270.39,270.13,270.26,33656.0,1m
AAPL,2026-04-24 15:48:00,270.28,270.4,270.22,270.24,49116.0,1m
AAPL,2026-04-24 15:49:00,270.22,270.52,270.21,270.51,93757.0,1m
AAPL,2026-04-24 15:50:00,270.53,270.76,270.43,270.73,94729.0,1m
AAPL,2026-04-24 15:51:00,270.72,270.8,270.54,270.57,58967.0,1m
AAPL,2026-04-24 15:52:00,270.55,270.75,270.42,270.71,56024.0,1m
AAPL,2026-04-24 15:53:00,270.69,270.86,270.69,270.86,38127.0,1m
AAPL,2026-04-24 15:54:00,270.85,271.14,270.83,270.98,47835.0,1m
AAPL,2026-04-24 15:55:00,270.96,271.06,270.69,270.69,45791.0,1m
AAPL,2026-04-24 15:56:00,270.65,270.89,270.64,270.87,59347.0,1m
AAPL,2026-04-24 15:57:00,270.87,271.06,270.83,271.03,43856.0,1m
AAPL,2026-04-24 15:58:00,271.05,271.18,271.01,271.12,35417.0,1m
AAPL,2026-04-24 15:59:00,271.12,271.12,270.98,271.03,22285.0,1m
AAPL,2026-04-24 16:00:00,271.03,271.15,270.92,271.14,19367.0,1m
AAPL,2026-04-24 16:01:00,271.12,271.12,270.98,270.99,21934.0,1m
AAPL,2026-04-24 16:02:00,270.99,271.05,270.93,270.97,17087.0,1m
AAPL,2026-04-24 16:03:00,270.95,270.96,270.73,270.84,35725.0,1m
AAPL,2026-04-24 16:04:00,270.83,270.89,270.76,270.88,16176.0,1m
AAPL,2026-04-24 16:05:00,270.89,271.01,270.86,270.95,20846.0,1m
AAPL,2026-04-24 16:06:00,270.96,271.14,270.95,271.01,33960.0,1m
AAPL,2026-04-24 16:07:00,271.01,271.02,270.88,270.89,16554.0,1m
AAPL,2026-04-24 16:08:00,270.89,271.06,270.87,271.01,28929.0,1m
AAPL,2026-04-24 16:09:00,271.0,271.12,270.96,271.12,25382.0,1m
AAPL,2026-04-24 16:10:00,271.12,271.3,271.1,271.3,63176.0,1m
AAPL,2026-04-24 16:11:00,271.3,271.54,271.28,271.53,40938.0,1m
AAPL,2026-04-24 16:12:00,271.54,271.66,271.53,271.59,37407.0,1m
AAPL,2026-04-24 16:13:00,271.58,271.69,271.57,271.68,31981.0,1m
AAPL,2026-04-24 16:14:00,271.68,271.68,271.53,271.6,41471.0,1m
AAPL,2026-04-24 16:15:00,271.58,271.6,271.42,271.46,25356.0,1m
AAPL,2026-04-24 16:16:00,271.47,271.55,271.44,271.5,16863.0,1m
AAPL,2026-04-24 16:17:00,271.5,271.52,271.36,271.44,20970.0,1m
AAPL,2026-04-24 16:18:00,271.44,271.45,271.23,271.31,46467.0,1m
AAPL,2026-04-24 16:19:00,271.32,271.32,271.13,271.21,54101.0,1m
AAPL,2026-04-24 16:20:00,271.2,271.22,271.12,271.13,20328.0,1m
AAPL,2026-04-24 16:21:00,271.13,271.22,271.13,271.16,14731.0,1m
AAPL,2026-04-24 16:22:00,271.15,271.21,271.11,271.19,23202.0,1m
AAPL,2026-04-24 16:23:00,271.19,271.26,271.19,271.22,14392.0,1m
AAPL,2026-04-24 16:24:00,271.22,271.22,271.02,271.02,24375.0,1m
AAPL,2026-04-24 16:25:00,271.04,271.13,270.98,271.0,16660.0,1m
AAPL,2026-04-24 16:26:00,271.0,271.09,270.99,271.09,18478.0,1m
AAPL,2026-04-24 16:27:00,271.07,271.14,271.0,271.06,18184.0,1m
AAPL,2026-04-24 16:28:00,271.05,271.12,271.01,271.1,11550.0,1m
AAPL,2026-04-24 16:29:00,271.12,271.12,270.98,271.0,25858.0,1m
AAPL,2026-04-24 16:30:00,271.0,271.09,271.0,271.03,20903.0,1m
AAPL,2026-04-24 16:31:00,271.02,271.16,271.02,271.06,17928.0,1m
AAPL,2026-04-24 16:32:00,271.05,271.15,271.01,271.11,22789.0,1m
AAPL,2026-04-24 16:33:00,271.11,271.12,270.91,270.95,22687.0,1m
AAPL,2026-04-24 16:34:00,270.95,271.02,270.87,270.92,25445.0,1m
AAPL,2026-04-24 16:35:00,270.9,270.93,270.65,270.66,27077.0,1m
AAPL,2026-04-24 16:36:00,270.66,270.81,270.66,270.69,28353.0,1m
AAPL,2026-04-24 16:37:00,270.68,270.7,270.51,270.55,41035.0,1m
AAPL,2026-04-24 16:38:00,270.54,270.68,270.5,270.59,25944.0,1m
AAPL,2026-04-24 16:39:00,270.57,270.61,270.49,270.54,19983.0,1m
AAPL,2026-04-24 16:40:00,270.55,270.55,270.42,270.48,16427.0,1m
AAPL,2026-04-24 16:41:00,270.48,270.57,270.46,270.53,29273.0,1m
AAPL,2026-04-24 16:42:00,270.54,270.54,270.41,270.44,18281.0,1m
AAPL,2026-04-24 16:43:00,270.43,270.44,270.35,270.37,14324.0,1m
AAPL,2026-04-24 16:44:00,270.37,270.48,270.36,270.42,23770.0,1m
AAPL,2026-04-24 16:45:00,270.4,270.46,270.3,270.33,35141.0,1m
AAPL,2026-04-24 16:46:00,270.35,270.35,270.21,270.26,32500.0,1m
AAPL,2026-04-24 16:47:00,270.26,270.26,270.06,270.07,28442.0,1m
AAPL,2026-04-24 16:48:00,270.08,270.22,270.08,270.14,29592.0,1m
AAPL,2026-04-24 16:49:00,270.14,270.32,270.09,270.31,26235.0,1m
AAPL,2026-04-24 16:50:00,270.29,270.33,270.23,270.28,26833.0,1m
AAPL,2026-04-24 16:51:00,270.28,270.49,270.24,270.48,42227.0,1m
AAPL,2026-04-24 16:52:00,270.47,270.53,270.39,270.5,52215.0,1m
AAPL,2026-04-24 16:53:00,270.5,270.5,270.44,270.49,14769.0,1m
AAPL,2026-04-24 16:54:00,270.49,270.57,270.49,270.53,28314.0,1m
AAPL,2026-04-24 16:55:00,270.52,270.58,270.5,270.5,20146.0,1m
AAPL,2026-04-24 16:56:00,270.5,270.56,270.49,270.5,17653.0,1m
AAPL,2026-04-24 16:57:00,270.5,270.53,270.41,270.46,29689.0,1m
AAPL,2026-04-24 16:58:00,270.46,270.58,270.44,270.44,24081.0,1m
AAPL,2026-04-24 16:59:00,270.44,270.48,270.41,270.48,12215.0,1m
AAPL,2026-04-24 17:00:00,270.47,270.6,270.47,270.55,15257.0,1m
AAPL,2026-04-24 17:01:00,270.55,270.56,270.45,270.46,17333.0,1m
AAPL,2026-04-24 17:02:00,270.48,270.55,270.43,270.46,33072.0,1m
AAPL,2026-04-24 17:03:00,270.45,270.46,270.31,270.34,32245.0,1m
AAPL,2026-04-24 17:04:00,270.32,270.34,270.22,270.26,26296.0,1m
AAPL,2026-04-24 17:05:00,270.26,270.28,270.14,270.16,62976.0,1m
AAPL,2026-04-24 17:06:00,270.15,270.2,270.12,270.18,28722.0,1m
AAPL,2026-04-24 17:07:00,270.17,270.2,269.96,270.06,67311.0,1m
AAPL,2026-04-24 17:08:00,270.05,270.07,269.84,269.87,67251.0,1m
AAPL,2026-04-24 17:09:00,269.88,269.95,269.78,269.78,56641.0,1m
AAPL,2026-04-24 17:10:00,269.79,269.95,269.78,269.94,23099.0,1m
AAPL,2026-04-24 17:11:00,269.97,269.98,269.87,269.88,37518.0,1m
AAPL,2026-04-24 17:12:00,269.9,269.94,269.87,269.88,23516.0,1m
AAPL,2026-04-24 17:13:00,269.88,269.91,269.78,269.87,33939.0,1m
AAPL,2026-04-24 17:14:00,269.87,269.97,269.86,269.96,25122.0,1m
AAPL,2026-04-24 17:15:00,269.95,270.08,269.91,269.96,47108.0,1m
AAPL,2026-04-24 17:16:00,269.96,269.99,269.87,269.88,45783.0,1m
AAPL,2026-04-24 17:17:00,269.87,269.9,269.81,269.85,33006.0,1m
AAPL,2026-04-24 17:18:00,269.85,269.86,269.73,269.78,58007.0,1m
AAPL,2026-04-24 17:19:00,269.79,269.81,269.73,269.81,39837.0,1m
AAPL,2026-04-24 17:20:00,269.79,269.81,269.65,269.71,46682.0,1m
AAPL,2026-04-24 17:21:00,269.71,269.85,269.7,269.85,26388.0,1m
AAPL,2026-04-24 17:22:00,269.85,269.95,269.84,269.89,26043.0,1m
AAPL,2026-04-24 17:23:00,269.88,270.05,269.86,269.94,51906.0,1m
AAPL,2026-04-24 17:24:00,269.94,270.07,269.94,269.98,29348.0,1m
AAPL,2026-04-24 17:25:00,269.99,270.02,269.8,269.86,50386.0,1m
AAPL,2026-04-24 17:26:00,269.84,270.01,269.82,269.9,31628.0,1m
AAPL,2026-04-24 17:27:00,269.89,270.0,269.89,269.91,66240.0,1m
AAPL,2026-04-24 17:28:00,269.92,270.23,269.92,270.13,65413.0,1m
AAPL,2026-04-24 17:29:00,270.12,270.25,270.06,270.06,27703.0,1m
AAPL,2026-04-24 17:30:00,270.06,270.08,269.92,269.97,41228.0,1m
AAPL,2026-04-24 17:31:00,269.95,270.05,269.87,270.02,27715.0,1m
AAPL,2026-04-24 17:32:00,270.01,270.06,269.99,270.0,17185.0,1m
AAPL,2026-04-24 17:33:00,270.01,270.14,269.96,270.1,40823.0,1m
AAPL,2026-04-24 17:34:00,270.12,270.14,270.05,270.11,16676.0,1m
AAPL,2026-04-24 17:35:00,270.09,270.12,269.86,269.91,71681.0,1m
AAPL,2026-04-24 17:36:00,269.9,270.01,269.85,269.99,34932.0,1m
AAPL,2026-04-24 17:37:00,269.99,270.17,269.97,270.16,30112.0,1m
AAPL,2026-04-24 17:38:00,270.16,270.16,270.02,270.11,31773.0,1m
AAPL,2026-04-24 17:39:00,270.1,270.16,270.06,270.14,14163.0,1m
AAPL,2026-04-24 17:40:00,270.16,270.17,270.03,270.04,19704.0,1m
AAPL,2026-04-24 17:41:00,270.03,270.14,270.01,270.13,33027.0,1m
AAPL,2026-04-24 17:42:00,270.13,270.14,270.03,270.07,29073.0,1m
AAPL,2026-04-24 17:43:00,270.09,270.1,270.0,270.05,35210.0,1m
AAPL,2026-04-24 17:44:00,270.04,270.08,269.96,270.03,20108.0,1m
AAPL,2026-04-24 17:45:00,270.03,270.06,270.0,270.0,18587.0,1m
AAPL,2026-04-24 17:46:00,270.0,270.06,269.98,270.01,27500.0,1m
AAPL,2026-04-24 17:47:00,270.02,270.08,269.99,270.06,26647.0,1m
AAPL,2026-04-24 17:48:00,270.08,270.11,270.03,270.03,13970.0,1m
AAPL,2026-04-24 17:49:00,270.02,270.12,269.96,269.97,17079.0,1m
AAPL,2026-04-24 17:50:00,269.98,270.05,269.96,270.0,12493.0,1m
AAPL,2026-04-24 17:51:00,270.0,270.07,269.97,270.06,15071.0,1m
AAPL,2026-04-24 17:52:00,270.06,270.18,270.04,270.18,24567.0,1m
AAPL,2026-04-24 17:53:00,270.18,270.19,270.02,270.02,45770.0,1m
AAPL,2026-04-24 17:54:00,270.01,270.31,269.9,269.94,122915.0,1m
AAPL,2026-04-24 17:55:00,269.94,269.96,269.8,269.86,66536.0,1m
AAPL,2026-04-24 17:56:00,269.86,269.97,269.8,269.93,37759.0,1m
AAPL,2026-04-24 17:57:00,269.92,269.95,269.83,269.87,31247.0,1m
AAPL,2026-04-24 17:58:00,269.87,269.97,269.86,269.89,38204.0,1m
AAPL,2026-04-24 17:59:00,269.89,269.89,269.76,269.81,36186.0,1m
AAPL,2026-04-24 18:00:00,269.8,269.88,269.71,269.72,43458.0,1m
AAPL,2026-04-24 18:01:00,269.73,269.99,269.73,269.87,45000.0,1m
AAPL,2026-04-24 18:02:00,269.89,269.91,269.8,269.84,32797.0,1m
AAPL,2026-04-24 18:03:00,269.84,269.97,269.82,269.86,28420.0,1m
AAPL,2026-04-24 18:04:00,269.86,269.95,269.83,269.94,39730.0,1m
AAPL,2026-04-24 18:05:00,269.93,270.04,269.81,269.84,40604.0,1m
AAPL,2026-04-24 18:06:00,269.84,270.04,269.83,269.91,99214.0,1m
AAPL,2026-04-24 18:07:00,269.92,270.05,269.91,269.95,19910.0,1m
AAPL,2026-04-24 18:08:00,269.96,270.08,269.89,269.98,22655.0,1m
AAPL,2026-04-24 18:09:00,269.99,269.99,269.87,269.91,74848.0,1m
AAPL,2026-04-24 18:10:00,269.92,270.03,269.91,269.97,17216.0,1m
AAPL,2026-04-24 18:11:00,269.97,270.07,269.96,270.02,67012.0,1m
AAPL,2026-04-24 18:12:00,270.04,270.1,270.0,270.06,40459.0,1m
AAPL,2026-04-24 18:13:00,270.06,270.17,270.05,270.07,53432.0,1m
AAPL,2026-04-24 18:14:00,270.06,270.17,270.03,270.17,24161.0,1m
AAPL,2026-04-24 18:15:00,270.17,270.22,270.12,270.13,24965.0,1m
AAPL,2026-04-24 18:16:00,270.15,270.19,270.03,270.12,40073.0,1m
AAPL,2026-04-24 18:17:00,270.13,270.14,270.03,270.04,17454.0,1m
AAPL,2026-04-24 18:18:00,270.03,270.08,270.02,270.06,16465.0,1m
AAPL,2026-04-24 18:19:00,270.06,270.12,270.04,270.08,14846.0,1m
AAPL,2026-04-24 18:20:00,270.07,270.08,269.98,270.04,27075.0,1m
AAPL,2026-04-24 18:21:00,270.04,270.11,270.02,270.04,28978.0,1m
AAPL,2026-04-24 18:22:00,270.04,270.09,270.01,270.01,14061.0,1m
AAPL,2026-04-24 18:23:00,270.0,270.1,270.0,270.1,18894.0,1m
AAPL,2026-04-24 18:24:00,270.1,270.1,270.0,270.03,10744.0,1m
AAPL,2026-04-24 18:25:00,270.01,270.05,269.95,270.03,16508.0,1m
AAPL,2026-04-24 18:26:00,270.02,270.04,269.96,269.99,17243.0,1m
AAPL,2026-04-24 18:27:00,270.01,270.03,269.9,269.94,25613.0,1m
AAPL,2026-04-24 18:28:00,269.95,269.96,269.9,269.92,27055.0,1m
AAPL,2026-04-24 18:29:00,269.92,269.97,269.92,269.96,22444.0,1m
AAPL,2026-04-24 18:30:00,269.97,270.06,269.95,269.98,32735.0,1m
AAPL,2026-04-24 18:31:00,269.96,269.97,269.86,269.89,32804.0,1m
AAPL,2026-04-24 18:32:00,269.91,270.01,269.86,269.95,24019.0,1m
AAPL,2026-04-24 18:33:00,269.95,270.0,269.93,269.99,15322.0,1m
AAPL,2026-04-24 18:34:00,269.98,270.04,269.94,269.94,19197.0,1m
AAPL,2026-04-24 18:35:00,269.94,270.0,269.94,269.95,21808.0,1m
AAPL,2026-04-24 18:36:00,269.94,270.03,269.91,270.02,19802.0,1m
AAPL,2026-04-24 18:37:00,270.01,270.08,269.98,270.0,37542.0,1m
AAPL,2026-04-24 18:38:00,270.01,270.23,270.01,270.22,37358.0,1m
AAPL,2026-04-24 18:39:00,270.21,270.24,270.17,270.22,29753.0,1m
AAPL,2026-04-24 18:40:00,270.21,270.32,270.2,270.32,37064.0,1m
AAPL,2026-04-24 18:41:00,270.31,270.38,270.29,270.36,37024.0,1m
AAPL,2026-04-24 18:42:00,270.36,270.37,270.23,270.26,42127.0,1m
AAPL,2026-04-24 18:43:00,270.27,270.34,270.21,270.34,20435.0,1m
AAPL,2026-04-24 18:44:00,270.35,270.35,270.27,270.33,21224.0,1m
AAPL,2026-04-24 18:45:00,270.32,270.32,270.18,270.18,31706.0,1m
AAPL,2026-04-24 18:46:00,270.18,270.21,270.13,270.13,24823.0,1m
AAPL,2026-04-24 18:47:00,270.13,270.2,270.12,270.13,22397.0,1m
AAPL,2026-04-24 18:48:00,270.14,270.15,270.04,270.09,19644.0,1m
AAPL,2026-04-24 18:49:00,270.08,270.12,269.99,270.0,34076.0,1m
AAPL,2026-04-24 18:50:00,270.0,270.11,270.0,270.07,16486.0,1m
AAPL,2026-04-24 18:51:00,270.06,270.11,270.05,270.05,21141.0,1m
AAPL,2026-04-24 18:52:00,270.07,270.13,270.05,270.05,15494.0,1m
AAPL,2026-04-24 18:53:00,270.06,270.12,270.0,270.04,28233.0,1m
AAPL,2026-04-24 18:54:00,270.05,270.05,269.97,270.0,20071.0,1m
AAPL,2026-04-24 18:55:00,270.02,270.14,270.01,270.14,27353.0,1m
AAPL,2026-04-24 18:56:00,270.13,270.24,270.08,270.16,33733.0,1m
AAPL,2026-04-24 18:57:00,270.18,270.21,270.16,270.17,19829.0,1m
AAPL,2026-04-24 18:58:00,270.16,270.2,270.14,270.16,21450.0,1m
AAPL,2026-04-24 18:59:00,270.17,270.17,270.07,270.11,29378.0,1m
AAPL,2026-04-24 19:00:00,270.12,270.21,270.1,270.14,26298.0,1m
AAPL,2026-04-24 19:01:00,270.13,270.16,270.1,270.1,15617.0,1m
AAPL,2026-04-24 19:02:00,270.11,270.12,270.0,270.01,46989.0,1m
AAPL,2026-04-24 19:03:00,270.02,270.05,269.9,269.94,40266.0,1m
AAPL,2026-04-24 19:04:00,269.94,270.12,269.94,270.1,23838.0,1m
AAPL,2026-04-24 19:05:00,270.08,270.11,270.04,270.06,15115.0,1m
AAPL,2026-04-24 19:06:00,270.06,270.19,270.04,270.19,32440.0,1m
AAPL,2026-04-24 19:07:00,270.2,270.3,270.18,270.28,75409.0,1m
AAPL,2026-04-24 19:08:00,270.29,270.32,270.15,270.21,46897.0,1m
AAPL,2026-04-24 19:09:00,270.21,270.39,270.2,270.24,128304.0,1m
AAPL,2026-04-24 19:10:00,270.25,270.31,270.21,270.25,19640.0,1m
AAPL,2026-04-24 19:11:00,270.27,270.31,270.23,270.28,17736.0,1m
AAPL,2026-04-24 19:12:00,270.28,270.33,270.24,270.31,22368.0,1m
AAPL,2026-04-24 19:13:00,270.3,270.31,270.19,270.21,33024.0,1m
AAPL,2026-04-24 19:14:00,270.21,270.26,270.18,270.21,31197.0,1m
AAPL,2026-04-24 19:15:00,270.21,270.31,270.21,270.29,36047.0,1m
AAPL,2026-04-24 19:16:00,270.29,270.3,270.22,270.25,22798.0,1m
AAPL,2026-04-24 19:17:00,270.25,270.28,270.23,270.24,26057.0,1m
AAPL,2026-04-24 19:18:00,270.23,270.26,270.21,270.25,20753.0,1m
AAPL,2026-04-24 19:19:00,270.24,270.27,270.14,270.21,25651.0,1m
AAPL,2026-04-24 19:20:00,270.19,270.24,270.12,270.16,30169.0,1m
AAPL,2026-04-24 19:21:00,270.14,270.14,270.03,270.11,34245.0,1m
AAPL,2026-04-24 19:22:00,270.1,270.12,270.03,270.03,31469.0,1m
AAPL,2026-04-24 19:23:00,270.04,270.07,270.0,270.04,20263.0,1m
AAPL,2026-04-24 19:24:00,270.04,270.06,269.98,270.06,35385.0,1m
AAPL,2026-04-24 19:25:00,270.04,270.06,269.95,269.96,28525.0,1m
AAPL,2026-04-24 19:26:00,269.98,270.05,269.92,270.04,34213.0,1m
AAPL,2026-04-24 19:27:00,270.04,270.04,269.95,270.03,28941.0,1m
AAPL,2026-04-24 19:28:00,270.03,270.07,269.96,270.07,37955.0,1m
AAPL,2026-04-24 19:29:00,270.07,270.16,270.03,270.09,38893.0,1m
AAPL,2026-04-24 19:30:00,270.1,270.2,270.03,270.13,53628.0,1m
AAPL,2026-04-24 19:31:00,270.12,270.17,270.06,270.14,31707.0,1m
AAPL,2026-04-24 19:32:00,270.15,270.17,270.0,270.05,34946.0,1m
AAPL,2026-04-24 19:33:00,270.06,270.12,270.02,270.03,49298.0,1m
AAPL,2026-04-24 19:34:00,270.04,270.14,270.03,270.11,19865.0,1m
AAPL,2026-04-24 19:35:00,270.11,270.13,270.02,270.1,27673.0,1m
AAPL,2026-04-24 19:36:00,270.09,270.18,270.09,270.17,33223.0,1m
AAPL,2026-04-24 19:37:00,270.17,270.27,270.17,270.26,36505.0,1m
AAPL,2026-04-24 19:38:00,270.26,270.33,270.25,270.29,40785.0,1m
AAPL,2026-04-24 19:39:00,270.3,270.37,270.11,270.18,110527.0,1m
AAPL,2026-04-24 19:40:00,270.18,270.3,270.16,270.28,32840.0,1m
AAPL,2026-04-24 19:41:00,270.28,270.51,270.27,270.48,103967.0,1m
AAPL,2026-04-24 19:42:00,270.48,270.5,270.31,270.41,58915.0,1m
AAPL,2026-04-24 19:43:00,270.4,270.46,270.37,270.44,25092.0,1m
AAPL,2026-04-24 19:44:00,270.46,270.53,270.45,270.5,26000.0,1m
AAPL,2026-04-24 19:45:00,270.5,270.65,270.47,270.61,69181.0,1m
AAPL,2026-04-24 19:46:00,270.6,270.61,270.48,270.5,46740.0,1m
AAPL,2026-04-24 19:47:00,270.5,270.66,270.5,270.62,60852.0,1m
AAPL,2026-04-24 19:48:00,270.62,270.72,270.58,270.67,52578.0,1m
AAPL,2026-04-24 19:49:00,270.66,270.8,270.63,270.8,55259.0,1m
AAPL,2026-04-24 19:50:00,270.8,271.12,270.8,270.97,111641.0,1m
AAPL,2026-04-24 19:51:00,270.96,271.07,270.93,271.0,72101.0,1m
AAPL,2026-04-24 19:52:00,270.98,270.99,270.83,270.87,105326.0,1m
AAPL,2026-04-24 19:53:00,270.87,271.22,270.83,271.14,146113.0,1m
AAPL,2026-04-24 19:54:00,271.13,271.3,270.99,271.19,97958.0,1m
AAPL,2026-04-24 19:55:00,271.17,271.48,271.02,271.18,213088.0,1m
AAPL,2026-04-24 19:56:00,271.19,271.34,271.18,271.31,189338.0,1m
AAPL,2026-04-24 19:57:00,271.31,271.34,271.18,271.24,255330.0,1m
AAPL,2026-04-24 19:58:00,271.23,271.26,271.08,271.11,342334.0,1m
AAPL,2026-04-24 19:59:00,271.11,271.15,270.89,271.06,1038426.0,1m
AAPL,2026-04-27 13:30:00,266.09,266.85,265.07,266.53,1421925.0,1m
AAPL,2026-04-27 13:31:00,266.53,267.76,266.49,267.58,370027.0,1m
AAPL,2026-04-27 13:32:00,267.57,267.88,267.11,267.19,216496.0,1m
AAPL,2026-04-27 13:33:00,267.2,267.2,266.45,266.45,116996.0,1m
AAPL,2026-04-27 13:34:00,266.48,266.51,265.7,266.15,122398.0,1m
AAPL,2026-04-27 13:35:00,266.18,267.05,266.11,266.79,297892.0,1m
AAPL,2026-04-27 13:36:00,266.76,267.04,266.57,266.99,96532.0,1m
AAPL,2026-04-27 13:37:00,267.04,267.19,266.46,266.53,180239.0,1m
AAPL,2026-04-27 13:38:00,266.54,266.64,266.12,266.2,140294.0,1m
AAPL,2026-04-27 13:39:00,266.19,267.25,266.1,267.2,165340.0,1m
AAPL,2026-04-27 13:40:00,267.17,267.44,267.03,267.26,163707.0,1m
AAPL,2026-04-27 13:41:00,267.26,267.74,267.21,267.67,133769.0,1m
AAPL,2026-04-27 13:42:00,267.69,267.69,267.31,267.62,81262.0,1m
AAPL,2026-04-27 13:43:00,267.59,267.6,267.32,267.41,86014.0,1m
AAPL,2026-04-27 13:44:00,267.43,267.74,267.25,267.49,91279.0,1m
AAPL,2026-04-27 13:45:00,267.49,267.8,267.31,267.77,115325.0,1m
AAPL,2026-04-27 13:46:00,267.75,268.13,267.74,267.86,151919.0,1m
AAPL,2026-04-27 13:47:00,267.83,267.92,267.53,267.63,90634.0,1m
AAPL,2026-04-27 13:48:00,267.66,268.11,267.6,267.92,77142.0,1m
AAPL,2026-04-27 13:49:00,267.94,268.09,267.87,267.97,98148.0,1m
AAPL,2026-04-27 13:50:00,267.98,268.24,267.88,267.9,130638.0,1m
AAPL,2026-04-27 13:51:00,267.85,267.92,267.52,267.92,103935.0,1m
AAPL,2026-04-27 13:52:00,267.91,267.98,267.57,267.71,57583.0,1m
AAPL,2026-04-27 13:53:00,267.71,267.87,267.6,267.63,53260.0,1m
AAPL,2026-04-27 13:54:00,267.65,267.98,267.42,267.92,90459.0,1m
AAPL,2026-04-27 13:55:00,267.92,267.92,267.63,267.81,61128.0,1m
AAPL,2026-04-27 13:56:00,267.84,268.11,267.7,268.06,85235.0,1m
AAPL,2026-04-27 13:57:00,268.1,268.25,268.05,268.15,58057.0,1m
AAPL,2026-04-27 13:58:00,268.14,268.36,268.14,268.26,64474.0,1m
AAPL,2026-04-27 13:59:00,268.29,268.36,268.06,268.13,66451.0,1m
AAPL,2026-04-27 14:00:00,268.13,268.2,268.01,268.13,63979.0,1m
AAPL,2026-04-27 14:01:00,268.12,268.18,267.79,267.94,108260.0,1m
AAPL,2026-04-27 14:02:00,267.94,268.16,267.84,267.9,65434.0,1m
AAPL,2026-04-27 14:03:00,267.94,268.01,267.84,267.91,27673.0,1m
AAPL,2026-04-27 14:04:00,267.91,267.91,267.24,267.26,80844.0,1m
AAPL,2026-04-27 14:05:00,267.26,267.47,267.24,267.33,45127.0,1m
AAPL,2026-04-27 14:06:00,267.34,267.53,267.34,267.39,41648.0,1m
AAPL,2026-04-27 14:07:00,267.38,267.52,267.2,267.23,39992.0,1m
AAPL,2026-04-27 14:08:00,267.23,267.27,267.12,267.13,53354.0,1m
AAPL,2026-04-27 14:09:00,267.15,267.51,267.11,267.49,49759.0,1m
AAPL,2026-04-27 14:10:00,267.49,267.79,267.48,267.79,62966.0,1m
AAPL,2026-04-27 14:11:00,267.77,268.0,267.67,267.7,51728.0,1m
AAPL,2026-04-27 14:12:00,267.71,267.71,267.27,267.43,46399.0,1m
AAPL,2026-04-27 14:13:00,267.48,267.53,267.22,267.23,35362.0,1m
AAPL,2026-04-27 14:14:00,267.24,267.39,267.13,267.39,56298.0,1m
AAPL,2026-04-27 14:15:00,267.38,267.54,267.36,267.4,28726.0,1m
AAPL,2026-04-27 14:16:00,267.43,267.52,267.31,267.52,40895.0,1m
AAPL,2026-04-27 14:17:00,267.53,267.74,267.49,267.67,42434.0,1m
AAPL,2026-04-27 14:18:00,267.67,267.7,267.55,267.61,40898.0,1m
AAPL,2026-04-27 14:19:00,267.63,267.68,267.5,267.68,40730.0,1m
AAPL,2026-04-27 14:20:00,267.64,267.65,267.43,267.48,78788.0,1m
AAPL,2026-04-27 14:21:00,267.48,267.55,267.38,267.4,69532.0,1m
AAPL,2026-04-27 14:22:00,267.41,267.6,267.39,267.57,41311.0,1m
AAPL,2026-04-27 14:23:00,267.59,267.59,267.29,267.44,41003.0,1m
AAPL,2026-04-27 14:24:00,267.46,267.54,267.34,267.43,32407.0,1m
AAPL,2026-04-27 14:25:00,267.43,267.47,267.28,267.34,32732.0,1m
AAPL,2026-04-27 14:26:00,267.33,267.41,267.28,267.3,36376.0,1m
AAPL,2026-04-27 14:27:00,267.27,267.35,267.21,267.31,26977.0,1m
AAPL,2026-04-27 14:28:00,267.31,267.39,267.21,267.23,20075.0,1m
AAPL,2026-04-27 14:29:00,267.24,267.38,267.18,267.36,34276.0,1m
AAPL,2026-04-27 14:30:00,267.39,267.51,267.38,267.5,33870.0,1m
AAPL,2026-04-27 14:31:00,267.49,267.68,267.49,267.63,58196.0,1m
AAPL,2026-04-27 14:32:00,267.62,267.77,267.59,267.7,49011.0,1m
AAPL,2026-04-27 14:33:00,267.7,267.72,267.49,267.62,39083.0,1m
AAPL,2026-04-27 14:34:00,267.61,267.8,267.53,267.56,26455.0,1m
AAPL,2026-04-27 14:35:00,267.5,267.7,267.14,267.5,96195.0,1m
AAPL,2026-04-27 14:36:00,267.48,267.62,267.35,267.4,70083.0,1m
AAPL,2026-04-27 14:37:00,267.38,267.41,267.23,267.33,23788.0,1m
AAPL,2026-04-27 14:38:00,267.33,267.36,267.15,267.33,29839.0,1m
AAPL,2026-04-27 14:39:00,267.32,267.42,267.24,267.37,37517.0,1m
AAPL,2026-04-27 14:40:00,267.38,267.44,267.2,267.22,47440.0,1m
AAPL,2026-04-27 14:41:00,267.23,267.29,267.15,267.25,33046.0,1m
AAPL,2026-04-27 14:42:00,267.22,267.26,267.05,267.13,53896.0,1m
AAPL,2026-04-27 14:43:00,267.15,267.18,267.08,267.11,24611.0,1m
AAPL,2026-04-27 14:44:00,267.15,267.23,267.12,267.19,22858.0,1m
AAPL,2026-04-27 14:45:00,267.19,267.26,267.13,267.15,30344.0,1m
AAPL,2026-04-27 14:46:00,267.17,267.31,267.16,267.3,39243.0,1m
AAPL,2026-04-27 14:47:00,267.3,267.3,267.15,267.2,17733.0,1m
AAPL,2026-04-27 14:48:00,267.18,267.22,267.12,267.13,23403.0,1m
AAPL,2026-04-27 14:49:00,267.13,267.13,267.0,267.09,69819.0,1m
AAPL,2026-04-27 14:50:00,267.08,267.14,266.9,266.9,74974.0,1m
AAPL,2026-04-27 14:51:00,266.9,266.92,266.73,266.74,46496.0,1m
AAPL,2026-04-27 14:52:00,266.73,266.96,266.72,266.86,41962.0,1m
AAPL,2026-04-27 14:53:00,266.87,266.87,266.73,266.8,27431.0,1m
AAPL,2026-04-27 14:54:00,266.81,266.83,266.67,266.79,55610.0,1m
AAPL,2026-04-27 14:55:00,266.8,266.88,266.78,266.83,21368.0,1m
AAPL,2026-04-27 14:56:00,266.81,266.94,266.8,266.85,24332.0,1m
AAPL,2026-04-27 14:57:00,266.84,266.89,266.78,266.87,25791.0,1m
AAPL,2026-04-27 14:58:00,266.88,267.09,266.84,267.06,32835.0,1m
AAPL,2026-04-27 14:59:00,267.06,267.2,267.02,267.16,23123.0,1m
AAPL,2026-04-27 15:00:00,267.18,267.34,267.18,267.31,38173.0,1m
AAPL,2026-04-27 15:01:00,267.32,267.32,267.13,267.14,23964.0,1m
AAPL,2026-04-27 15:02:00,267.14,267.14,267.0,267.06,33887.0,1m
AAPL,2026-04-27 15:03:00,267.07,267.25,267.06,267.25,27120.0,1m
AAPL,2026-04-27 15:04:00,267.26,267.29,267.2,267.22,30702.0,1m
AAPL,2026-04-27 15:05:00,267.22,267.48,267.2,267.44,56094.0,1m
AAPL,2026-04-27 15:06:00,267.43,267.51,267.39,267.45,39777.0,1m
AAPL,2026-04-27 15:07:00,267.45,267.56,267.34,267.5,37803.0,1m
AAPL,2026-04-27 15:08:00,267.51,267.55,267.26,267.29,22258.0,1m
AAPL,2026-04-27 15:09:00,267.28,267.29,267.02,267.08,53750.0,1m
AAPL,2026-04-27 15:10:00,267.07,267.1,266.89,266.91,35082.0,1m
AAPL,2026-04-27 15:11:00,266.9,266.93,266.76,266.8,41588.0,1m
AAPL,2026-04-27 15:12:00,266.81,266.93,266.75,266.92,32179.0,1m
AAPL,2026-04-27 15:13:00,266.9,266.91,266.77,266.86,24203.0,1m
AAPL,2026-04-27 15:14:00,266.85,266.9,266.78,266.89,29176.0,1m
AAPL,2026-04-27 15:15:00,266.89,267.02,266.88,266.96,27772.0,1m
AAPL,2026-04-27 15:16:00,266.96,267.07,266.89,266.92,37976.0,1m
AAPL,2026-04-27 15:17:00,266.93,266.93,266.81,266.85,33664.0,1m
AAPL,2026-04-27 15:18:00,266.86,266.88,266.66,266.71,49337.0,1m
AAPL,2026-04-27 15:19:00,266.71,266.8,266.62,266.79,30719.0,1m
AAPL,2026-04-27 15:20:00,266.78,266.86,266.74,266.82,27270.0,1m
AAPL,2026-04-27 15:21:00,266.82,266.89,266.8,266.86,16011.0,1m
AAPL,2026-04-27 15:22:00,266.87,266.87,266.76,266.8,27554.0,1m
AAPL,2026-04-27 15:23:00,266.8,266.95,266.79,266.91,30970.0,1m
AAPL,2026-04-27 15:24:00,266.94,267.01,266.86,267.0,22367.0,1m
AAPL,2026-04-27 15:25:00,267.01,267.04,266.95,267.02,21738.0,1m
AAPL,2026-04-27 15:26:00,267.0,267.02,266.9,266.97,23705.0,1m
AAPL,2026-04-27 15:27:00,266.97,267.1,266.97,267.06,33675.0,1m
AAPL,2026-04-27 15:28:00,267.08,267.2,267.07,267.17,39328.0,1m
AAPL,2026-04-27 15:29:00,267.16,267.2,267.1,267.11,14478.0,1m
AAPL,2026-04-27 15:30:00,267.14,267.25,267.11,267.11,40586.0,1m
AAPL,2026-04-27 15:31:00,267.12,267.17,266.96,266.99,44762.0,1m
AAPL,2026-04-27 15:32:00,266.99,267.0,266.9,266.93,34549.0,1m
AAPL,2026-04-27 15:33:00,266.93,266.99,266.85,266.88,20709.0,1m
AAPL,2026-04-27 15:34:00,266.89,267.03,266.88,267.0,19151.0,1m
AAPL,2026-04-27 15:35:00,267.01,267.16,266.98,267.07,20767.0,1m
AAPL,2026-04-27 15:36:00,267.06,267.16,267.05,267.12,15679.0,1m
AAPL,2026-04-27 15:37:00,267.12,267.28,267.08,267.25,39856.0,1m
AAPL,2026-04-27 15:38:00,267.25,267.28,267.23,267.24,8978.0,1m
AAPL,2026-04-27 15:39:00,267.23,267.35,267.21,267.26,56236.0,1m
AAPL,2026-04-27 15:40:00,267.26,267.35,267.21,267.35,20269.0,1m
AAPL,2026-04-27 15:41:00,267.36,267.45,267.35,267.43,19615.0,1m
AAPL,2026-04-27 15:42:00,267.43,267.52,267.39,267.48,44812.0,1m
AAPL,2026-04-27 15:43:00,267.47,267.57,267.47,267.55,24824.0,1m
AAPL,2026-04-27 15:44:00,267.55,267.64,267.49,267.64,39814.0,1m
AAPL,2026-04-27 15:45:00,267.64,267.64,267.4,267.41,69259.0,1m
AAPL,2026-04-27 15:46:00,267.4,267.43,267.27,267.34,32950.0,1m
AAPL,2026-04-27 15:47:00,267.34,267.35,267.14,267.15,33753.0,1m
AAPL,2026-04-27 15:48:00,267.15,267.15,267.07,267.1,28872.0,1m
AAPL,2026-04-27 15:49:00,267.09,267.1,267.0,267.04,24248.0,1m
AAPL,2026-04-27 15:50:00,267.04,267.04,266.92,266.94,19772.0,1m
AAPL,2026-04-27 15:51:00,266.96,266.99,266.88,266.94,31567.0,1m
AAPL,2026-04-27 15:52:00,266.95,267.03,266.92,267.0,24641.0,1m
AAPL,2026-04-27 15:53:00,266.99,267.01,266.9,267.0,24216.0,1m
AAPL,2026-04-27 15:54:00,267.01,267.06,266.98,267.03,30612.0,1m
AAPL,2026-04-27 15:55:00,267.04,267.05,266.99,267.02,20601.0,1m
AAPL,2026-04-27 15:56:00,267.01,267.03,266.85,266.85,38986.0,1m
AAPL,2026-04-27 15:57:00,266.85,266.85,266.77,266.82,40924.0,1m
AAPL,2026-04-27 15:58:00,266.83,266.84,266.69,266.69,32930.0,1m
AAPL,2026-04-27 15:59:00,266.68,266.89,266.67,266.79,46118.0,1m
AAPL,2026-04-27 16:00:00,266.8,266.98,266.66,266.69,100704.0,1m
AAPL,2026-04-27 16:01:00,266.68,266.76,266.65,266.75,12381.0,1m
AAPL,2026-04-27 16:02:00,266.75,266.84,266.69,266.69,30008.0,1m
AAPL,2026-04-27 16:03:00,266.7,266.79,266.7,266.72,52932.0,1m
AAPL,2026-04-27 16:04:00,266.74,266.99,266.74,266.88,40678.0,1m
AAPL,2026-04-27 16:05:00,266.86,266.86,266.71,266.72,19727.0,1m
AAPL,2026-04-27 16:06:00,266.72,266.79,266.67,266.73,28468.0,1m
AAPL,2026-04-27 16:07:00,266.73,266.88,266.73,266.81,62430.0,1m
AAPL,2026-04-27 16:08:00,266.8,266.83,266.68,266.82,28673.0,1m
AAPL,2026-04-27 16:09:00,266.79,266.89,266.79,266.81,23807.0,1m
AAPL,2026-04-27 16:10:00,266.81,266.96,266.8,266.91,21798.0,1m
AAPL,2026-04-27 16:11:00,266.89,266.95,266.89,266.94,16073.0,1m
AAPL,2026-04-27 16:12:00,266.96,267.05,266.93,266.93,27760.0,1m
AAPL,2026-04-27 16:13:00,266.92,266.93,266.86,266.87,20626.0,1m
AAPL,2026-04-27 16:14:00,266.85,266.93,266.83,266.85,12762.0,1m
AAPL,2026-04-27 16:15:00,266.84,266.86,266.75,266.78,24322.0,1m
AAPL,2026-04-27 16:16:00,266.77,266.77,266.71,266.71,23078.0,1m
AAPL,2026-04-27 16:17:00,266.72,266.77,266.66,266.69,25418.0,1m
AAPL,2026-04-27 16:18:00,266.68,266.76,266.67,266.67,19191.0,1m
AAPL,2026-04-27 16:19:00,266.68,266.71,266.63,266.71,25117.0,1m
AAPL,2026-04-27 16:20:00,266.71,266.71,266.64,266.68,17031.0,1m
AAPL,2026-04-27 16:21:00,266.66,266.67,266.41,266.44,84372.0,1m
AAPL,2026-04-27 16:22:00,266.44,266.51,266.44,266.46,28113.0,1m
AAPL,2026-04-27 16:23:00,266.44,266.48,266.39,266.48,31780.0,1m
AAPL,2026-04-27 16:24:00,266.48,266.48,266.37,266.39,35036.0,1m
AAPL,2026-04-27 16:25:00,266.39,266.48,266.38,266.44,25648.0,1m
AAPL,2026-04-27 16:26:00,266.44,266.45,266.33,266.34,22098.0,1m
AAPL,2026-04-27 16:27:00,266.34,266.34,266.3,266.31,20634.0,1m
AAPL,2026-04-27 16:28:00,266.31,266.35,266.26,266.29,34248.0,1m
AAPL,2026-04-27 16:29:00,266.3,266.33,266.26,266.3,26602.0,1m
AAPL,2026-04-27 16:30:00,266.29,266.5,266.29,266.49,32937.0,1m
AAPL,2026-04-27 16:31:00,266.5,266.5,266.39,266.41,18079.0,1m
AAPL,2026-04-27 16:32:00,266.42,266.51,266.42,266.48,20215.0,1m
AAPL,2026-04-27 16:33:00,266.47,266.5,266.4,266.42,34551.0,1m
AAPL,2026-04-27 16:34:00,266.42,266.45,266.37,266.44,29748.0,1m
AAPL,2026-04-27 16:35:00,266.45,266.45,266.39,266.41,16272.0,1m
AAPL,2026-04-27 16:36:00,266.4,266.49,266.38,266.39,19771.0,1m
AAPL,2026-04-27 16:37:00,266.39,266.42,266.32,266.33,29124.0,1m
AAPL,2026-04-27 16:38:00,266.33,266.43,266.33,266.43,14290.0,1m
AAPL,2026-04-27 16:39:00,266.43,266.48,266.37,266.42,24519.0,1m
AAPL,2026-04-27 16:40:00,266.41,266.42,266.36,266.38,13321.0,1m
AAPL,2026-04-27 16:41:00,266.38,266.45,266.38,266.43,17613.0,1m
AAPL,2026-04-27 16:42:00,266.44,266.64,266.44,266.62,27321.0,1m
AAPL,2026-04-27 16:43:00,266.63,266.64,266.55,266.57,19836.0,1m
AAPL,2026-04-27 16:44:00,266.57,266.61,266.54,266.59,15177.0,1m
AAPL,2026-04-27 16:45:00,266.59,266.67,266.55,266.62,20766.0,1m
AAPL,2026-04-27 16:46:00,266.62,266.64,266.55,266.62,17644.0,1m
AAPL,2026-04-27 16:47:00,266.61,266.62,266.56,266.58,15936.0,1m
AAPL,2026-04-27 16:48:00,266.57,266.68,266.56,266.6,34871.0,1m
AAPL,2026-04-27 16:49:00,266.58,266.58,266.47,266.52,40176.0,1m
AAPL,2026-04-27 16:50:00,266.51,266.53,266.43,266.48,50739.0,1m
AAPL,2026-04-27 16:51:00,266.47,266.55,266.46,266.51,33275.0,1m
AAPL,2026-04-27 16:52:00,266.51,266.56,266.49,266.53,36647.0,1m
AAPL,2026-04-27 16:53:00,266.53,266.54,266.44,266.5,21485.0,1m
AAPL,2026-04-27 16:54:00,266.5,266.54,266.46,266.47,21990.0,1m
AAPL,2026-04-27 16:55:00,266.47,266.55,266.47,266.52,37220.0,1m
AAPL,2026-04-27 16:56:00,266.52,266.55,266.46,266.47,40027.0,1m
AAPL,2026-04-27 16:57:00,266.45,266.47,266.34,266.37,38878.0,1m
AAPL,2026-04-27 16:58:00,266.36,266.46,266.36,266.44,30944.0,1m
AAPL,2026-04-27 16:59:00,266.44,266.44,266.34,266.42,49397.0,1m
AAPL,2026-04-27 17:00:00,266.42,266.47,266.37,266.47,39445.0,1m
AAPL,2026-04-27 17:01:00,266.47,266.52,266.43,266.47,42949.0,1m
AAPL,2026-04-27 17:02:00,266.48,266.54,266.45,266.45,18896.0,1m
AAPL,2026-04-27 17:03:00,266.44,266.5,266.41,266.5,26307.0,1m
AAPL,2026-04-27 17:04:00,266.5,266.65,266.48,266.55,51866.0,1m
AAPL,2026-04-27 17:05:00,266.55,266.6,266.46,266.6,16196.0,1m
AAPL,2026-04-27 17:06:00,266.6,266.61,266.53,266.61,32431.0,1m
AAPL,2026-04-27 17:07:00,266.6,266.67,266.58,266.65,24049.0,1m
AAPL,2026-04-27 17:08:00,266.67,266.67,266.57,266.62,14433.0,1m
AAPL,2026-04-27 17:09:00,266.62,266.65,266.58,266.6,14474.0,1m
AAPL,2026-04-27 17:10:00,266.59,266.6,266.51,266.52,27976.0,1m
AAPL,2026-04-27 17:11:00,266.52,266.59,266.51,266.51,18028.0,1m
AAPL,2026-04-27 17:12:00,266.5,266.54,266.44,266.46,36190.0,1m
AAPL,2026-04-27 17:13:00,266.46,266.49,266.44,266.47,27033.0,1m
AAPL,2026-04-27 17:14:00,266.47,266.48,266.39,266.45,27503.0,1m
AAPL,2026-04-27 17:15:00,266.43,266.47,266.42,266.43,12665.0,1m
AAPL,2026-04-27 17:16:00,266.44,266.63,266.4,266.54,46915.0,1m
AAPL,2026-04-27 17:17:00,266.53,266.62,266.48,266.62,25191.0,1m
AAPL,2026-04-27 17:18:00,266.61,266.68,266.6,266.61,24767.0,1m
AAPL,2026-04-27 17:19:00,266.6,266.79,266.59,266.74,50375.0,1m
AAPL,2026-04-27 17:20:00,266.74,266.88,266.72,266.85,55743.0,1m
AAPL,2026-04-27 17:21:00,266.85,266.94,266.85,266.92,34617.0,1m
AAPL,2026-04-27 17:22:00,266.92,266.99,266.85,266.89,43411.0,1m
AAPL,2026-04-27 17:23:00,266.9,267.05,266.81,266.85,63745.0,1m
AAPL,2026-04-27 17:24:00,266.83,266.85,266.75,266.79,39772.0,1m
AAPL,2026-04-27 17:25:00,266.77,266.81,266.71,266.8,30114.0,1m
AAPL,2026-04-27 17:26:00,266.81,266.92,266.8,266.85,18006.0,1m
AAPL,2026-04-27 17:27:00,266.84,266.88,266.81,266.86,19047.0,1m
AAPL,2026-04-27 17:28:00,266.86,266.86,266.76,266.83,20358.0,1m
AAPL,2026-04-27 17:29:00,266.82,266.86,266.79,266.84,27870.0,1m
AAPL,2026-04-27 17:30:00,266.83,266.89,266.8,266.85,18755.0,1m
AAPL,2026-04-27 17:31:00,266.83,267.05,266.82,267.02,26318.0,1m
AAPL,2026-04-27 17:32:00,267.03,267.03,266.93,266.94,42748.0,1m
AAPL,2026-04-27 17:33:00,266.95,267.04,266.93,267.01,19541.0,1m
AAPL,2026-04-27 17:34:00,267.03,267.05,266.95,266.97,27439.0,1m
AAPL,2026-04-27 17:35:00,266.96,266.96,266.86,266.94,27648.0,1m
AAPL,2026-04-27 17:36:00,266.93,266.99,266.83,266.85,28187.0,1m
AAPL,2026-04-27 17:37:00,266.85,266.88,266.8,266.88,20201.0,1m
AAPL,2026-04-27 17:38:00,266.87,266.92,266.77,266.78,19978.0,1m
AAPL,2026-04-27 17:39:00,266.78,266.89,266.75,266.89,25723.0,1m
AAPL,2026-04-27 17:40:00,266.89,266.95,266.83,266.93,24225.0,1m
AAPL,2026-04-27 17:41:00,266.94,266.94,266.85,266.89,37483.0,1m
AAPL,2026-04-27 17:42:00,266.88,266.92,266.86,266.9,12003.0,1m
AAPL,2026-04-27 17:43:00,266.88,266.9,266.85,266.88,13830.0,1m
AAPL,2026-04-27 17:44:00,266.88,266.89,266.79,266.86,14905.0,1m
AAPL,2026-04-27 17:45:00,266.86,266.88,266.66,266.7,42956.0,1m
AAPL,2026-04-27 17:46:00,266.7,266.71,266.55,266.56,71292.0,1m
AAPL,2026-04-27 17:47:00,266.56,266.57,266.4,266.44,33313.0,1m
AAPL,2026-04-27 17:48:00,266.45,266.57,266.45,266.54,26575.0,1m
AAPL,2026-04-27 17:49:00,266.55,266.63,266.5,266.5,20851.0,1m
AAPL,2026-04-27 17:50:00,266.52,266.54,266.47,266.49,21524.0,1m
AAPL,2026-04-27 17:51:00,266.49,266.5,266.43,266.47,34016.0,1m
AAPL,2026-04-27 17:52:00,266.48,266.5,266.35,266.43,27081.0,1m
AAPL,2026-04-27 17:53:00,266.43,266.46,266.37,266.44,25017.0,1m
AAPL,2026-04-27 17:54:00,266.43,266.47,266.4,266.41,16765.0,1m
AAPL,2026-04-27 17:55:00,266.4,266.43,266.38,266.41,13480.0,1m
AAPL,2026-04-27 17:56:00,266.42,266.45,266.4,266.44,16014.0,1m
AAPL,2026-04-27 17:57:00,266.45,266.51,266.45,266.47,21231.0,1m
AAPL,2026-04-27 17:58:00,266.45,266.49,266.45,266.47,10485.0,1m
AAPL,2026-04-27 17:59:00,266.47,266.5,266.42,266.48,18345.0,1m
AAPL,2026-04-27 18:00:00,266.47,266.52,266.37,266.41,42670.0,1m
AAPL,2026-04-27 18:01:00,266.41,266.44,266.26,266.26,55924.0,1m
AAPL,2026-04-27 18:02:00,266.27,266.33,266.26,266.32,23403.0,1m
AAPL,2026-04-27 18:03:00,266.32,266.37,266.31,266.31,16260.0,1m
AAPL,2026-04-27 18:04:00,266.31,266.31,266.2,266.26,38477.0,1m
AAPL,2026-04-27 18:05:00,266.26,266.3,266.18,266.23,22468.0,1m
AAPL,2026-04-27 18:06:00,266.22,266.27,266.19,266.25,22756.0,1m
AAPL,2026-04-27 18:07:00,266.24,266.35,266.24,266.3,31397.0,1m
AAPL,2026-04-27 18:08:00,266.29,266.39,266.29,266.36,24796.0,1m
AAPL,2026-04-27 18:09:00,266.36,266.43,266.35,266.42,25205.0,1m
AAPL,2026-04-27 18:10:00,266.43,266.47,266.37,266.37,27242.0,1m
AAPL,2026-04-27 18:11:00,266.38,266.43,266.36,266.39,24501.0,1m
AAPL,2026-04-27 18:12:00,266.38,266.64,266.38,266.63,52815.0,1m
AAPL,2026-04-27 18:13:00,266.63,266.64,266.55,266.55,22259.0,1m
AAPL,2026-04-27 18:14:00,266.55,266.62,266.52,266.53,21154.0,1m
AAPL,2026-04-27 18:15:00,266.54,266.59,266.51,266.52,16802.0,1m
AAPL,2026-04-27 18:16:00,266.52,266.55,266.49,266.54,20994.0,1m
AAPL,2026-04-27 18:17:00,266.55,266.55,266.41,266.43,29941.0,1m
AAPL,2026-04-27 18:18:00,266.43,266.44,266.32,266.33,60994.0,1m
AAPL,2026-04-27 18:19:00,266.32,266.33,266.26,266.29,38211.0,1m
AAPL,2026-04-27 18:20:00,266.27,266.31,266.23,266.25,36330.0,1m
AAPL,2026-04-27 18:21:00,266.26,266.27,266.18,266.27,40985.0,1m
AAPL,2026-04-27 18:22:00,266.25,266.27,266.16,266.17,38653.0,1m
AAPL,2026-04-27 18:23:00,266.16,266.19,266.15,266.16,33573.0,1m
AAPL,2026-04-27 18:24:00,266.15,266.17,266.11,266.12,48113.0,1m
AAPL,2026-04-27 18:25:00,266.11,266.21,266.09,266.16,55466.0,1m
AAPL,2026-04-27 18:26:00,266.17,266.21,266.13,266.2,39811.0,1m
AAPL,2026-04-27 18:27:00,266.2,266.35,266.17,266.34,74706.0,1m
AAPL,2026-04-27 18:28:00,266.34,266.41,266.31,266.39,75012.0,1m
AAPL,2026-04-27 18:29:00,266.36,266.37,266.26,266.35,37921.0,1m
AAPL,2026-04-27 18:30:00,266.35,266.35,266.26,266.29,31891.0,1m
AAPL,2026-04-27 18:31:00,266.29,266.3,266.13,266.13,62589.0,1m
AAPL,2026-04-27 18:32:00,266.13,266.19,266.13,266.19,38023.0,1m
AAPL,2026-04-27 18:33:00,266.19,266.21,266.13,266.16,48550.0,1m
AAPL,2026-04-27 18:34:00,266.17,266.31,266.15,266.29,36543.0,1m
AAPL,2026-04-27 18:35:00,266.29,266.3,266.21,266.24,25025.0,1m
AAPL,2026-04-27 18:36:00,266.24,266.26,266.2,266.21,25168.0,1m
AAPL,2026-04-27 18:37:00,266.23,266.26,266.18,266.21,34946.0,1m
AAPL,2026-04-27 18:38:00,266.21,266.26,266.17,266.26,39189.0,1m
AAPL,2026-04-27 18:39:00,266.26,266.4,266.26,266.37,27216.0,1m
AAPL,2026-04-27 18:40:00,266.38,266.43,266.3,266.34,35494.0,1m
AAPL,2026-04-27 18:41:00,266.37,266.45,266.35,266.37,35847.0,1m
AAPL,2026-04-27 18:42:00,266.37,266.38,266.29,266.3,18725.0,1m
AAPL,2026-04-27 18:43:00,266.3,266.3,266.16,266.17,19886.0,1m
AAPL,2026-04-27 18:44:00,266.17,266.21,266.15,266.18,23577.0,1m
AAPL,2026-04-27 18:45:00,266.18,266.25,266.17,266.24,23142.0,1m
AAPL,2026-04-27 18:46:00,266.25,266.33,266.24,266.28,17425.0,1m
AAPL,2026-04-27 18:47:00,266.28,266.31,266.26,266.3,16623.0,1m
AAPL,2026-04-27 18:48:00,266.3,266.3,266.25,266.25,14509.0,1m
AAPL,2026-04-27 18:49:00,266.24,266.25,266.15,266.17,20205.0,1m
AAPL,2026-04-27 18:50:00,266.18,266.2,266.17,266.19,14339.0,1m
AAPL,2026-04-27 18:51:00,266.19,266.22,266.16,266.17,14621.0,1m
AAPL,2026-04-27 18:52:00,266.18,266.19,266.16,266.19,15599.0,1m
AAPL,2026-04-27 18:53:00,266.2,266.34,266.19,266.33,28747.0,1m
AAPL,2026-04-27 18:54:00,266.34,266.5,266.32,266.5,46964.0,1m
AAPL,2026-04-27 18:55:00,266.49,266.52,266.41,266.44,57650.0,1m
AAPL,2026-04-27 18:56:00,266.44,266.45,266.38,266.39,28136.0,1m
AAPL,2026-04-27 18:57:00,266.39,266.45,266.37,266.43,19904.0,1m
AAPL,2026-04-27 18:58:00,266.42,266.45,266.35,266.41,26516.0,1m
AAPL,2026-04-27 18:59:00,266.4,266.42,266.36,266.42,27679.0,1m
AAPL,2026-04-27 19:00:00,266.44,266.59,266.44,266.52,37243.0,1m
AAPL,2026-04-27 19:01:00,266.53,266.56,266.44,266.44,20990.0,1m
AAPL,2026-04-27 19:02:00,266.46,266.49,266.39,266.46,36326.0,1m
AAPL,2026-04-27 19:03:00,266.46,266.53,266.42,266.42,17799.0,1m
AAPL,2026-04-27 19:04:00,266.41,266.48,266.36,266.37,50364.0,1m
AAPL,2026-04-27 19:05:00,266.36,266.4,266.33,266.37,51441.0,1m
AAPL,2026-04-27 19:06:00,266.37,266.41,266.33,266.34,45824.0,1m
AAPL,2026-04-27 19:07:00,266.35,266.41,266.31,266.4,24532.0,1m
AAPL,2026-04-27 19:08:00,266.4,266.48,266.35,266.46,22407.0,1m
AAPL,2026-04-27 19:09:00,266.46,266.48,266.42,266.46,31209.0,1m
AAPL,2026-04-27 19:10:00,266.45,266.59,266.43,266.57,22500.0,1m
AAPL,2026-04-27 19:11:00,266.57,266.62,266.56,266.56,28498.0,1m
AAPL,2026-04-27 19:12:00,266.57,266.65,266.56,266.64,24078.0,1m
AAPL,2026-04-27 19:13:00,266.64,266.73,266.64,266.67,33076.0,1m
AAPL,2026-04-27 19:14:00,266.67,266.67,266.62,266.63,20002.0,1m
AAPL,2026-04-27 19:15:00,266.63,266.87,266.63,266.85,49721.0,1m
AAPL,2026-04-27 19:16:00,266.86,266.89,266.76,266.78,44831.0,1m
AAPL,2026-04-27 19:17:00,266.78,266.8,266.69,266.73,28776.0,1m
AAPL,2026-04-27 19:18:00,266.73,266.78,266.69,266.76,24471.0,1m
AAPL,2026-04-27 19:19:00,266.77,266.77,266.65,266.68,26514.0,1m
AAPL,2026-04-27 19:20:00,266.68,266.7,266.65,266.68,13377.0,1m
AAPL,2026-04-27 19:21:00,266.68,266.72,266.65,266.7,19858.0,1m
AAPL,2026-04-27 19:22:00,266.67,266.8,266.67,266.72,40444.0,1m
AAPL,2026-04-27 19:23:00,266.72,266.8,266.72,266.78,18780.0,1m
AAPL,2026-04-27 19:24:00,266.78,266.83,266.74,266.75,26040.0,1m
AAPL,2026-04-27 19:25:00,266.74,266.85,266.74,266.84,34304.0,1m
AAPL,2026-04-27 19:26:00,266.84,266.88,266.79,266.8,24973.0,1m
AAPL,2026-04-27 19:27:00,266.8,266.81,266.75,266.81,25213.0,1m
AAPL,2026-04-27 19:28:00,266.81,267.06,266.8,267.04,91981.0,1m
AAPL,2026-04-27 19:29:00,267.03,267.22,267.03,267.15,98864.0,1m
AAPL,2026-04-27 19:30:00,267.16,267.2,267.05,267.17,59743.0,1m
AAPL,2026-04-27 19:31:00,267.17,267.32,267.13,267.31,85118.0,1m
AAPL,2026-04-27 19:32:00,267.31,267.54,267.3,267.51,89090.0,1m
AAPL,2026-04-27 19:33:00,267.51,267.6,267.41,267.42,69103.0,1m
AAPL,2026-04-27 19:34:00,267.42,267.47,267.36,267.44,86153.0,1m
AAPL,2026-04-27 19:35:00,267.43,267.49,267.39,267.47,62873.0,1m
AAPL,2026-04-27 19:36:00,267.47,267.47,267.38,267.4,41281.0,1m
AAPL,2026-04-27 19:37:00,267.4,267.49,267.37,267.4,54403.0,1m
AAPL,2026-04-27 19:38:00,267.4,267.49,267.39,267.43,37123.0,1m
AAPL,2026-04-27 19:39:00,267.44,267.46,267.34,267.4,47130.0,1m
AAPL,2026-04-27 19:40:00,267.39,267.53,267.34,267.52,78905.0,1m
AAPL,2026-04-27 19:41:00,267.51,267.53,267.44,267.46,44255.0,1m
AAPL,2026-04-27 19:42:00,267.46,267.61,267.44,267.59,80624.0,1m
AAPL,2026-04-27 19:43:00,267.57,267.65,267.55,267.64,67514.0,1m
AAPL,2026-04-27 19:44:00,267.64,267.73,267.62,267.7,144433.0,1m
AAPL,2026-04-27 19:45:00,267.71,267.82,267.59,267.69,83830.0,1m
AAPL,2026-04-27 19:46:00,267.68,267.69,267.6,267.69,50956.0,1m
AAPL,2026-04-27 19:47:00,267.7,267.73,267.61,267.73,51316.0,1m
AAPL,2026-04-27 19:48:00,267.73,267.74,267.66,267.68,39467.0,1m
AAPL,2026-04-27 19:49:00,267.67,267.7,267.55,267.59,73731.0,1m
AAPL,2026-04-27 19:50:00,267.58,267.79,267.58,267.79,101546.0,1m
AAPL,2026-04-27 19:51:00,267.79,267.81,267.73,267.8,79378.0,1m
AAPL,2026-04-27 19:52:00,267.79,267.97,267.73,267.83,120295.0,1m
AAPL,2026-04-27 19:53:00,267.83,267.83,267.69,267.78,97902.0,1m
AAPL,2026-04-27 19:54:00,267.79,267.9,267.53,267.54,135469.0,1m
AAPL,2026-04-27 19:55:00,267.54,267.7,267.43,267.64,130128.0,1m
AAPL,2026-04-27 19:56:00,267.64,267.73,267.63,267.68,138056.0,1m
AAPL,2026-04-27 19:57:00,267.69,267.89,267.64,267.85,147427.0,1m
AAPL,2026-04-27 19:58:00,267.84,267.85,267.66,267.66,207973.0,1m
AAPL,2026-04-27 19:59:00,267.67,267.69,267.44,267.68,506081.0,1m
AAPL,2026-04-28 13:30:00,272.34,273.2,270.18,270.47,1180211.0,1m
AAPL,2026-04-28 13:31:00,270.49,270.5,269.02,269.4,243878.0,1m
AAPL,2026-04-28 13:32:00,269.45,269.72,269.08,269.5,132251.0,1m
AAPL,2026-04-28 13:33:00,269.44,269.76,269.19,269.58,198763.0,1m
AAPL,2026-04-28 13:34:00,269.59,269.77,269.09,269.12,134329.0,1m
AAPL,2026-04-28 13:35:00,269.12,269.64,269.07,269.31,151957.0,1m
AAPL,2026-04-28 13:36:00,269.32,269.46,268.79,268.81,138217.0,1m
AAPL,2026-04-28 13:37:00,268.76,269.18,268.66,269.1,79634.0,1m
AAPL,2026-04-28 13:38:00,269.14,269.88,269.14,269.83,181031.0,1m
AAPL,2026-04-28 13:39:00,269.83,270.05,269.8,269.85,122205.0,1m
AAPL,2026-04-28 13:40:00,269.82,269.94,269.43,269.94,94794.0,1m
AAPL,2026-04-28 13:41:00,269.94,269.94,269.43,269.71,83375.0,1m
AAPL,2026-04-28 13:42:00,269.71,269.75,269.45,269.47,122629.0,1m
AAPL,2026-04-28 13:43:00,269.48,269.75,269.4,269.51,76648.0,1m
AAPL,2026-04-28 13:44:00,269.53,269.84,269.51,269.75,66335.0,1m
AAPL,2026-04-28 13:45:00,269.76,270.05,269.54,269.56,159911.0,1m
AAPL,2026-04-28 13:46:00,269.55,269.92,269.53,269.81,36072.0,1m
AAPL,2026-04-28 13:47:00,269.81,270.04,269.55,270.02,55722.0,1m
AAPL,2026-04-28 13:48:00,270.0,270.28,269.97,270.28,82790.0,1m
AAPL,2026-04-28 13:49:00,270.29,270.44,269.88,270.43,163726.0,1m
AAPL,2026-04-28 13:50:00,270.44,270.47,270.2,270.22,81737.0,1m
AAPL,2026-04-28 13:51:00,270.19,270.59,270.19,270.55,80696.0,1m
AAPL,2026-04-28 13:52:00,270.55,270.6,270.24,270.29,81021.0,1m
AAPL,2026-04-28 13:53:00,270.29,270.34,270.14,270.17,43144.0,1m
AAPL,2026-04-28 13:54:00,270.15,270.18,270.04,270.1,51979.0,1m
AAPL,2026-04-28 13:55:00,270.08,270.08,269.65,269.65,77963.0,1m
AAPL,2026-04-28 13:56:00,269.66,269.9,269.6,269.71,47341.0,1m
AAPL,2026-04-28 13:57:00,269.72,269.93,269.65,269.9,36662.0,1m
AAPL,2026-04-28 13:58:00,269.91,269.99,269.77,269.97,35579.0,1m
AAPL,2026-04-28 13:59:00,269.98,270.0,269.72,269.91,60001.0,1m
AAPL,2026-04-28 14:00:00,269.85,270.15,269.67,270.12,93826.0,1m
AAPL,2026-04-28 14:01:00,270.11,270.26,269.95,269.95,53289.0,1m
AAPL,2026-04-28 14:02:00,269.93,270.0,269.84,269.92,48344.0,1m
AAPL,2026-04-28 14:03:00,269.93,269.93,269.68,269.84,37149.0,1m
AAPL,2026-04-28 14:04:00,269.83,269.86,269.66,269.75,26270.0,1m
AAPL,2026-04-28 14:05:00,269.76,269.97,269.72,269.86,26253.0,1m
AAPL,2026-04-28 14:06:00,269.83,269.87,269.7,269.76,35913.0,1m
AAPL,2026-04-28 14:07:00,269.79,270.18,269.76,270.14,78059.0,1m
AAPL,2026-04-28 14:08:00,270.13,270.27,270.05,270.27,40010.0,1m
AAPL,2026-04-28 14:09:00,270.25,270.31,270.12,270.23,73795.0,1m
AAPL,2026-04-28 14:10:00,270.22,270.42,270.21,270.34,57015.0,1m
AAPL,2026-04-28 14:11:00,270.36,270.44,270.05,270.24,57879.0,1m
AAPL,2026-04-28 14:12:00,270.25,270.29,270.01,270.13,36645.0,1m
AAPL,2026-04-28 14:13:00,270.15,270.27,270.11,270.12,27959.0,1m
AAPL,2026-04-28 14:14:00,270.12,270.3,269.98,270.3,50865.0,1m
AAPL,2026-04-28 14:15:00,270.32,270.47,270.25,270.42,36226.0,1m
AAPL,2026-04-28 14:16:00,270.4,270.73,270.37,270.63,198307.0,1m
AAPL,2026-04-28 14:17:00,270.63,270.65,270.45,270.61,41729.0,1m
AAPL,2026-04-28 14:18:00,270.56,270.67,270.49,270.64,74965.0,1m
AAPL,2026-04-28 14:19:00,270.6,270.77,270.55,270.72,46235.0,1m
AAPL,2026-04-28 14:20:00,270.71,270.78,270.53,270.63,35875.0,1m
AAPL,2026-04-28 14:21:00,270.63,270.67,270.5,270.59,39818.0,1m
AAPL,2026-04-28 14:22:00,270.59,270.85,270.58,270.84,45654.0,1m
AAPL,2026-04-28 14:23:00,270.83,270.91,270.72,270.85,43877.0,1m
AAPL,2026-04-28 14:24:00,270.82,270.83,270.55,270.79,71751.0,1m
AAPL,2026-04-28 14:25:00,270.77,270.94,270.73,270.76,54598.0,1m
AAPL,2026-04-28 14:26:00,270.72,270.74,270.64,270.71,43600.0,1m
AAPL,2026-04-28 14:27:00,270.72,271.1,270.72,271.1,73855.0,1m
AAPL,2026-04-28 14:28:00,271.09,271.29,271.0,271.28,79448.0,1m
AAPL,2026-04-28 14:29:00,271.28,271.4,271.21,271.28,99145.0,1m
AAPL,2026-04-28 14:30:00,271.28,271.4,271.2,271.4,80249.0,1m
AAPL,2026-04-28 14:31:00,271.4,271.65,271.37,271.63,78552.0,1m
AAPL,2026-04-28 14:32:00,271.62,271.66,271.44,271.48,98572.0,1m
AAPL,2026-04-28 14:33:00,271.49,271.49,271.32,271.4,47930.0,1m
AAPL,2026-04-28 14:34:00,271.42,271.52,271.33,271.44,94153.0,1m
AAPL,2026-04-28 14:35:00,271.43,271.53,271.2,271.24,148769.0,1m
AAPL,2026-04-28 14:36:00,271.2,271.28,270.97,271.2,81891.0,1m
AAPL,2026-04-28 14:37:00,271.2,271.23,270.79,270.92,74467.0,1m
AAPL,2026-04-28 14:38:00,270.89,270.92,270.64,270.82,48311.0,1m
AAPL,2026-04-28 14:39:00,270.84,271.06,270.74,271.06,65441.0,1m
AAPL,2026-04-28 14:40:00,271.04,271.04,270.81,270.97,45712.0,1m
AAPL,2026-04-28 14:41:00,270.97,271.33,270.96,271.22,95779.0,1m
AAPL,2026-04-28 14:42:00,271.24,271.32,271.09,271.13,62481.0,1m
AAPL,2026-04-28 14:43:00,271.14,271.32,271.04,271.2,45544.0,1m
AAPL,2026-04-28 14:44:00,271.21,271.32,271.08,271.25,48288.0,1m
AAPL,2026-04-28 14:45:00,271.25,271.54,271.24,271.52,69632.0,1m
AAPL,2026-04-28 14:46:00,271.51,271.55,271.41,271.48,48985.0,1m
AAPL,2026-04-28 14:47:00,271.45,271.53,271.29,271.53,59855.0,1m
AAPL,2026-04-28 14:48:00,271.45,271.75,271.37,271.68,58259.0,1m
AAPL,2026-04-28 14:49:00,271.69,271.69,271.3,271.39,60350.0,1m
AAPL,2026-04-28 14:50:00,271.37,271.5,271.21,271.29,65188.0,1m
AAPL,2026-04-28 14:51:00,271.3,271.49,271.27,271.43,72561.0,1m
AAPL,2026-04-28 14:52:00,271.42,271.49,271.35,271.45,47227.0,1m
AAPL,2026-04-28 14:53:00,271.48,271.48,271.14,271.24,58893.0,1m
AAPL,2026-04-28 14:54:00,271.24,271.55,271.23,271.49,69956.0,1m
AAPL,2026-04-28 14:55:00,271.49,271.49,271.15,271.21,62195.0,1m
AAPL,2026-04-28 14:56:00,271.23,271.28,270.93,271.06,62172.0,1m
AAPL,2026-04-28 14:57:00,271.03,271.17,270.98,271.07,60947.0,1m
AAPL,2026-04-28 14:58:00,271.08,271.14,270.92,271.1,31013.0,1m
AAPL,2026-04-28 14:59:00,271.1,271.19,271.01,271.13,54259.0,1m
AAPL,2026-04-28 15:00:00,271.17,271.54,271.08,271.54,82388.0,1m
AAPL,2026-04-28 15:01:00,271.53,271.59,271.37,271.38,59531.0,1m
AAPL,2026-04-28 15:02:00,271.43,271.69,271.42,271.51,76763.0,1m
AAPL,2026-04-28 15:03:00,271.5,271.5,271.24,271.4,47760.0,1m
AAPL,2026-04-28 15:04:00,271.38,271.54,271.37,271.54,28679.0,1m
AAPL,2026-04-28 15:05:00,271.52,271.83,271.52,271.7,190363.0,1m
AAPL,2026-04-28 15:06:00,271.7,271.83,271.61,271.66,54317.0,1m
AAPL,2026-04-28 15:07:00,271.66,271.66,271.37,271.57,65914.0,1m
AAPL,2026-04-28 15:08:00,271.59,271.79,271.58,271.72,45867.0,1m
AAPL,2026-04-28 15:09:00,271.72,271.77,271.62,271.65,51416.0,1m
AAPL,2026-04-28 15:10:00,271.68,271.75,271.59,271.7,56150.0,1m
AAPL,2026-04-28 15:11:00,271.7,271.74,271.46,271.69,177626.0,1m
AAPL,2026-04-28 15:12:00,271.7,271.7,271.22,271.27,83071.0,1m
AAPL,2026-04-28 15:13:00,271.25,271.54,271.21,271.52,42200.0,1m
AAPL,2026-04-28 15:14:00,271.5,271.56,271.4,271.56,29986.0,1m
AAPL,2026-04-28 15:15:00,271.54,271.6,271.36,271.37,37087.0,1m
AAPL,2026-04-28 15:16:00,271.33,271.39,271.06,271.19,77533.0,1m
AAPL,2026-04-28 15:17:00,271.17,271.17,271.04,271.15,43813.0,1m
AAPL,2026-04-28 15:18:00,271.14,271.25,271.04,271.04,26063.0,1m
AAPL,2026-04-28 15:19:00,271.04,271.12,270.92,270.98,34626.0,1m
AAPL,2026-04-28 15:20:00,270.99,271.06,270.94,271.01,25020.0,1m
AAPL,2026-04-28 15:21:00,271.0,271.05,270.81,270.81,56170.0,1m
AAPL,2026-04-28 15:22:00,270.83,271.02,270.82,271.0,33579.0,1m
AAPL,2026-04-28 15:23:00,271.0,271.0,270.76,270.91,49596.0,1m
AAPL,2026-04-28 15:24:00,270.9,271.26,270.89,271.22,61640.0,1m
AAPL,2026-04-28 15:25:00,271.19,271.24,270.82,270.83,38959.0,1m
AAPL,2026-04-28 15:26:00,270.84,270.85,270.72,270.79,39501.0,1m
AAPL,2026-04-28 15:27:00,270.77,270.79,270.56,270.57,29766.0,1m
AAPL,2026-04-28 15:28:00,270.56,270.67,270.49,270.5,38747.0,1m
AAPL,2026-04-28 15:29:00,270.5,270.56,270.29,270.32,62190.0,1m
AAPL,2026-04-28 15:30:00,270.32,270.51,270.32,270.42,33555.0,1m
AAPL,2026-04-28 15:31:00,270.43,270.44,270.2,270.23,30762.0,1m
AAPL,2026-04-28 15:32:00,270.23,270.48,270.21,270.48,32221.0,1m
AAPL,2026-04-28 15:33:00,270.48,270.57,270.45,270.49,27721.0,1m
AAPL,2026-04-28 15:34:00,270.49,270.51,270.19,270.19,26099.0,1m
AAPL,2026-04-28 15:35:00,270.2,270.38,270.16,270.25,27232.0,1m
AAPL,2026-04-28 15:36:00,270.25,270.25,269.96,270.0,42697.0,1m
AAPL,2026-04-28 15:37:00,270.01,270.21,270.01,270.21,25344.0,1m
AAPL,2026-04-28 15:38:00,270.21,270.25,270.08,270.12,22026.0,1m
AAPL,2026-04-28 15:39:00,270.11,270.24,270.1,270.19,51284.0,1m
AAPL,2026-04-28 15:40:00,270.16,270.37,270.11,270.35,26383.0,1m
AAPL,2026-04-28 15:41:00,270.34,270.39,270.23,270.24,21964.0,1m
AAPL,2026-04-28 15:42:00,270.22,270.22,270.06,270.16,18567.0,1m
AAPL,2026-04-28 15:43:00,270.13,270.18,270.11,270.14,14362.0,1m
AAPL,2026-04-28 15:44:00,270.14,270.14,269.89,269.93,28580.0,1m
AAPL,2026-04-28 15:45:00,269.93,270.15,269.89,270.05,30665.0,1m
AAPL,2026-04-28 15:46:00,270.03,270.11,269.93,270.03,15942.0,1m
AAPL,2026-04-28 15:47:00,270.03,270.14,270.01,270.08,20729.0,1m
AAPL,2026-04-28 15:48:00,270.05,270.06,269.85,269.87,22140.0,1m
AAPL,2026-04-28 15:49:00,269.88,269.88,269.75,269.79,55498.0,1m
AAPL,2026-04-28 15:50:00,269.79,269.82,269.72,269.75,18821.0,1m
AAPL,2026-04-28 15:51:00,269.75,269.9,269.67,269.69,34599.0,1m
AAPL,2026-04-28 15:52:00,269.71,269.8,269.69,269.72,20394.0,1m
AAPL,2026-04-28 15:53:00,269.72,269.73,269.61,269.65,32927.0,1m
AAPL,2026-04-28 15:54:00,269.63,269.69,269.48,269.69,61457.0,1m
AAPL,2026-04-28 15:55:00,269.67,269.75,269.65,269.67,13071.0,1m
AAPL,2026-04-28 15:56:00,269.69,269.69,269.58,269.64,22691.0,1m
AAPL,2026-04-28 15:57:00,269.63,269.74,269.54,269.63,33936.0,1m
AAPL,2026-04-28 15:58:00,269.62,269.72,269.61,269.66,14053.0,1m
AAPL,2026-04-28 15:59:00,269.66,269.7,269.58,269.64,14707.0,1m
AAPL,2026-04-28 16:00:00,269.67,269.8,269.66,269.75,21712.0,1m
AAPL,2026-04-28 16:01:00,269.77,269.92,269.76,269.88,23089.0,1m
AAPL,2026-04-28 16:02:00,269.88,269.93,269.85,269.88,45469.0,1m
AAPL,2026-04-28 16:03:00,269.89,269.99,269.84,269.99,28945.0,1m
AAPL,2026-04-28 16:04:00,269.99,270.05,269.95,270.0,46093.0,1m
AAPL,2026-04-28 16:05:00,270.0,270.0,269.87,269.88,25660.0,1m
AAPL,2026-04-28 16:06:00,269.89,270.12,269.85,270.11,24846.0,1m
AAPL,2026-04-28 16:07:00,270.1,270.17,270.06,270.13,17197.0,1m
AAPL,2026-04-28 16:08:00,270.13,270.14,270.02,270.02,24282.0,1m
AAPL,2026-04-28 16:09:00,270.01,270.06,269.94,269.94,15893.0,1m
AAPL,2026-04-28 16:10:00,269.94,269.95,269.81,269.85,18459.0,1m
AAPL,2026-04-28 16:11:00,269.85,269.89,269.82,269.88,14667.0,1m
AAPL,2026-04-28 16:12:00,269.88,269.97,269.86,269.9,10189.0,1m
AAPL,2026-04-28 16:13:00,269.9,269.95,269.87,269.88,8099.0,1m
AAPL,2026-04-28 16:14:00,269.89,269.95,269.87,269.87,17230.0,1m
AAPL,2026-04-28 16:15:00,269.87,269.87,269.73,269.74,27057.0,1m
AAPL,2026-04-28 16:16:00,269.75,269.78,269.68,269.7,17716.0,1m
AAPL,2026-04-28 16:17:00,269.71,269.73,269.64,269.71,18892.0,1m
AAPL,2026-04-28 16:18:00,269.7,269.76,269.67,269.72,10270.0,1m
AAPL,2026-04-28 16:19:00,269.71,269.73,269.63,269.67,15244.0,1m
AAPL,2026-04-28 16:20:00,269.65,269.7,269.6,269.6,18252.0,1m
AAPL,2026-04-28 16:21:00,269.6,269.61,269.48,269.5,32181.0,1m
AAPL,2026-04-28 16:22:00,269.51,269.55,269.43,269.45,14349.0,1m
AAPL,2026-04-28 16:23:00,269.46,269.46,269.4,269.42,15016.0,1m
AAPL,2026-04-28 16:24:00,269.44,269.5,269.37,269.39,17399.0,1m
AAPL,2026-04-28 16:25:00,269.38,269.47,269.36,269.46,16280.0,1m
AAPL,2026-04-28 16:26:00,269.47,269.58,269.47,269.55,13322.0,1m
AAPL,2026-04-28 16:27:00,269.55,269.61,269.43,269.45,19701.0,1m
AAPL,2026-04-28 16:28:00,269.45,269.46,269.33,269.43,12932.0,1m
AAPL,2026-04-28 16:29:00,269.46,269.52,269.45,269.52,21510.0,1m
AAPL,2026-04-28 16:30:00,269.49,269.59,269.49,269.58,14645.0,1m
AAPL,2026-04-28 16:31:00,269.57,269.57,269.48,269.55,32648.0,1m
AAPL,2026-04-28 16:32:00,269.56,269.63,269.49,269.5,20883.0,1m
AAPL,2026-04-28 16:33:00,269.53,269.7,269.5,269.67,36234.0,1m
AAPL,2026-04-28 16:34:00,269.67,269.68,269.56,269.57,19912.0,1m
AAPL,2026-04-28 16:35:00,269.56,269.63,269.49,269.63,29315.0,1m
AAPL,2026-04-28 16:36:00,269.64,269.74,269.64,269.69,12252.0,1m
AAPL,2026-04-28 16:37:00,269.7,269.74,269.67,269.74,8900.0,1m
AAPL,2026-04-28 16:38:00,269.75,269.85,269.75,269.76,25267.0,1m
AAPL,2026-04-28 16:39:00,269.75,269.8,269.72,269.8,12909.0,1m
AAPL,2026-04-28 16:40:00,269.8,269.88,269.8,269.81,19504.0,1m
AAPL,2026-04-28 16:41:00,269.82,269.82,269.63,269.63,18164.0,1m
AAPL,2026-04-28 16:42:00,269.62,269.65,269.47,269.48,21995.0,1m
AAPL,2026-04-28 16:43:00,269.48,269.55,269.44,269.52,13836.0,1m
AAPL,2026-04-28 16:44:00,269.51,269.67,269.51,269.66,28192.0,1m
AAPL,2026-04-28 16:45:00,269.67,269.68,269.53,269.65,31842.0,1m
AAPL,2026-04-28 16:46:00,269.67,269.84,269.66,269.82,34584.0,1m
AAPL,2026-04-28 16:47:00,269.82,269.86,269.75,269.75,17754.0,1m
AAPL,2026-04-28 16:48:00,269.74,269.74,269.62,269.68,20114.0,1m
AAPL,2026-04-28 16:49:00,269.68,269.84,269.58,269.81,31858.0,1m
AAPL,2026-04-28 16:50:00,269.82,269.97,269.79,269.84,29885.0,1m
AAPL,2026-04-28 16:51:00,269.85,269.95,269.83,269.94,19926.0,1m
AAPL,2026-04-28 16:52:00,269.97,270.09,269.97,270.09,22680.0,1m
AAPL,2026-04-28 16:53:00,270.08,270.11,269.99,270.0,18426.0,1m
AAPL,2026-04-28 16:54:00,270.01,270.02,269.91,269.92,12111.0,1m
AAPL,2026-04-28 16:55:00,269.94,269.97,269.88,269.95,13616.0,1m
AAPL,2026-04-28 16:56:00,269.94,270.03,269.93,269.98,13819.0,1m
AAPL,2026-04-28 16:57:00,269.99,270.08,269.96,269.96,22916.0,1m
AAPL,2026-04-28 16:58:00,269.97,269.97,269.88,269.91,25157.0,1m
AAPL,2026-04-28 16:59:00,269.92,269.94,269.85,269.94,19909.0,1m
AAPL,2026-04-28 17:00:00,269.94,270.11,269.92,270.09,65168.0,1m
AAPL,2026-04-28 17:01:00,270.09,270.13,270.06,270.11,37636.0,1m
AAPL,2026-04-28 17:02:00,270.11,270.13,270.0,270.0,18127.0,1m
AAPL,2026-04-28 17:03:00,270.0,270.11,269.99,270.02,15879.0,1m
AAPL,2026-04-28 17:04:00,270.01,270.04,269.97,269.98,11524.0,1m
AAPL,2026-04-28 17:05:00,269.95,270.01,269.92,269.93,19886.0,1m
AAPL,2026-04-28 17:06:00,269.92,269.98,269.84,269.93,34818.0,1m
AAPL,2026-04-28 17:07:00,269.93,269.95,269.84,269.85,14470.0,1m
AAPL,2026-04-28 17:08:00,269.86,269.89,269.81,269.81,14296.0,1m
AAPL,2026-04-28 17:09:00,269.83,269.86,269.72,269.84,28947.0,1m
AAPL,2026-04-28 17:10:00,269.84,269.88,269.81,269.81,22718.0,1m
AAPL,2026-04-28 17:11:00,269.82,269.83,269.73,269.76,18893.0,1m
AAPL,2026-04-28 17:12:00,269.75,269.76,269.64,269.66,22873.0,1m
AAPL,2026-04-28 17:13:00,269.67,269.71,269.64,269.66,12399.0,1m
AAPL,2026-04-28 17:14:00,269.65,269.7,269.64,269.7,11392.0,1m
AAPL,2026-04-28 17:15:00,269.72,269.75,269.66,269.69,19660.0,1m
AAPL,2026-04-28 17:16:00,269.71,269.74,269.59,269.6,14644.0,1m
AAPL,2026-04-28 17:17:00,269.6,269.62,269.51,269.59,14086.0,1m
AAPL,2026-04-28 17:18:00,269.58,269.73,269.52,269.71,16783.0,1m
AAPL,2026-04-28 17:19:00,269.7,269.71,269.57,269.6,16856.0,1m
AAPL,2026-04-28 17:20:00,269.62,269.7,269.6,269.67,17318.0,1m
AAPL,2026-04-28 17:21:00,269.67,269.76,269.66,269.74,20800.0,1m
AAPL,2026-04-28 17:22:00,269.74,269.82,269.71,269.74,14883.0,1m
AAPL,2026-04-28 17:23:00,269.74,269.74,269.64,269.68,7667.0,1m
AAPL,2026-04-28 17:24:00,269.68,269.71,269.62,269.69,16468.0,1m
AAPL,2026-04-28 17:25:00,269.69,269.76,269.65,269.74,12033.0,1m
AAPL,2026-04-28 17:26:00,269.74,269.76,269.68,269.75,14023.0,1m
AAPL,2026-04-28 17:27:00,269.75,269.91,269.73,269.9,25906.0,1m
AAPL,2026-04-28 17:28:00,269.91,269.95,269.87,269.92,18102.0,1m
AAPL,2026-04-28 17:29:00,269.93,269.94,269.78,269.87,20753.0,1m
AAPL,2026-04-28 17:30:00,269.87,269.91,269.84,269.84,9244.0,1m
AAPL,2026-04-28 17:31:00,269.85,269.86,269.79,269.82,17208.0,1m
AAPL,2026-04-28 17:32:00,269.82,269.93,269.81,269.83,18761.0,1m
AAPL,2026-04-28 17:33:00,269.85,269.92,269.83,269.91,7824.0,1m
AAPL,2026-04-28 17:34:00,269.91,269.99,269.9,269.96,15143.0,1m
AAPL,2026-04-28 17:35:00,269.96,269.99,269.91,269.91,15298.0,1m
AAPL,2026-04-28 17:36:00,269.9,269.94,269.87,269.89,6834.0,1m
AAPL,2026-04-28 17:37:00,269.9,269.97,269.89,269.92,15581.0,1m
AAPL,2026-04-28 17:38:00,269.93,270.09,269.89,270.07,27843.0,1m
AAPL,2026-04-28 17:39:00,270.06,270.07,269.98,270.0,13034.0,1m
AAPL,2026-04-28 17:40:00,270.0,270.11,269.97,270.08,16085.0,1m
AAPL,2026-04-28 17:41:00,270.08,270.1,270.04,270.09,11442.0,1m
AAPL,2026-04-28 17:42:00,270.08,270.12,269.99,270.01,14426.0,1m
AAPL,2026-04-28 17:43:00,269.99,270.03,269.97,270.03,8537.0,1m
AAPL,2026-04-28 17:44:00,270.02,270.09,270.01,270.07,14634.0,1m
AAPL,2026-04-28 17:45:00,270.07,270.18,270.05,270.17,21661.0,1m
AAPL,2026-04-28 17:46:00,270.16,270.25,270.14,270.16,29835.0,1m
AAPL,2026-04-28 17:47:00,270.16,270.42,270.15,270.39,25174.0,1m
AAPL,2026-04-28 17:48:00,270.38,270.42,270.33,270.35,10529.0,1m
AAPL,2026-04-28 17:49:00,270.36,270.45,270.28,270.32,41443.0,1m
AAPL,2026-04-28 17:50:00,270.31,270.35,270.23,270.25,19870.0,1m
AAPL,2026-04-28 17:51:00,270.25,270.37,270.24,270.31,27366.0,1m
AAPL,2026-04-28 17:52:00,270.29,270.48,270.27,270.42,26582.0,1m
AAPL,2026-04-28 17:53:00,270.42,270.55,270.41,270.54,24485.0,1m
AAPL,2026-04-28 17:54:00,270.52,270.55,270.5,270.53,16721.0,1m
AAPL,2026-04-28 17:55:00,270.54,270.62,270.54,270.6,19988.0,1m
AAPL,2026-04-28 17:56:00,270.6,270.65,270.55,270.56,11506.0,1m
AAPL,2026-04-28 17:57:00,270.56,270.61,270.5,270.53,18881.0,1m
AAPL,2026-04-28 17:58:00,270.52,270.55,270.5,270.54,14727.0,1m
AAPL,2026-04-28 17:59:00,270.54,270.57,270.5,270.51,16024.0,1m
AAPL,2026-04-28 18:00:00,270.53,270.57,270.27,270.28,76248.0,1m
AAPL,2026-04-28 18:01:00,270.31,270.53,270.31,270.43,29566.0,1m
AAPL,2026-04-28 18:02:00,270.4,270.47,270.37,270.47,17745.0,1m
AAPL,2026-04-28 18:03:00,270.44,270.49,270.33,270.46,31120.0,1m
AAPL,2026-04-28 18:04:00,270.46,270.46,270.3,270.4,28726.0,1m
AAPL,2026-04-28 18:05:00,270.38,270.39,270.27,270.32,26136.0,1m
AAPL,2026-04-28 18:06:00,270.33,270.35,270.24,270.28,22632.0,1m
AAPL,2026-04-28 18:07:00,270.27,270.3,270.21,270.21,30219.0,1m
AAPL,2026-04-28 18:08:00,270.18,270.22,270.12,270.16,14852.0,1m
AAPL,2026-04-28 18:09:00,270.15,270.84,270.12,270.37,93108.0,1m
AAPL,2026-04-28 18:10:00,270.38,270.4,270.3,270.32,18465.0,1m
AAPL,2026-04-28 18:11:00,270.32,270.54,270.32,270.52,41362.0,1m
AAPL,2026-04-28 18:12:00,270.52,270.53,270.44,270.46,17070.0,1m
AAPL,2026-04-28 18:13:00,270.45,270.54,270.39,270.53,72888.0,1m
AAPL,2026-04-28 18:14:00,270.53,270.6,270.49,270.52,18959.0,1m
AAPL,2026-04-28 18:15:00,270.52,270.61,270.47,270.49,19235.0,1m
AAPL,2026-04-28 18:16:00,270.49,270.63,270.45,270.63,30273.0,1m
AAPL,2026-04-28 18:17:00,270.63,270.69,270.6,270.63,17945.0,1m
AAPL,2026-04-28 18:18:00,270.61,270.63,270.45,270.54,31688.0,1m
AAPL,2026-04-28 18:19:00,270.54,270.66,270.53,270.62,15106.0,1m
AAPL,2026-04-28 18:20:00,270.63,270.68,270.5,270.5,29948.0,1m
AAPL,2026-04-28 18:21:00,270.51,270.61,270.45,270.52,34627.0,1m
AAPL,2026-04-28 18:22:00,270.5,270.54,270.46,270.49,18690.0,1m
AAPL,2026-04-28 18:23:00,270.49,270.74,270.49,270.6,46805.0,1m
AAPL,2026-04-28 18:24:00,270.58,270.63,270.55,270.59,23201.0,1m
AAPL,2026-04-28 18:25:00,270.61,270.69,270.59,270.63,24850.0,1m
AAPL,2026-04-28 18:26:00,270.63,270.64,270.5,270.5,19994.0,1m
AAPL,2026-04-28 18:27:00,270.5,270.57,270.5,270.57,16579.0,1m
AAPL,2026-04-28 18:28:00,270.56,270.56,270.5,270.53,18248.0,1m
AAPL,2026-04-28 18:29:00,270.54,270.55,270.48,270.5,35817.0,1m
AAPL,2026-04-28 18:30:00,270.5,270.54,270.44,270.48,38896.0,1m
AAPL,2026-04-28 18:31:00,270.47,270.52,270.22,270.28,82045.0,1m
AAPL,2026-04-28 18:32:00,270.27,270.43,270.19,270.37,34951.0,1m
AAPL,2026-04-28 18:33:00,270.37,270.46,270.34,270.44,26260.0,1m
AAPL,2026-04-28 18:34:00,270.42,270.52,270.4,270.5,13643.0,1m
AAPL,2026-04-28 18:35:00,270.49,270.51,270.36,270.36,30213.0,1m
AAPL,2026-04-28 18:36:00,270.37,270.45,270.37,270.42,10948.0,1m
AAPL,2026-04-28 18:37:00,270.42,270.43,270.38,270.39,15898.0,1m
AAPL,2026-04-28 18:38:00,270.39,270.42,270.3,270.35,19967.0,1m
AAPL,2026-04-28 18:39:00,270.32,270.41,270.31,270.37,33945.0,1m
AAPL,2026-04-28 18:40:00,270.35,270.39,270.35,270.38,16385.0,1m
AAPL,2026-04-28 18:41:00,270.38,270.39,270.24,270.25,33699.0,1m
AAPL,2026-04-28 18:42:00,270.25,270.27,270.18,270.22,22512.0,1m
AAPL,2026-04-28 18:43:00,270.21,270.22,270.18,270.21,27482.0,1m
AAPL,2026-04-28 18:44:00,270.21,270.4,270.2,270.23,29635.0,1m
AAPL,2026-04-28 18:45:00,270.23,270.26,270.18,270.21,23864.0,1m
AAPL,2026-04-28 18:46:00,270.22,270.29,270.21,270.23,16099.0,1m
AAPL,2026-04-28 18:47:00,270.22,270.24,270.2,270.23,16466.0,1m
AAPL,2026-04-28 18:48:00,270.23,270.27,270.19,270.21,28679.0,1m
AAPL,2026-04-28 18:49:00,270.24,270.26,270.21,270.21,11931.0,1m
AAPL,2026-04-28 18:50:00,270.21,270.23,270.14,270.18,21257.0,1m
AAPL,2026-04-28 18:51:00,270.18,270.26,270.16,270.23,15141.0,1m
AAPL,2026-04-28 18:52:00,270.23,270.25,270.12,270.12,20465.0,1m
AAPL,2026-04-28 18:53:00,270.12,270.23,270.11,270.12,25322.0,1m
AAPL,2026-04-28 18:54:00,270.12,270.12,270.03,270.06,18449.0,1m
AAPL,2026-04-28 18:55:00,270.06,270.06,269.89,269.94,27403.0,1m
AAPL,2026-04-28 18:56:00,269.96,270.09,269.93,270.02,48588.0,1m
AAPL,2026-04-28 18:57:00,270.02,270.17,270.01,270.16,47203.0,1m
AAPL,2026-04-28 18:58:00,270.15,270.16,270.06,270.06,15880.0,1m
AAPL,2026-04-28 18:59:00,270.07,270.1,270.03,270.06,24320.0,1m
AAPL,2026-04-28 19:00:00,270.06,270.14,270.06,270.13,23928.0,1m
AAPL,2026-04-28 19:01:00,270.13,270.16,270.07,270.11,16705.0,1m
AAPL,2026-04-28 19:02:00,270.1,270.14,270.06,270.09,30017.0,1m
AAPL,2026-04-28 19:03:00,270.11,270.11,270.02,270.1,37449.0,1m
AAPL,2026-04-28 19:04:00,270.11,270.14,270.07,270.13,12816.0,1m
AAPL,2026-04-28 19:05:00,270.13,270.22,270.08,270.21,24150.0,1m
AAPL,2026-04-28 19:06:00,270.21,270.29,270.18,270.28,27233.0,1m
AAPL,2026-04-28 19:07:00,270.29,270.34,270.26,270.31,19032.0,1m
AAPL,2026-04-28 19:08:00,270.31,270.36,270.26,270.3,18019.0,1m
AAPL,2026-04-28 19:09:00,270.3,270.3,270.2,270.23,20186.0,1m
AAPL,2026-04-28 19:10:00,270.21,270.27,270.16,270.26,34893.0,1m
AAPL,2026-04-28 19:11:00,270.26,270.35,270.26,270.34,18181.0,1m
AAPL,2026-04-28 19:12:00,270.34,270.35,270.29,270.32,29984.0,1m
AAPL,2026-04-28 19:13:00,270.32,270.4,270.32,270.39,19710.0,1m
AAPL,2026-04-28 19:14:00,270.38,270.45,270.37,270.45,20503.0,1m
AAPL,2026-04-28 19:15:00,270.44,270.54,270.42,270.48,52495.0,1m
AAPL,2026-04-28 19:16:00,270.49,270.58,270.47,270.53,26210.0,1m
AAPL,2026-04-28 19:17:00,270.52,270.57,270.41,270.41,34468.0,1m
AAPL,2026-04-28 19:18:00,270.43,270.44,270.37,270.43,39206.0,1m
AAPL,2026-04-28 19:19:00,270.44,270.5,270.41,270.46,50359.0,1m
AAPL,2026-04-28 19:20:00,270.44,270.49,270.29,270.49,31095.0,1m
AAPL,2026-04-28 19:21:00,270.48,270.57,270.47,270.57,22214.0,1m
AAPL,2026-04-28 19:22:00,270.56,270.61,270.56,270.57,19293.0,1m
AAPL,2026-04-28 19:23:00,270.58,270.63,270.51,270.54,30024.0,1m
AAPL,2026-04-28 19:24:00,270.52,270.52,270.35,270.38,29142.0,1m
AAPL,2026-04-28 19:25:00,270.38,270.38,270.23,270.27,38333.0,1m
AAPL,2026-04-28 19:26:00,270.27,270.36,270.26,270.32,34251.0,1m
AAPL,2026-04-28 19:27:00,270.32,270.33,270.24,270.25,18833.0,1m
AAPL,2026-04-28 19:28:00,270.24,270.25,270.18,270.21,15677.0,1m
AAPL,2026-04-28 19:29:00,270.21,270.23,270.12,270.23,32668.0,1m
AAPL,2026-04-28 19:30:00,270.23,270.33,270.21,270.28,32582.0,1m
AAPL,2026-04-28 19:31:00,270.29,270.41,270.25,270.37,41051.0,1m
AAPL,2026-04-28 19:32:00,270.38,270.4,270.17,270.17,23298.0,1m
AAPL,2026-04-28 19:33:00,270.16,270.19,270.06,270.08,21412.0,1m
AAPL,2026-04-28 19:34:00,270.09,270.09,270.01,270.03,42034.0,1m
AAPL,2026-04-28 19:35:00,270.04,270.09,270.02,270.06,39661.0,1m
AAPL,2026-04-28 19:36:00,270.06,270.11,269.99,270.11,60155.0,1m
AAPL,2026-04-28 19:37:00,270.11,270.19,270.1,270.16,39368.0,1m
AAPL,2026-04-28 19:38:00,270.17,270.25,270.16,270.22,26310.0,1m
AAPL,2026-04-28 19:39:00,270.23,270.44,270.22,270.42,35752.0,1m
AAPL,2026-04-28 19:40:00,270.44,270.58,270.43,270.56,39653.0,1m
AAPL,2026-04-28 19:41:00,270.54,270.59,270.51,270.57,29258.0,1m
AAPL,2026-04-28 19:42:00,270.58,270.59,270.39,270.44,34899.0,1m
AAPL,2026-04-28 19:43:00,270.43,270.56,270.43,270.52,31424.0,1m
AAPL,2026-04-28 19:44:00,270.54,270.58,270.5,270.55,29253.0,1m
AAPL,2026-04-28 19:45:00,270.55,270.65,270.52,270.65,44791.0,1m
AAPL,2026-04-28 19:46:00,270.64,270.74,270.64,270.7,55017.0,1m
AAPL,2026-04-28 19:47:00,270.7,270.72,270.63,270.69,59267.0,1m
AAPL,2026-04-28 19:48:00,270.69,270.74,270.67,270.7,39213.0,1m
AAPL,2026-04-28 19:49:00,270.69,270.72,270.57,270.61,36956.0,1m
AAPL,2026-04-28 19:50:00,270.63,270.8,270.62,270.79,70178.0,1m
AAPL,2026-04-28 19:51:00,270.8,270.91,270.79,270.9,75654.0,1m
AAPL,2026-04-28 19:52:00,270.89,270.95,270.84,270.9,65100.0,1m
AAPL,2026-04-28 19:53:00,270.91,270.91,270.6,270.63,83887.0,1m
AAPL,2026-04-28 19:54:00,270.63,270.73,270.48,270.63,99238.0,1m
AAPL,2026-04-28 19:55:00,270.6,270.83,270.56,270.8,127085.0,1m
AAPL,2026-04-28 19:56:00,270.82,270.82,270.7,270.78,112181.0,1m
AAPL,2026-04-28 19:57:00,270.78,270.81,270.69,270.74,155590.0,1m
AAPL,2026-04-28 19:58:00,270.74,270.84,270.7,270.84,221714.0,1m
AAPL,2026-04-28 19:59:00,270.83,270.85,270.69,270.76,426653.0,1m
AAPL,2026-04-29 13:30:00,267.59,268.04,267.04,267.86,546817.0,1m
AAPL,2026-04-29 13:31:00,267.79,267.79,267.2,267.42,123773.0,1m
AAPL,2026-04-29 13:32:00,267.45,268.11,267.4,268.01,114653.0,1m
AAPL,2026-04-29 13:33:00,268.0,268.65,267.99,268.46,88131.0,1m
AAPL,2026-04-29 13:34:00,268.44,268.5,268.0,268.19,74887.0,1m
AAPL,2026-04-29 13:35:00,268.16,268.43,267.7,267.76,94411.0,1m
AAPL,2026-04-29 13:36:00,267.77,268.02,267.73,268.02,63203.0,1m
AAPL,2026-04-29 13:37:00,268.04,268.28,267.95,268.03,74885.0,1m
AAPL,2026-04-29 13:38:00,267.99,268.54,267.96,268.45,59749.0,1m
AAPL,2026-04-29 13:39:00,268.42,268.77,268.41,268.63,62375.0,1m
AAPL,2026-04-29 13:40:00,268.62,268.7,268.44,268.62,44984.0,1m
AAPL,2026-04-29 13:41:00,268.62,268.99,268.59,268.91,74790.0,1m
AAPL,2026-04-29 13:42:00,268.91,269.0,268.47,268.62,90592.0,1m
AAPL,2026-04-29 13:43:00,268.61,268.82,268.52,268.63,106142.0,1m
AAPL,2026-04-29 13:44:00,268.62,268.71,268.5,268.5,37298.0,1m
AAPL,2026-04-29 13:45:00,268.51,268.86,268.51,268.79,67910.0,1m
AAPL,2026-04-29 13:46:00,268.81,269.04,268.78,269.0,64238.0,1m
AAPL,2026-04-29 13:47:00,269.03,269.16,268.83,268.85,46866.0,1m
AAPL,2026-04-29 13:48:00,268.85,269.32,268.69,269.31,49915.0,1m
AAPL,2026-04-29 13:49:00,269.34,269.46,269.2,269.35,95706.0,1m
AAPL,2026-04-29 13:50:00,269.36,269.56,269.27,269.32,83308.0,1m
AAPL,2026-04-29 13:51:00,269.33,269.38,268.93,269.11,98216.0,1m
AAPL,2026-04-29 13:52:00,269.11,269.14,268.87,269.01,37297.0,1m
AAPL,2026-04-29 13:53:00,269.02,269.05,268.78,268.81,47528.0,1m
AAPL,2026-04-29 13:54:00,268.8,269.11,268.79,269.08,36622.0,1m
AAPL,2026-04-29 13:55:00,269.12,269.23,269.07,269.19,29307.0,1m
AAPL,2026-04-29 13:56:00,269.2,269.21,268.89,268.93,33522.0,1m
AAPL,2026-04-29 13:57:00,268.91,269.08,268.87,268.98,34968.0,1m
AAPL,2026-04-29 13:58:00,268.95,269.11,268.81,268.86,36008.0,1m
AAPL,2026-04-29 13:59:00,268.9,269.34,268.89,269.26,44743.0,1m
AAPL,2026-04-29 14:00:00,269.26,269.46,269.22,269.3,75051.0,1m
AAPL,2026-04-29 14:01:00,269.32,269.55,269.28,269.46,40942.0,1m
AAPL,2026-04-29 14:02:00,269.44,269.66,269.35,269.66,39244.0,1m
AAPL,2026-04-29 14:03:00,269.66,269.66,269.45,269.64,53660.0,1m
AAPL,2026-04-29 14:04:00,269.61,269.97,269.61,269.84,86655.0,1m
AAPL,2026-04-29 14:05:00,269.81,270.0,269.68,269.98,79795.0,1m
AAPL,2026-04-29 14:06:00,269.99,270.32,269.98,270.27,107511.0,1m
AAPL,2026-04-29 14:07:00,270.27,270.29,269.87,269.89,44329.0,1m
AAPL,2026-04-29 14:08:00,269.88,270.13,269.84,270.09,149720.0,1m
AAPL,2026-04-29 14:09:00,270.1,270.14,269.71,269.75,71894.0,1m
AAPL,2026-04-29 14:10:00,269.76,269.76,269.57,269.58,43287.0,1m
AAPL,2026-04-29 14:11:00,269.59,269.67,269.47,269.54,33133.0,1m
AAPL,2026-04-29 14:12:00,269.55,269.56,269.37,269.41,43676.0,1m
AAPL,2026-04-29 14:13:00,269.42,269.48,269.21,269.21,36808.0,1m
AAPL,2026-04-29 14:14:00,269.21,269.55,269.2,269.5,41871.0,1m
AAPL,2026-04-29 14:15:00,269.52,269.53,269.42,269.43,19417.0,1m
AAPL,2026-04-29 14:16:00,269.46,269.46,269.16,269.27,39874.0,1m
AAPL,2026-04-29 14:17:00,269.25,269.39,269.05,269.37,35215.0,1m
AAPL,2026-04-29 14:18:00,269.4,269.41,269.25,269.34,35928.0,1m
AAPL,2026-04-29 14:19:00,269.37,269.68,269.37,269.64,32384.0,1m
AAPL,2026-04-29 14:20:00,269.63,269.64,269.26,269.26,29011.0,1m
AAPL,2026-04-29 14:21:00,269.22,269.36,269.21,269.26,15991.0,1m
AAPL,2026-04-29 14:22:00,269.26,269.39,269.21,269.38,35395.0,1m
AAPL,2026-04-29 14:23:00,269.39,269.42,269.12,269.14,35622.0,1m
AAPL,2026-04-29 14:24:00,269.13,269.19,269.03,269.16,45053.0,1m
AAPL,2026-04-29 14:25:00,269.16,269.25,269.13,269.17,22821.0,1m
AAPL,2026-04-29 14:26:00,269.18,269.42,269.16,269.34,39179.0,1m
AAPL,2026-04-29 14:27:00,269.33,269.39,269.18,269.23,30951.0,1m
AAPL,2026-04-29 14:28:00,269.23,269.28,269.06,269.17,24138.0,1m
AAPL,2026-04-29 14:29:00,269.17,269.4,269.15,269.4,32090.0,1m
AAPL,2026-04-29 14:30:00,269.41,269.42,269.1,269.13,30177.0,1m
AAPL,2026-04-29 14:31:00,269.12,269.22,269.03,269.15,22509.0,1m
AAPL,2026-04-29 14:32:00,269.16,269.24,269.13,269.16,26628.0,1m
AAPL,2026-04-29 14:33:00,269.17,269.18,269.06,269.12,37223.0,1m
AAPL,2026-04-29 14:34:00,269.12,269.21,269.08,269.18,22953.0,1m
AAPL,2026-04-29 14:35:00,269.19,269.37,269.16,269.32,43594.0,1m
AAPL,2026-04-29 14:36:00,269.3,269.32,269.11,269.13,23788.0,1m
AAPL,2026-04-29 14:37:00,269.13,269.31,269.13,269.27,26048.0,1m
AAPL,2026-04-29 14:38:00,269.25,269.33,269.23,269.33,15023.0,1m
AAPL,2026-04-29 14:39:00,269.34,269.34,269.22,269.26,18985.0,1m
AAPL,2026-04-29 14:40:00,269.26,269.31,269.21,269.27,19419.0,1m
AAPL,2026-04-29 14:41:00,269.29,269.44,269.25,269.42,24086.0,1m
AAPL,2026-04-29 14:42:00,269.42,269.42,269.29,269.36,27565.0,1m
AAPL,2026-04-29 14:43:00,269.36,269.45,269.23,269.43,20889.0,1m
AAPL,2026-04-29 14:44:00,269.44,269.47,269.33,269.39,37586.0,1m
AAPL,2026-04-29 14:45:00,269.43,269.66,269.38,269.65,36058.0,1m
AAPL,2026-04-29 14:46:00,269.65,269.67,269.53,269.59,39675.0,1m
AAPL,2026-04-29 14:47:00,269.55,269.71,269.49,269.49,23468.0,1m
AAPL,2026-04-29 14:48:00,269.51,269.61,269.45,269.61,20364.0,1m
AAPL,2026-04-29 14:49:00,269.61,269.69,269.55,269.67,17832.0,1m
AAPL,2026-04-29 14:50:00,269.66,269.79,269.66,269.75,27633.0,1m
AAPL,2026-04-29 14:51:00,269.76,269.76,269.65,269.66,19261.0,1m
AAPL,2026-04-29 14:52:00,269.64,269.71,269.6,269.71,16574.0,1m
AAPL,2026-04-29 14:53:00,269.72,269.91,269.71,269.91,38812.0,1m
AAPL,2026-04-29 14:54:00,269.9,269.93,269.78,269.91,22484.0,1m
AAPL,2026-04-29 14:55:00,269.92,269.93,269.73,269.74,12247.0,1m
AAPL,2026-04-29 14:56:00,269.74,269.74,269.43,269.44,29686.0,1m
AAPL,2026-04-29 14:57:00,269.44,269.52,269.42,269.48,17855.0,1m
AAPL,2026-04-29 14:58:00,269.5,269.5,269.28,269.31,41980.0,1m
AAPL,2026-04-29 14:59:00,269.31,269.35,269.29,269.31,15558.0,1m
AAPL,2026-04-29 15:00:00,269.31,269.36,269.26,269.27,28392.0,1m
AAPL,2026-04-29 15:01:00,269.28,269.42,269.21,269.32,19614.0,1m
AAPL,2026-04-29 15:02:00,269.31,269.34,269.07,269.1,29932.0,1m
AAPL,2026-04-29 15:03:00,269.1,269.1,268.84,268.89,35681.0,1m
AAPL,2026-04-29 15:04:00,268.9,269.1,268.86,269.04,38409.0,1m
AAPL,2026-04-29 15:05:00,269.03,269.1,268.9,268.93,39001.0,1m
AAPL,2026-04-29 15:06:00,268.96,269.17,268.96,269.15,32429.0,1m
AAPL,2026-04-29 15:07:00,269.16,269.26,269.07,269.14,43368.0,1m
AAPL,2026-04-29 15:08:00,269.14,269.3,269.12,269.23,23804.0,1m
AAPL,2026-04-29 15:09:00,269.24,269.27,269.15,269.2,21885.0,1m
AAPL,2026-04-29 15:10:00,269.2,269.26,269.11,269.21,27033.0,1m
AAPL,2026-04-29 15:11:00,269.16,269.23,269.1,269.21,31958.0,1m
AAPL,2026-04-29 15:12:00,269.21,269.3,269.11,269.12,22914.0,1m
AAPL,2026-04-29 15:13:00,269.12,269.19,269.0,269.15,84385.0,1m
AAPL,2026-04-29 15:14:00,269.15,269.15,268.91,268.92,27086.0,1m
AAPL,2026-04-29 15:15:00,268.92,269.1,268.89,269.08,39409.0,1m
AAPL,2026-04-29 15:16:00,269.09,269.14,269.02,269.08,20693.0,1m
AAPL,2026-04-29 15:17:00,269.09,269.09,268.92,269.06,28938.0,1m
AAPL,2026-04-29 15:18:00,269.07,269.08,268.94,268.98,23738.0,1m
AAPL,2026-04-29 15:19:00,268.95,268.95,268.85,268.88,20971.0,1m
AAPL,2026-04-29 15:20:00,268.85,268.85,268.73,268.77,23490.0,1m
AAPL,2026-04-29 15:21:00,268.78,268.91,268.77,268.82,26095.0,1m
AAPL,2026-04-29 15:22:00,268.83,268.9,268.82,268.87,26851.0,1m
AAPL,2026-04-29 15:23:00,268.86,269.07,268.86,268.94,24708.0,1m
AAPL,2026-04-29 15:24:00,268.96,269.01,268.94,268.96,14915.0,1m
AAPL,2026-04-29 15:25:00,268.95,269.02,268.95,268.99,11566.0,1m
AAPL,2026-04-29 15:26:00,269.0,269.0,268.83,268.86,21340.0,1m
AAPL,2026-04-29 15:27:00,268.85,268.97,268.85,268.96,26624.0,1m
AAPL,2026-04-29 15:28:00,268.96,268.99,268.89,268.96,36245.0,1m
AAPL,2026-04-29 15:29:00,268.98,269.03,268.83,268.83,28696.0,1m
AAPL,2026-04-29 15:30:00,268.85,268.92,268.81,268.81,23560.0,1m
AAPL,2026-04-29 15:31:00,268.82,268.89,268.74,268.86,42035.0,1m
AAPL,2026-04-29 15:32:00,268.86,268.86,268.71,268.72,37230.0,1m
AAPL,2026-04-29 15:33:00,268.71,268.71,268.61,268.64,37514.0,1m
AAPL,2026-04-29 15:34:00,268.65,268.78,268.6,268.78,27648.0,1m
AAPL,2026-04-29 15:35:00,268.79,268.98,268.76,268.95,68974.0,1m
AAPL,2026-04-29 15:36:00,268.96,269.01,268.91,268.92,28051.0,1m
AAPL,2026-04-29 15:37:00,268.94,269.1,268.92,269.06,38741.0,1m
AAPL,2026-04-29 15:38:00,269.06,269.15,269.05,269.09,21074.0,1m
AAPL,2026-04-29 15:39:00,269.06,269.09,268.98,269.07,28350.0,1m
AAPL,2026-04-29 15:40:00,269.08,269.18,269.07,269.07,14852.0,1m
AAPL,2026-04-29 15:41:00,269.07,269.12,269.03,269.1,20036.0,1m
AAPL,2026-04-29 15:42:00,269.09,269.26,269.08,269.24,22503.0,1m
AAPL,2026-04-29 15:43:00,269.26,269.28,269.06,269.08,26328.0,1m
AAPL,2026-04-29 15:44:00,269.08,269.16,269.01,269.05,43900.0,1m
AAPL,2026-04-29 15:45:00,269.08,269.22,269.03,269.21,34704.0,1m
AAPL,2026-04-29 15:46:00,269.21,269.26,269.1,269.12,17192.0,1m
AAPL,2026-04-29 15:47:00,269.13,269.17,268.85,268.99,98242.0,1m
AAPL,2026-04-29 15:48:00,269.02,269.17,268.93,268.99,46823.0,1m
AAPL,2026-04-29 15:49:00,268.97,269.0,268.78,268.8,16649.0,1m
AAPL,2026-04-29 15:50:00,268.81,268.86,268.71,268.78,34290.0,1m
AAPL,2026-04-29 15:51:00,268.76,268.88,268.48,268.64,90318.0,1m
AAPL,2026-04-29 15:52:00,268.68,268.73,268.45,268.65,27050.0,1m
AAPL,2026-04-29 15:53:00,268.69,268.7,268.25,268.31,36837.0,1m
AAPL,2026-04-29 15:54:00,268.31,268.49,268.2,268.42,53177.0,1m
AAPL,2026-04-29 15:55:00,268.46,268.58,268.44,268.56,32038.0,1m
AAPL,2026-04-29 15:56:00,268.56,268.58,268.38,268.56,24140.0,1m
AAPL,2026-04-29 15:57:00,268.57,268.59,268.51,268.52,12806.0,1m
AAPL,2026-04-29 15:58:00,268.51,268.71,268.51,268.68,21629.0,1m
AAPL,2026-04-29 15:59:00,268.67,268.69,268.55,268.63,19209.0,1m
AAPL,2026-04-29 16:00:00,268.65,268.76,268.62,268.76,12878.0,1m
AAPL,2026-04-29 16:01:00,268.76,268.92,268.7,268.9,22017.0,1m
AAPL,2026-04-29 16:02:00,268.9,268.99,268.85,268.98,25997.0,1m
AAPL,2026-04-29 16:03:00,268.99,269.1,268.98,269.05,22253.0,1m
AAPL,2026-04-29 16:04:00,269.05,269.08,269.02,269.04,13097.0,1m
AAPL,2026-04-29 16:05:00,269.04,269.04,268.92,268.93,19035.0,1m
AAPL,2026-04-29 16:06:00,268.93,269.0,268.91,268.93,14020.0,1m
AAPL,2026-04-29 16:07:00,268.94,268.97,268.89,268.97,28636.0,1m
AAPL,2026-04-29 16:08:00,268.97,268.99,268.92,268.98,8927.0,1m
AAPL,2026-04-29 16:09:00,268.96,268.97,268.72,268.72,25358.0,1m
AAPL,2026-04-29 16:10:00,268.72,268.94,268.7,268.89,19124.0,1m
AAPL,2026-04-29 16:11:00,268.88,268.91,268.82,268.89,36573.0,1m
AAPL,2026-04-29 16:12:00,268.87,269.06,268.84,269.06,27408.0,1m
AAPL,2026-04-29 16:13:00,269.06,269.09,269.01,269.07,11199.0,1m
AAPL,2026-04-29 16:14:00,269.07,269.07,268.98,269.0,14817.0,1m
AAPL,2026-04-29 16:15:00,268.99,269.09,268.96,269.0,12038.0,1m
AAPL,2026-04-29 16:16:00,269.0,269.07,268.96,268.98,11745.0,1m
AAPL,2026-04-29 16:17:00,268.98,268.99,268.82,268.84,8289.0,1m
AAPL,2026-04-29 16:18:00,268.84,268.84,268.72,268.77,21754.0,1m
AAPL,2026-04-29 16:19:00,268.78,268.82,268.72,268.76,32629.0,1m
AAPL,2026-04-29 16:20:00,268.74,268.86,268.73,268.79,18206.0,1m
AAPL,2026-04-29 16:21:00,268.81,268.89,268.81,268.88,9816.0,1m
AAPL,2026-04-29 16:22:00,268.88,269.04,268.87,269.02,19688.0,1m
AAPL,2026-04-29 16:23:00,269.01,269.26,269.01,269.25,47941.0,1m
AAPL,2026-04-29 16:24:00,269.26,270.1,269.24,269.75,170482.0,1m
AAPL,2026-04-29 16:25:00,269.75,269.85,269.58,269.7,72925.0,1m
AAPL,2026-04-29 16:26:00,269.7,269.89,269.67,269.89,63261.0,1m
AAPL,2026-04-29 16:27:00,269.89,269.93,269.66,269.69,44314.0,1m
AAPL,2026-04-29 16:28:00,269.71,269.74,269.48,269.53,39568.0,1m
AAPL,2026-04-29 16:29:00,269.52,269.83,269.5,269.82,54085.0,1m
AAPL,2026-04-29 16:30:00,269.83,269.94,269.75,269.93,27308.0,1m
AAPL,2026-04-29 16:31:00,269.93,269.99,269.87,269.93,33027.0,1m
AAPL,2026-04-29 16:32:00,269.93,270.02,269.86,269.97,35992.0,1m
AAPL,2026-04-29 16:33:00,269.98,270.09,269.89,270.09,37343.0,1m
AAPL,2026-04-29 16:34:00,270.09,270.16,269.95,269.96,36154.0,1m
AAPL,2026-04-29 16:35:00,269.96,269.97,269.78,269.79,27607.0,1m
AAPL,2026-04-29 16:36:00,269.81,269.9,269.76,269.89,13848.0,1m
AAPL,2026-04-29 16:37:00,269.89,270.11,269.88,269.98,30434.0,1m
AAPL,2026-04-29 16:38:00,269.98,270.03,269.9,269.91,18758.0,1m
AAPL,2026-04-29 16:39:00,269.89,269.95,269.85,269.95,15913.0,1m
AAPL,2026-04-29 16:40:00,269.95,270.09,269.92,269.96,21220.0,1m
AAPL,2026-04-29 16:41:00,269.94,269.95,269.87,269.94,13462.0,1m
AAPL,2026-04-29 16:42:00,269.93,270.13,269.93,270.07,17118.0,1m
AAPL,2026-04-29 16:43:00,270.06,270.21,270.05,270.2,40048.0,1m
AAPL,2026-04-29 16:44:00,270.21,270.23,270.16,270.2,23051.0,1m
AAPL,2026-04-29 16:45:00,270.2,270.23,270.11,270.19,22199.0,1m
AAPL,2026-04-29 16:46:00,270.2,270.23,270.14,270.16,29094.0,1m
AAPL,2026-04-29 16:47:00,270.18,270.24,270.13,270.17,20000.0,1m
AAPL,2026-04-29 16:48:00,270.16,270.37,270.09,270.36,27893.0,1m
AAPL,2026-04-29 16:49:00,270.38,270.5,270.35,270.49,21583.0,1m
AAPL,2026-04-29 16:50:00,270.49,270.5,270.35,270.49,29921.0,1m
AAPL,2026-04-29 16:51:00,270.49,270.56,270.43,270.56,29870.0,1m
AAPL,2026-04-29 16:52:00,270.56,270.64,270.46,270.63,57647.0,1m
AAPL,2026-04-29 16:53:00,270.62,270.8,270.61,270.67,33938.0,1m
AAPL,2026-04-29 16:54:00,270.67,270.85,270.63,270.8,46965.0,1m
AAPL,2026-04-29 16:55:00,270.79,270.87,270.65,270.65,65782.0,1m
AAPL,2026-04-29 16:56:00,270.66,270.89,270.62,270.89,38584.0,1m
AAPL,2026-04-29 16:57:00,270.86,271.04,270.86,270.87,64318.0,1m
AAPL,2026-04-29 16:58:00,270.87,270.99,270.77,270.99,31305.0,1m
AAPL,2026-04-29 16:59:00,270.98,271.0,270.86,270.95,22382.0,1m
AAPL,2026-04-29 17:00:00,270.97,270.98,270.61,270.62,33507.0,1m
AAPL,2026-04-29 17:01:00,270.62,270.67,270.52,270.52,34108.0,1m
AAPL,2026-04-29 17:02:00,270.51,270.55,270.3,270.36,30642.0,1m
AAPL,2026-04-29 17:03:00,270.35,270.42,270.3,270.32,18037.0,1m
AAPL,2026-04-29 17:04:00,270.31,270.44,270.29,270.33,11843.0,1m
AAPL,2026-04-29 17:05:00,270.36,270.51,270.29,270.5,12465.0,1m
AAPL,2026-04-29 17:06:00,270.5,270.68,270.49,270.67,21283.0,1m
AAPL,2026-04-29 17:07:00,270.67,270.69,270.52,270.53,10320.0,1m
AAPL,2026-04-29 17:08:00,270.51,270.57,270.4,270.44,12605.0,1m
AAPL,2026-04-29 17:09:00,270.44,270.45,270.35,270.37,10499.0,1m
AAPL,2026-04-29 17:10:00,270.38,270.4,270.3,270.36,14355.0,1m
AAPL,2026-04-29 17:11:00,270.37,270.37,270.23,270.25,14752.0,1m
AAPL,2026-04-29 17:12:00,270.25,270.3,270.22,270.3,8679.0,1m
AAPL,2026-04-29 17:13:00,270.3,270.3,270.21,270.23,14037.0,1m
AAPL,2026-04-29 17:14:00,270.24,270.24,270.11,270.13,17281.0,1m
AAPL,2026-04-29 17:15:00,270.13,270.15,270.05,270.11,30594.0,1m
AAPL,2026-04-29 17:16:00,270.11,270.11,270.02,270.05,31591.0,1m
AAPL,2026-04-29 17:17:00,270.06,270.14,270.03,270.07,12166.0,1m
AAPL,2026-04-29 17:18:00,270.1,270.1,270.03,270.05,6686.0,1m
AAPL,2026-04-29 17:19:00,270.02,270.05,269.98,270.0,25317.0,1m
AAPL,2026-04-29 17:20:00,270.02,270.24,270.0,270.06,24442.0,1m
AAPL,2026-04-29 17:21:00,270.03,270.16,269.99,270.13,34389.0,1m
AAPL,2026-04-29 17:22:00,270.15,270.18,270.12,270.13,9922.0,1m
AAPL,2026-04-29 17:23:00,270.11,270.17,270.01,270.03,16182.0,1m
AAPL,2026-04-29 17:24:00,270.03,270.08,269.91,270.06,9410.0,1m
AAPL,2026-04-29 17:25:00,270.1,270.15,270.05,270.14,13929.0,1m
AAPL,2026-04-29 17:26:00,270.14,270.21,270.13,270.17,20560.0,1m
AAPL,2026-04-29 17:27:00,270.17,270.18,270.11,270.11,7613.0,1m
AAPL,2026-04-29 17:28:00,270.12,270.14,270.05,270.11,19089.0,1m
AAPL,2026-04-29 17:29:00,270.12,270.2,270.08,270.2,7291.0,1m
AAPL,2026-04-29 17:30:00,270.2,270.26,270.14,270.19,15151.0,1m
AAPL,2026-04-29 17:31:00,270.19,270.34,270.14,270.2,11295.0,1m
AAPL,2026-04-29 17:32:00,270.18,270.36,270.17,270.35,11287.0,1m
AAPL,2026-04-29 17:33:00,270.33,270.43,270.31,270.43,13127.0,1m
AAPL,2026-04-29 17:34:00,270.45,270.47,270.34,270.38,21428.0,1m
AAPL,2026-04-29 17:35:00,270.38,270.41,270.34,270.37,13212.0,1m
AAPL,2026-04-29 17:36:00,270.36,270.45,270.36,270.44,9809.0,1m
AAPL,2026-04-29 17:37:00,270.45,270.46,270.4,270.42,8781.0,1m
AAPL,2026-04-29 17:38:00,270.42,270.54,270.42,270.54,14558.0,1m
AAPL,2026-04-29 17:39:00,270.53,270.53,270.36,270.4,31722.0,1m
AAPL,2026-04-29 17:40:00,270.4,270.48,270.38,270.38,11186.0,1m
AAPL,2026-04-29 17:41:00,270.39,270.44,270.3,270.41,28644.0,1m
AAPL,2026-04-29 17:42:00,270.41,270.41,270.31,270.33,10326.0,1m
AAPL,2026-04-29 17:43:00,270.32,270.36,270.29,270.36,13383.0,1m
AAPL,2026-04-29 17:44:00,270.36,270.38,270.33,270.35,8456.0,1m
AAPL,2026-04-29 17:45:00,270.34,270.36,270.25,270.3,8067.0,1m
AAPL,2026-04-29 17:46:00,270.29,270.33,270.27,270.28,6062.0,1m
AAPL,2026-04-29 17:47:00,270.25,270.31,270.25,270.31,11442.0,1m
AAPL,2026-04-29 17:48:00,270.32,270.45,270.3,270.3,21554.0,1m
AAPL,2026-04-29 17:49:00,270.34,270.42,270.27,270.4,21945.0,1m
AAPL,2026-04-29 17:50:00,270.39,270.55,270.33,270.55,31371.0,1m
AAPL,2026-04-29 17:51:00,270.54,270.59,270.46,270.49,9705.0,1m
AAPL,2026-04-29 17:52:00,270.47,270.48,270.41,270.42,7460.0,1m
AAPL,2026-04-29 17:53:00,270.42,270.43,270.33,270.34,26209.0,1m
AAPL,2026-04-29 17:54:00,270.35,270.37,270.29,270.32,25947.0,1m
AAPL,2026-04-29 17:55:00,270.35,270.35,270.25,270.31,8288.0,1m
AAPL,2026-04-29 17:56:00,270.31,270.42,270.22,270.23,30204.0,1m
AAPL,2026-04-29 17:57:00,270.21,270.25,270.13,270.24,25585.0,1m
AAPL,2026-04-29 17:58:00,270.24,270.32,270.22,270.23,15632.0,1m
AAPL,2026-04-29 17:59:00,270.23,270.23,270.11,270.17,10430.0,1m
AAPL,2026-04-29 18:00:00,270.19,270.23,269.92,270.05,30144.0,1m
AAPL,2026-04-29 18:01:00,270.04,270.13,269.99,270.05,23110.0,1m
AAPL,2026-04-29 18:02:00,270.06,270.06,269.87,269.88,9983.0,1m
AAPL,2026-04-29 18:03:00,269.88,269.88,269.76,269.84,17292.0,1m
AAPL,2026-04-29 18:04:00,269.85,269.89,269.8,269.81,19321.0,1m
AAPL,2026-04-29 18:05:00,269.83,269.86,269.75,269.79,15829.0,1m
AAPL,2026-04-29 18:06:00,269.78,269.87,269.77,269.86,13763.0,1m
AAPL,2026-04-29 18:07:00,269.86,269.96,269.77,269.81,27386.0,1m
AAPL,2026-04-29 18:08:00,269.81,269.81,269.67,269.69,16615.0,1m
AAPL,2026-04-29 18:09:00,269.67,269.79,269.64,269.77,16330.0,1m
AAPL,2026-04-29 18:10:00,269.75,269.89,269.68,269.88,26893.0,1m
AAPL,2026-04-29 18:11:00,269.89,269.98,269.77,269.78,17882.0,1m
AAPL,2026-04-29 18:12:00,269.79,269.88,269.76,269.84,17765.0,1m
AAPL,2026-04-29 18:13:00,269.85,270.11,269.78,270.09,53437.0,1m
AAPL,2026-04-29 18:14:00,270.09,270.1,270.04,270.04,13897.0,1m
AAPL,2026-04-29 18:15:00,270.02,270.07,269.92,270.06,19427.0,1m
AAPL,2026-04-29 18:16:00,270.04,270.25,270.03,270.19,16848.0,1m
AAPL,2026-04-29 18:17:00,270.2,270.27,270.17,270.21,10910.0,1m
AAPL,2026-04-29 18:18:00,270.2,270.21,270.12,270.15,14423.0,1m
AAPL,2026-04-29 18:19:00,270.14,270.15,270.02,270.04,9467.0,1m
AAPL,2026-04-29 18:20:00,270.04,270.23,270.03,270.21,12816.0,1m
AAPL,2026-04-29 18:21:00,270.22,270.23,270.16,270.18,8352.0,1m
AAPL,2026-04-29 18:22:00,270.15,270.18,270.03,270.03,11375.0,1m
AAPL,2026-04-29 18:23:00,270.04,270.08,269.91,269.92,19647.0,1m
AAPL,2026-04-29 18:24:00,269.93,269.97,269.86,269.89,15883.0,1m
AAPL,2026-04-29 18:25:00,269.9,269.9,269.75,269.77,18540.0,1m
AAPL,2026-04-29 18:26:00,269.78,269.82,269.74,269.78,17740.0,1m
AAPL,2026-04-29 18:27:00,269.79,269.89,269.76,269.84,11905.0,1m
AAPL,2026-04-29 18:28:00,269.8,269.83,269.77,269.81,11829.0,1m
AAPL,2026-04-29 18:29:00,269.81,269.85,269.73,269.74,12312.0,1m
AAPL,2026-04-29 18:30:00,269.73,269.74,269.66,269.69,18496.0,1m
AAPL,2026-04-29 18:31:00,269.67,269.81,269.64,269.7,26065.0,1m
AAPL,2026-04-29 18:32:00,269.68,269.78,269.63,269.78,12108.0,1m
AAPL,2026-04-29 18:33:00,269.82,269.91,269.82,269.86,13620.0,1m
AAPL,2026-04-29 18:34:00,269.86,269.86,269.75,269.84,11055.0,1m
AAPL,2026-04-29 18:35:00,269.81,270.03,269.8,269.9,29106.0,1m
AAPL,2026-04-29 18:36:00,269.9,270.2,269.9,269.97,23344.0,1m
AAPL,2026-04-29 18:37:00,269.97,269.97,269.64,269.86,41034.0,1m
AAPL,2026-04-29 18:38:00,269.88,269.92,269.74,269.75,12711.0,1m
AAPL,2026-04-29 18:39:00,269.78,269.8,269.7,269.75,14530.0,1m
AAPL,2026-04-29 18:40:00,269.74,269.81,269.65,269.78,20107.0,1m
AAPL,2026-04-29 18:41:00,269.76,269.78,269.63,269.63,14828.0,1m
AAPL,2026-04-29 18:42:00,269.63,269.72,269.57,269.69,15913.0,1m
AAPL,2026-04-29 18:43:00,269.67,269.67,269.56,269.61,13358.0,1m
AAPL,2026-04-29 18:44:00,269.62,269.65,269.48,269.51,21521.0,1m
AAPL,2026-04-29 18:45:00,269.52,269.55,269.4,269.54,26154.0,1m
AAPL,2026-04-29 18:46:00,269.55,269.59,269.37,269.51,14322.0,1m
AAPL,2026-04-29 18:47:00,269.5,269.8,269.48,269.78,34096.0,1m
AAPL,2026-04-29 18:48:00,269.8,269.85,269.73,269.78,24753.0,1m
AAPL,2026-04-29 18:49:00,269.77,269.9,269.75,269.83,22280.0,1m
AAPL,2026-04-29 18:50:00,269.83,269.96,269.83,269.9,17184.0,1m
AAPL,2026-04-29 18:51:00,269.88,269.96,269.8,269.81,15034.0,1m
AAPL,2026-04-29 18:52:00,269.79,269.86,269.76,269.79,14468.0,1m
AAPL,2026-04-29 18:53:00,269.8,269.83,269.7,269.81,21352.0,1m
AAPL,2026-04-29 18:54:00,269.78,269.85,269.77,269.84,10351.0,1m
AAPL,2026-04-29 18:55:00,269.84,270.01,269.84,269.91,15625.0,1m
AAPL,2026-04-29 18:56:00,269.91,269.93,269.77,269.78,15188.0,1m
AAPL,2026-04-29 18:57:00,269.76,269.93,269.75,269.88,33267.0,1m
AAPL,2026-04-29 18:58:00,269.88,270.01,269.86,269.98,19741.0,1m
AAPL,2026-04-29 18:59:00,269.98,270.09,269.92,270.07,16806.0,1m
AAPL,2026-04-29 19:00:00,270.07,270.24,270.07,270.19,29476.0,1m
AAPL,2026-04-29 19:01:00,270.17,270.24,270.12,270.21,14761.0,1m
AAPL,2026-04-29 19:02:00,270.2,270.22,270.11,270.15,12604.0,1m
AAPL,2026-04-29 19:03:00,270.14,270.24,270.14,270.24,13187.0,1m
AAPL,2026-04-29 19:04:00,270.24,270.31,270.21,270.23,16271.0,1m
AAPL,2026-04-29 19:05:00,270.21,270.23,270.15,270.17,20470.0,1m
AAPL,2026-04-29 19:06:00,270.18,270.31,270.18,270.24,23853.0,1m
AAPL,2026-04-29 19:07:00,270.24,270.29,270.22,270.26,19676.0,1m
AAPL,2026-04-29 19:08:00,270.26,270.34,270.21,270.29,35504.0,1m
AAPL,2026-04-29 19:09:00,270.28,270.3,270.22,270.24,10835.0,1m
AAPL,2026-04-29 19:10:00,270.25,270.5,270.2,270.43,29840.0,1m
AAPL,2026-04-29 19:11:00,270.42,270.45,270.29,270.29,29397.0,1m
AAPL,2026-04-29 19:12:00,270.29,270.38,270.26,270.34,21605.0,1m
AAPL,2026-04-29 19:13:00,270.34,270.37,270.28,270.32,18081.0,1m
AAPL,2026-04-29 19:14:00,270.3,270.32,270.23,270.26,57909.0,1m
AAPL,2026-04-29 19:15:00,270.26,270.37,270.26,270.3,19939.0,1m
AAPL,2026-04-29 19:16:00,270.29,270.32,270.21,270.29,15378.0,1m
AAPL,2026-04-29 19:17:00,270.28,270.31,270.2,270.22,15688.0,1m
AAPL,2026-04-29 19:18:00,270.21,270.32,270.2,270.27,17746.0,1m
AAPL,2026-04-29 19:19:00,270.26,270.28,270.2,270.25,13462.0,1m
AAPL,2026-04-29 19:20:00,270.26,270.37,270.23,270.34,17587.0,1m
AAPL,2026-04-29 19:21:00,270.34,270.34,270.19,270.22,23000.0,1m
AAPL,2026-04-29 19:22:00,270.22,270.24,270.14,270.15,11575.0,1m
AAPL,2026-04-29 19:23:00,270.15,270.17,270.1,270.12,25107.0,1m
AAPL,2026-04-29 19:24:00,270.11,270.21,270.11,270.21,22302.0,1m
AAPL,2026-04-29 19:25:00,270.21,270.31,270.21,270.26,14883.0,1m
AAPL,2026-04-29 19:26:00,270.24,270.25,270.15,270.15,19315.0,1m
AAPL,2026-04-29 19:27:00,270.15,270.23,270.15,270.22,23325.0,1m
AAPL,2026-04-29 19:28:00,270.24,270.25,270.19,270.22,10530.0,1m
AAPL,2026-04-29 19:29:00,270.21,270.28,270.18,270.28,16859.0,1m
AAPL,2026-04-29 19:30:00,270.27,270.36,270.11,270.12,28840.0,1m
AAPL,2026-04-29 19:31:00,270.12,270.17,270.05,270.07,26645.0,1m
AAPL,2026-04-29 19:32:00,270.04,270.04,269.88,269.92,32626.0,1m
AAPL,2026-04-29 19:33:00,269.9,269.9,269.77,269.87,22955.0,1m
AAPL,2026-04-29 19:34:00,269.84,269.89,269.82,269.88,24026.0,1m
AAPL,2026-04-29 19:35:00,269.88,269.93,269.85,269.91,32657.0,1m
AAPL,2026-04-29 19:36:00,269.92,270.0,269.85,269.88,36610.0,1m
AAPL,2026-04-29 19:37:00,269.89,270.1,269.89,270.01,20248.0,1m
AAPL,2026-04-29 19:38:00,270.0,270.1,270.0,270.05,26516.0,1m
AAPL,2026-04-29 19:39:00,270.06,270.08,269.93,269.95,42574.0,1m
AAPL,2026-04-29 19:40:00,269.94,269.99,269.76,269.77,51446.0,1m
AAPL,2026-04-29 19:41:00,269.77,269.85,269.71,269.85,51916.0,1m
AAPL,2026-04-29 19:42:00,269.85,269.95,269.76,269.93,39769.0,1m
AAPL,2026-04-29 19:43:00,269.93,269.97,269.88,269.91,29707.0,1m
AAPL,2026-04-29 19:44:00,269.91,269.91,269.83,269.86,35856.0,1m
AAPL,2026-04-29 19:45:00,269.86,269.87,269.76,269.86,47544.0,1m
AAPL,2026-04-29 19:46:00,269.87,269.88,269.77,269.79,17544.0,1m
AAPL,2026-04-29 19:47:00,269.78,269.9,269.77,269.81,32691.0,1m
AAPL,2026-04-29 19:48:00,269.81,269.84,269.74,269.8,38628.0,1m
AAPL,2026-04-29 19:49:00,269.81,269.9,269.8,269.8,55928.0,1m
AAPL,2026-04-29 19:50:00,269.71,269.84,269.61,269.73,56837.0,1m
AAPL,2026-04-29 19:51:00,269.73,269.82,269.63,269.71,62485.0,1m
AAPL,2026-04-29 19:52:00,269.7,269.81,269.69,269.8,39296.0,1m
AAPL,2026-04-29 19:53:00,269.81,269.98,269.8,269.89,79584.0,1m
AAPL,2026-04-29 19:54:00,269.9,270.1,269.74,269.97,78313.0,1m
AAPL,2026-04-29 19:55:00,269.99,270.03,269.75,269.98,114664.0,1m
AAPL,2026-04-29 19:56:00,269.97,270.05,269.94,270.04,106391.0,1m
AAPL,2026-04-29 19:57:00,270.04,270.16,269.91,270.1,135285.0,1m
AAPL,2026-04-29 19:58:00,270.09,270.1,269.85,269.88,192350.0,1m
AAPL,2026-04-29 19:59:00,269.87,270.33,269.84,270.19,562647.0,1m
AAPL,2026-04-30 13:30:00,270.52,270.96,270.04,270.21,719411.0,1m
AAPL,2026-04-30 13:31:00,270.15,270.39,269.29,269.44,120291.0,1m
AAPL,2026-04-30 13:32:00,269.4,269.44,268.75,269.03,164212.0,1m
AAPL,2026-04-30 13:33:00,269.04,269.3,268.91,268.94,143072.0,1m
AAPL,2026-04-30 13:34:00,268.93,269.23,268.75,269.04,118303.0,1m
AAPL,2026-04-30 13:35:00,269.06,269.27,268.72,268.83,147629.0,1m
AAPL,2026-04-30 13:36:00,268.86,269.1,268.6,269.1,161584.0,1m
AAPL,2026-04-30 13:37:00,269.09,269.13,268.33,268.35,174982.0,1m
AAPL,2026-04-30 13:38:00,268.38,268.44,268.14,268.43,110512.0,1m
AAPL,2026-04-30 13:39:00,268.44,268.93,268.36,268.83,107003.0,1m
AAPL,2026-04-30 13:40:00,268.82,269.02,268.62,268.88,80931.0,1m
AAPL,2026-04-30 13:41:00,268.94,269.25,268.78,269.24,69897.0,1m
AAPL,2026-04-30 13:42:00,269.25,269.27,268.93,269.26,99383.0,1m
AAPL,2026-04-30 13:43:00,269.25,269.41,269.11,269.13,78494.0,1m
AAPL,2026-04-30 13:44:00,269.13,269.36,269.0,269.07,64091.0,1m
AAPL,2026-04-30 13:45:00,269.07,269.63,269.03,269.58,77830.0,1m
AAPL,2026-04-30 13:46:00,269.6,270.06,269.55,270.0,113755.0,1m
AAPL,2026-04-30 13:47:00,270.03,270.06,269.8,269.86,98045.0,1m
AAPL,2026-04-30 13:48:00,269.86,269.86,269.25,269.32,51287.0,1m
AAPL,2026-04-30 13:49:00,269.29,269.47,269.04,269.47,44159.0,1m
AAPL,2026-04-30 13:50:00,269.44,269.92,269.44,269.59,77300.0,1m
AAPL,2026-04-30 13:51:00,269.59,269.81,269.42,269.79,65106.0,1m
AAPL,2026-04-30 13:52:00,269.78,270.28,269.75,270.28,68282.0,1m
AAPL,2026-04-30 13:53:00,270.3,270.62,270.3,270.6,109666.0,1m
AAPL,2026-04-30 13:54:00,270.61,270.71,270.51,270.59,105620.0,1m
AAPL,2026-04-30 13:55:00,270.55,270.55,269.98,270.02,119930.0,1m
AAPL,2026-04-30 13:56:00,270.03,270.25,269.84,270.25,130742.0,1m
AAPL,2026-04-30 13:57:00,270.25,270.38,270.15,270.25,89699.0,1m
AAPL,2026-04-30 13:58:00,270.24,270.31,269.97,269.98,92066.0,1m
AAPL,2026-04-30 13:59:00,269.97,270.62,269.97,270.6,75460.0,1m
AAPL,2026-04-30 14:00:00,270.6,271.25,270.54,271.22,132995.0,1m
AAPL,2026-04-30 14:01:00,271.22,271.53,271.0,271.4,253020.0,1m
AAPL,2026-04-30 14:02:00,271.4,271.73,271.39,271.63,150712.0,1m
AAPL,2026-04-30 14:03:00,271.63,271.81,271.47,271.79,89322.0,1m
AAPL,2026-04-30 14:04:00,271.79,272.2,271.47,271.63,239530.0,1m
AAPL,2026-04-30 14:05:00,271.6,271.8,271.4,271.44,101192.0,1m
AAPL,2026-04-30 14:06:00,271.42,271.78,271.18,271.22,119217.0,1m
AAPL,2026-04-30 14:07:00,271.21,271.29,270.99,271.08,96592.0,1m
AAPL,2026-04-30 14:08:00,271.09,271.1,270.86,270.91,65695.0,1m
AAPL,2026-04-30 14:09:00,270.88,271.47,270.86,271.43,70004.0,1m
AAPL,2026-04-30 14:10:00,271.42,271.69,271.37,271.51,81305.0,1m
AAPL,2026-04-30 14:11:00,271.51,271.58,271.03,271.13,79699.0,1m
AAPL,2026-04-30 14:12:00,271.1,271.31,271.06,271.09,43588.0,1m
AAPL,2026-04-30 14:13:00,271.11,271.38,271.01,271.35,101419.0,1m
AAPL,2026-04-30 14:14:00,271.32,271.35,271.03,271.19,101537.0,1m
AAPL,2026-04-30 14:15:00,271.2,271.55,271.2,271.42,69713.0,1m
AAPL,2026-04-30 14:16:00,271.42,271.44,271.17,271.22,34940.0,1m
AAPL,2026-04-30 14:17:00,271.24,271.49,271.19,271.3,48960.0,1m
AAPL,2026-04-30 14:18:00,271.28,271.41,271.08,271.33,69976.0,1m
AAPL,2026-04-30 14:19:00,271.36,271.38,271.04,271.04,53104.0,1m
AAPL,2026-04-30 14:20:00,271.03,271.44,271.0,271.35,62606.0,1m
AAPL,2026-04-30 14:21:00,271.38,271.48,271.09,271.14,72227.0,1m
AAPL,2026-04-30 14:22:00,271.14,271.34,271.04,271.28,51495.0,1m
AAPL,2026-04-30 14:23:00,271.31,271.7,271.31,271.69,55423.0,1m
AAPL,2026-04-30 14:24:00,271.67,271.87,271.63,271.74,50288.0,1m
AAPL,2026-04-30 14:25:00,271.74,272.08,271.59,272.08,165402.0,1m
AAPL,2026-04-30 14:26:00,272.08,272.08,271.69,271.81,66495.0,1m
AAPL,2026-04-30 14:27:00,271.82,271.92,271.7,271.85,49927.0,1m
AAPL,2026-04-30 14:28:00,271.85,271.95,271.68,271.71,57191.0,1m
AAPL,2026-04-30 14:29:00,271.71,271.92,271.69,271.92,59174.0,1m
AAPL,2026-04-30 14:30:00,271.88,272.22,271.82,271.99,71662.0,1m
AAPL,2026-04-30 14:31:00,271.98,272.2,271.96,272.06,70272.0,1m
AAPL,2026-04-30 14:32:00,272.02,272.19,271.94,271.98,52227.0,1m
AAPL,2026-04-30 14:33:00,271.97,271.98,271.66,271.69,46729.0,1m
AAPL,2026-04-30 14:34:00,271.69,271.69,271.55,271.62,37065.0,1m
AAPL,2026-04-30 14:35:00,271.62,271.74,271.44,271.44,49197.0,1m
AAPL,2026-04-30 14:36:00,271.4,271.46,270.95,271.04,63646.0,1m
AAPL,2026-04-30 14:37:00,271.03,271.21,270.99,271.15,49808.0,1m
AAPL,2026-04-30 14:38:00,271.09,271.13,270.99,271.08,35638.0,1m
AAPL,2026-04-30 14:39:00,271.06,271.18,270.92,271.08,56750.0,1m
AAPL,2026-04-30 14:40:00,271.11,271.33,271.11,271.22,42785.0,1m
AAPL,2026-04-30 14:41:00,271.24,271.37,271.14,271.34,54027.0,1m
AAPL,2026-04-30 14:42:00,271.36,271.43,271.2,271.24,43922.0,1m
AAPL,2026-04-30 14:43:00,271.25,271.38,271.21,271.25,53412.0,1m
AAPL,2026-04-30 14:44:00,271.26,271.52,271.21,271.47,51635.0,1m
AAPL,2026-04-30 14:45:00,271.49,271.62,271.46,271.56,62896.0,1m
AAPL,2026-04-30 14:46:00,271.59,271.64,271.52,271.52,44676.0,1m
AAPL,2026-04-30 14:47:00,271.5,271.5,271.14,271.15,57853.0,1m
AAPL,2026-04-30 14:48:00,271.17,271.23,270.97,271.05,42292.0,1m
AAPL,2026-04-30 14:49:00,271.05,271.09,270.98,270.98,38879.0,1m
AAPL,2026-04-30 14:50:00,270.96,270.98,270.76,270.78,49958.0,1m
AAPL,2026-04-30 14:51:00,270.78,271.14,270.73,271.12,40627.0,1m
AAPL,2026-04-30 14:52:00,271.11,271.21,271.0,271.2,60362.0,1m
AAPL,2026-04-30 14:53:00,271.19,271.23,271.05,271.11,28639.0,1m
AAPL,2026-04-30 14:54:00,271.12,271.3,271.12,271.22,50289.0,1m
AAPL,2026-04-30 14:55:00,271.23,271.29,271.08,271.25,48093.0,1m
AAPL,2026-04-30 14:56:00,271.25,271.26,271.16,271.24,36474.0,1m
AAPL,2026-04-30 14:57:00,271.25,271.28,271.14,271.21,28704.0,1m
AAPL,2026-04-30 14:58:00,271.21,271.24,271.15,271.17,31891.0,1m
AAPL,2026-04-30 14:59:00,271.16,271.17,270.84,270.86,36109.0,1m
AAPL,2026-04-30 15:00:00,270.86,271.01,270.76,271.0,39449.0,1m
AAPL,2026-04-30 15:01:00,270.97,271.19,270.97,271.15,46786.0,1m
AAPL,2026-04-30 15:02:00,271.15,271.15,270.91,271.0,41274.0,1m
AAPL,2026-04-30 15:03:00,271.01,271.09,270.98,271.0,16997.0,1m
AAPL,2026-04-30 15:04:00,270.99,271.15,270.9,271.12,33315.0,1m
AAPL,2026-04-30 15:05:00,271.13,271.18,271.06,271.08,39103.0,1m
AAPL,2026-04-30 15:06:00,271.07,271.35,271.06,271.28,43819.0,1m
AAPL,2026-04-30 15:07:00,271.28,271.47,271.23,271.41,49013.0,1m
AAPL,2026-04-30 15:08:00,271.41,271.45,271.17,271.17,72456.0,1m
AAPL,2026-04-30 15:09:00,271.14,271.3,271.08,271.26,49844.0,1m
AAPL,2026-04-30 15:10:00,271.28,271.36,271.22,271.25,34676.0,1m
AAPL,2026-04-30 15:11:00,271.25,271.38,271.16,271.37,29257.0,1m
AAPL,2026-04-30 15:12:00,271.38,271.4,271.24,271.24,45348.0,1m
AAPL,2026-04-30 15:13:00,271.22,271.28,271.19,271.28,27236.0,1m
AAPL,2026-04-30 15:14:00,271.27,271.33,271.23,271.29,26754.0,1m
AAPL,2026-04-30 15:15:00,271.28,271.41,271.25,271.38,42559.0,1m
AAPL,2026-04-30 15:16:00,271.38,271.58,271.35,271.46,89237.0,1m
AAPL,2026-04-30 15:17:00,271.47,271.47,270.95,270.99,82783.0,1m
AAPL,2026-04-30 15:18:00,271.0,271.11,270.96,271.01,49551.0,1m
AAPL,2026-04-30 15:19:00,271.01,271.18,270.99,271.15,46809.0,1m
AAPL,2026-04-30 15:20:00,271.13,271.35,271.04,271.33,53276.0,1m
AAPL,2026-04-30 15:21:00,271.33,271.41,271.19,271.2,50131.0,1m
AAPL,2026-04-30 15:22:00,271.2,271.27,271.11,271.25,44004.0,1m
AAPL,2026-04-30 15:23:00,271.26,271.59,271.22,271.59,75369.0,1m
AAPL,2026-04-30 15:24:00,271.56,271.56,271.31,271.42,60297.0,1m
AAPL,2026-04-30 15:25:00,271.42,271.64,271.4,271.48,81536.0,1m
AAPL,2026-04-30 15:26:00,271.48,271.5,271.31,271.43,63030.0,1m
AAPL,2026-04-30 15:27:00,271.42,271.45,271.26,271.33,32908.0,1m
AAPL,2026-04-30 15:28:00,271.32,271.38,271.28,271.3,38063.0,1m
AAPL,2026-04-30 15:29:00,271.3,271.59,271.3,271.52,38990.0,1m
AAPL,2026-04-30 15:30:00,271.53,271.63,271.37,271.37,29338.0,1m
AAPL,2026-04-30 15:31:00,271.39,271.44,271.31,271.33,31644.0,1m
AAPL,2026-04-30 15:32:00,271.33,271.44,271.3,271.38,28517.0,1m
AAPL,2026-04-30 15:33:00,271.38,271.42,271.26,271.29,22994.0,1m
AAPL,2026-04-30 15:34:00,271.28,271.35,271.23,271.31,29175.0,1m
AAPL,2026-04-30 15:35:00,271.3,271.47,271.22,271.44,42967.0,1m
AAPL,2026-04-30 15:36:00,271.43,271.46,271.25,271.34,33905.0,1m
AAPL,2026-04-30 15:37:00,271.31,271.52,271.29,271.51,29043.0,1m
AAPL,2026-04-30 15:38:00,271.5,271.6,271.41,271.58,39455.0,1m
AAPL,2026-04-30 15:39:00,271.56,271.65,271.51,271.64,44138.0,1m
AAPL,2026-04-30 15:40:00,271.63,271.75,271.56,271.75,74816.0,1m
AAPL,2026-04-30 15:41:00,271.75,271.94,271.75,271.8,82797.0,1m
AAPL,2026-04-30 15:42:00,271.79,271.82,271.57,271.69,45844.0,1m
AAPL,2026-04-30 15:43:00,271.69,271.7,271.53,271.66,25674.0,1m
AAPL,2026-04-30 15:44:00,271.65,271.71,271.58,271.63,31525.0,1m
AAPL,2026-04-30 15:45:00,271.64,271.65,271.45,271.48,21903.0,1m
AAPL,2026-04-30 15:46:00,271.44,271.46,271.31,271.33,39905.0,1m
AAPL,2026-04-30 15:47:00,271.33,271.37,271.18,271.21,50935.0,1m
AAPL,2026-04-30 15:48:00,271.21,271.36,271.19,271.31,28160.0,1m
AAPL,2026-04-30 15:49:00,271.32,271.46,271.3,271.45,24343.0,1m
AAPL,2026-04-30 15:50:00,271.46,271.49,271.37,271.43,35572.0,1m
AAPL,2026-04-30 15:51:00,271.41,271.58,271.41,271.58,27291.0,1m
AAPL,2026-04-30 15:52:00,271.57,271.61,271.49,271.59,39774.0,1m
AAPL,2026-04-30 15:53:00,271.6,271.64,271.44,271.49,30877.0,1m
AAPL,2026-04-30 15:54:00,271.48,271.58,271.48,271.58,34224.0,1m
AAPL,2026-04-30 15:55:00,271.59,271.87,271.59,271.86,54821.0,1m
AAPL,2026-04-30 15:56:00,271.84,271.9,271.75,271.78,28021.0,1m
AAPL,2026-04-30 15:57:00,271.78,271.83,271.72,271.76,34180.0,1m
AAPL,2026-04-30 15:58:00,271.77,271.88,271.74,271.82,38729.0,1m
AAPL,2026-04-30 15:59:00,271.8,271.98,271.76,271.92,30236.0,1m
AAPL,2026-04-30 16:00:00,271.95,271.95,271.85,271.94,39669.0,1m
AAPL,2026-04-30 16:01:00,271.92,271.95,271.76,271.84,29518.0,1m
AAPL,2026-04-30 16:02:00,271.83,271.88,271.77,271.82,16504.0,1m
AAPL,2026-04-30 16:03:00,271.84,271.87,271.79,271.85,22846.0,1m
AAPL,2026-04-30 16:04:00,271.86,272.0,271.86,271.88,80574.0,1m
AAPL,2026-04-30 16:05:00,271.88,272.08,271.86,272.08,44933.0,1m
AAPL,2026-04-30 16:06:00,272.06,272.1,271.98,271.99,35180.0,1m
AAPL,2026-04-30 16:07:00,271.98,272.2,271.94,272.17,27392.0,1m
AAPL,2026-04-30 16:08:00,272.19,272.35,272.18,272.23,46275.0,1m
AAPL,2026-04-30 16:09:00,272.22,272.24,272.07,272.14,29927.0,1m
AAPL,2026-04-30 16:10:00,272.12,272.35,272.11,272.33,45477.0,1m
AAPL,2026-04-30 16:11:00,272.34,272.43,272.28,272.35,40572.0,1m
AAPL,2026-04-30 16:12:00,272.36,272.38,272.27,272.35,25538.0,1m
AAPL,2026-04-30 16:13:00,272.36,272.56,272.35,272.47,43717.0,1m
AAPL,2026-04-30 16:14:00,272.48,272.62,272.47,272.6,49526.0,1m
AAPL,2026-04-30 16:15:00,272.6,272.65,272.51,272.65,80131.0,1m
AAPL,2026-04-30 16:16:00,272.64,272.69,272.56,272.69,50705.0,1m
AAPL,2026-04-30 16:17:00,272.68,272.79,272.67,272.78,36792.0,1m
AAPL,2026-04-30 16:18:00,272.78,272.8,272.67,272.67,39367.0,1m
AAPL,2026-04-30 16:19:00,272.64,272.64,272.3,272.31,39623.0,1m
AAPL,2026-04-30 16:20:00,272.31,272.44,272.31,272.43,26353.0,1m
AAPL,2026-04-30 16:21:00,272.43,272.59,272.38,272.51,34712.0,1m
AAPL,2026-04-30 16:22:00,272.5,272.53,272.43,272.49,16227.0,1m
AAPL,2026-04-30 16:23:00,272.49,272.57,272.43,272.54,21330.0,1m
AAPL,2026-04-30 16:24:00,272.58,272.62,272.53,272.55,20595.0,1m
AAPL,2026-04-30 16:25:00,272.55,272.75,272.49,272.63,28784.0,1m
AAPL,2026-04-30 16:26:00,272.62,272.66,272.51,272.53,25045.0,1m
AAPL,2026-04-30 16:27:00,272.54,272.59,272.51,272.58,28347.0,1m
AAPL,2026-04-30 16:28:00,272.58,272.82,272.58,272.8,77785.0,1m
AAPL,2026-04-30 16:29:00,272.8,273.1,272.76,273.06,151366.0,1m
AAPL,2026-04-30 16:30:00,273.08,273.4,273.08,273.23,253389.0,1m
AAPL,2026-04-30 16:31:00,273.2,273.49,273.16,273.43,137753.0,1m
AAPL,2026-04-30 16:32:00,273.44,273.6,273.35,273.41,126545.0,1m
AAPL,2026-04-30 16:33:00,273.42,273.61,273.38,273.59,93237.0,1m
AAPL,2026-04-30 16:34:00,273.58,273.76,273.36,273.42,164668.0,1m
AAPL,2026-04-30 16:35:00,273.44,273.56,273.36,273.49,158495.0,1m
AAPL,2026-04-30 16:36:00,273.47,273.5,273.24,273.32,101771.0,1m
AAPL,2026-04-30 16:37:00,273.32,273.32,272.99,273.03,54629.0,1m
AAPL,2026-04-30 16:38:00,273.03,273.22,272.99,273.05,73707.0,1m
AAPL,2026-04-30 16:39:00,273.02,273.2,273.01,273.16,36091.0,1m
AAPL,2026-04-30 16:40:00,273.16,273.24,273.11,273.13,33786.0,1m
AAPL,2026-04-30 16:41:00,273.13,273.19,273.07,273.09,41784.0,1m
AAPL,2026-04-30 16:42:00,273.08,273.16,272.92,273.11,52198.0,1m
AAPL,2026-04-30 16:43:00,273.12,273.2,273.02,273.02,28657.0,1m
AAPL,2026-04-30 16:44:00,273.02,273.03,272.92,272.97,38107.0,1m
AAPL,2026-04-30 16:45:00,272.97,272.98,272.81,272.86,36007.0,1m
AAPL,2026-04-30 16:46:00,272.85,272.95,272.84,272.93,20127.0,1m
AAPL,2026-04-30 16:47:00,272.94,272.98,272.88,272.9,25927.0,1m
AAPL,2026-04-30 16:48:00,272.9,272.92,272.78,272.85,75600.0,1m
AAPL,2026-04-30 16:49:00,272.85,272.99,272.85,272.9,25783.0,1m
AAPL,2026-04-30 16:50:00,272.9,272.9,272.46,272.46,70959.0,1m
AAPL,2026-04-30 16:51:00,272.45,272.47,272.22,272.23,54880.0,1m
AAPL,2026-04-30 16:52:00,272.21,272.25,272.07,272.16,57593.0,1m
AAPL,2026-04-30 16:53:00,272.15,272.25,272.03,272.22,39249.0,1m
AAPL,2026-04-30 16:54:00,272.2,272.22,272.09,272.09,31293.0,1m
AAPL,2026-04-30 16:55:00,272.08,272.1,271.9,271.91,56990.0,1m
AAPL,2026-04-30 16:56:00,271.91,271.97,271.82,271.87,57513.0,1m
AAPL,2026-04-30 16:57:00,271.91,271.91,271.71,271.75,32186.0,1m
AAPL,2026-04-30 16:58:00,271.75,271.97,271.71,271.94,38784.0,1m
AAPL,2026-04-30 16:59:00,271.95,271.97,271.89,271.96,41003.0,1m
AAPL,2026-04-30 17:00:00,271.96,272.15,271.9,272.11,46329.0,1m
AAPL,2026-04-30 17:01:00,272.11,272.13,271.93,272.01,65665.0,1m
AAPL,2026-04-30 17:02:00,272.02,272.1,271.94,271.94,34571.0,1m
AAPL,2026-04-30 17:03:00,271.93,271.96,271.8,271.83,32649.0,1m
AAPL,2026-04-30 17:04:00,271.82,271.93,271.7,271.77,40979.0,1m
AAPL,2026-04-30 17:05:00,271.76,271.88,271.76,271.87,28269.0,1m
AAPL,2026-04-30 17:06:00,271.88,271.97,271.68,271.93,50609.0,1m
AAPL,2026-04-30 17:07:00,271.94,272.04,271.9,272.02,53925.0,1m
AAPL,2026-04-30 17:08:00,272.02,272.13,272.02,272.11,37605.0,1m
AAPL,2026-04-30 17:09:00,272.1,272.24,272.08,272.19,54136.0,1m
AAPL,2026-04-30 17:10:00,272.18,272.22,272.11,272.17,35170.0,1m
AAPL,2026-04-30 17:11:00,272.17,272.19,272.07,272.18,29980.0,1m
AAPL,2026-04-30 17:12:00,272.19,272.35,272.18,272.34,45379.0,1m
AAPL,2026-04-30 17:13:00,272.35,272.56,272.33,272.53,63473.0,1m
AAPL,2026-04-30 17:14:00,272.53,272.58,272.31,272.31,40062.0,1m
AAPL,2026-04-30 17:15:00,272.3,272.3,272.22,272.26,19221.0,1m
AAPL,2026-04-30 17:16:00,272.29,272.43,272.29,272.4,27934.0,1m
AAPL,2026-04-30 17:17:00,272.41,272.41,272.3,272.33,23506.0,1m
AAPL,2026-04-30 17:18:00,272.32,272.37,272.29,272.34,49873.0,1m
AAPL,2026-04-30 17:19:00,272.36,272.4,272.19,272.25,42071.0,1m
AAPL,2026-04-30 17:20:00,272.25,272.3,272.12,272.15,50415.0,1m
AAPL,2026-04-30 17:21:00,272.14,272.16,272.05,272.07,48037.0,1m
AAPL,2026-04-30 17:22:00,272.07,272.34,272.02,272.19,75077.0,1m
AAPL,2026-04-30 17:23:00,272.19,272.27,272.13,272.24,25309.0,1m
AAPL,2026-04-30 17:24:00,272.23,272.52,272.22,272.48,49641.0,1m
AAPL,2026-04-30 17:25:00,272.49,272.59,272.48,272.58,44121.0,1m
AAPL,2026-04-30 17:26:00,272.58,272.59,272.44,272.49,23774.0,1m
AAPL,2026-04-30 17:27:00,272.5,272.59,272.44,272.49,22483.0,1m
AAPL,2026-04-30 17:28:00,272.49,272.66,272.48,272.63,37629.0,1m
AAPL,2026-04-30 17:29:00,272.61,272.83,272.58,272.79,35927.0,1m
AAPL,2026-04-30 17:30:00,272.81,273.17,272.8,273.12,103204.0,1m
AAPL,2026-04-30 17:31:00,273.12,273.22,273.04,273.15,57299.0,1m
AAPL,2026-04-30 17:32:00,273.13,273.28,273.0,273.19,46853.0,1m
AAPL,2026-04-30 17:33:00,273.19,273.27,273.14,273.25,38044.0,1m
AAPL,2026-04-30 17:34:00,273.24,273.44,273.24,273.4,44494.0,1m
AAPL,2026-04-30 17:35:00,273.41,273.67,273.4,273.54,94718.0,1m
AAPL,2026-04-30 17:36:00,273.54,273.54,273.42,273.47,49713.0,1m
AAPL,2026-04-30 17:37:00,273.47,273.49,273.38,273.39,41445.0,1m
AAPL,2026-04-30 17:38:00,273.38,273.4,273.2,273.23,55625.0,1m
AAPL,2026-04-30 17:39:00,273.24,273.42,273.24,273.42,45404.0,1m
AAPL,2026-04-30 17:40:00,273.41,273.56,273.31,273.45,62345.0,1m
AAPL,2026-04-30 17:41:00,273.45,273.64,273.45,273.64,54856.0,1m
AAPL,2026-04-30 17:42:00,273.63,273.67,273.55,273.59,41100.0,1m
AAPL,2026-04-30 17:43:00,273.59,273.68,273.49,273.68,39995.0,1m
AAPL,2026-04-30 17:44:00,273.68,273.76,273.64,273.71,69924.0,1m
AAPL,2026-04-30 17:45:00,273.73,273.82,273.64,273.81,61062.0,1m
AAPL,2026-04-30 17:46:00,273.82,273.86,273.72,273.8,35674.0,1m
AAPL,2026-04-30 17:47:00,273.81,273.82,273.63,273.66,47486.0,1m
AAPL,2026-04-30 17:48:00,273.66,273.81,273.5,273.8,98698.0,1m
AAPL,2026-04-30 17:49:00,273.8,273.85,273.72,273.74,43752.0,1m
AAPL,2026-04-30 17:50:00,273.74,273.75,273.68,273.69,30664.0,1m
AAPL,2026-04-30 17:51:00,273.68,273.73,273.59,273.66,82552.0,1m
AAPL,2026-04-30 17:52:00,273.64,273.69,273.61,273.66,26374.0,1m
AAPL,2026-04-30 17:53:00,273.66,273.74,273.65,273.69,30069.0,1m
AAPL,2026-04-30 17:54:00,273.69,273.78,273.67,273.73,35596.0,1m
AAPL,2026-04-30 17:55:00,273.74,273.77,273.68,273.76,41306.0,1m
AAPL,2026-04-30 17:56:00,273.76,273.77,273.66,273.67,38385.0,1m
AAPL,2026-04-30 17:57:00,273.68,273.68,273.58,273.59,30539.0,1m
AAPL,2026-04-30 17:58:00,273.59,273.64,273.58,273.63,25631.0,1m
AAPL,2026-04-30 17:59:00,273.63,273.7,273.59,273.61,34272.0,1m
AAPL,2026-04-30 18:00:00,273.62,273.91,273.57,273.9,109995.0,1m
AAPL,2026-04-30 18:01:00,273.91,274.0,273.88,273.97,63954.0,1m
AAPL,2026-04-30 18:02:00,273.98,274.2,273.96,274.2,107954.0,1m
AAPL,2026-04-30 18:03:00,274.19,274.2,274.06,274.1,47073.0,1m
AAPL,2026-04-30 18:04:00,274.1,274.1,274.02,274.1,26417.0,1m
AAPL,2026-04-30 18:05:00,274.09,274.11,274.01,274.01,38557.0,1m
AAPL,2026-04-30 18:06:00,274.03,274.18,274.03,274.15,55612.0,1m
AAPL,2026-04-30 18:07:00,274.15,274.17,274.08,274.09,31868.0,1m
AAPL,2026-04-30 18:08:00,274.08,274.13,274.01,274.11,31136.0,1m
AAPL,2026-04-30 18:09:00,274.1,274.19,274.08,274.13,44689.0,1m
AAPL,2026-04-30 18:10:00,274.12,274.18,274.09,274.11,37668.0,1m
AAPL,2026-04-30 18:11:00,274.11,274.14,274.02,274.03,59337.0,1m
AAPL,2026-04-30 18:12:00,274.03,274.05,273.96,274.04,54639.0,1m
AAPL,2026-04-30 18:13:00,274.06,274.09,273.97,273.99,19512.0,1m
AAPL,2026-04-30 18:14:00,274.0,274.02,273.94,273.98,39992.0,1m
AAPL,2026-04-30 18:15:00,273.99,274.02,273.92,273.96,26355.0,1m
AAPL,2026-04-30 18:16:00,273.95,273.97,273.83,273.86,58801.0,1m
AAPL,2026-04-30 18:17:00,273.85,274.0,273.8,274.0,67991.0,1m
AAPL,2026-04-30 18:18:00,274.0,274.01,273.91,273.97,44089.0,1m
AAPL,2026-04-30 18:19:00,273.97,274.01,273.91,273.99,31161.0,1m
AAPL,2026-04-30 18:20:00,273.99,274.07,273.99,274.01,46123.0,1m
AAPL,2026-04-30 18:21:00,274.01,274.05,273.95,274.03,20168.0,1m
AAPL,2026-04-30 18:22:00,274.03,274.08,273.84,273.85,41777.0,1m
AAPL,2026-04-30 18:23:00,273.84,273.86,273.75,273.8,34374.0,1m
AAPL,2026-04-30 18:24:00,273.81,273.84,273.62,273.65,36917.0,1m
AAPL,2026-04-30 18:25:00,273.64,273.65,273.49,273.51,44245.0,1m
AAPL,2026-04-30 18:26:00,273.5,273.59,273.44,273.58,40107.0,1m
AAPL,2026-04-30 18:27:00,273.57,273.66,273.57,273.62,37484.0,1m
AAPL,2026-04-30 18:28:00,273.62,273.7,273.59,273.64,31961.0,1m
AAPL,2026-04-30 18:29:00,273.64,273.7,273.55,273.6,29780.0,1m
AAPL,2026-04-30 18:30:00,273.58,273.7,273.56,273.6,37317.0,1m
AAPL,2026-04-30 18:31:00,273.59,273.66,273.55,273.56,27069.0,1m
AAPL,2026-04-30 18:32:00,273.57,273.58,273.5,273.56,33587.0,1m
AAPL,2026-04-30 18:33:00,273.56,273.61,273.54,273.6,34243.0,1m
AAPL,2026-04-30 18:34:00,273.6,273.63,273.55,273.62,33291.0,1m
AAPL,2026-04-30 18:35:00,273.62,273.72,273.62,273.7,35196.0,1m
AAPL,2026-04-30 18:36:00,273.7,273.83,273.69,273.82,37398.0,1m
AAPL,2026-04-30 18:37:00,273.83,273.86,273.74,273.77,28872.0,1m
AAPL,2026-04-30 18:38:00,273.77,273.9,273.74,273.87,28129.0,1m
AAPL,2026-04-30 18:39:00,273.88,273.93,273.85,273.87,22831.0,1m
AAPL,2026-04-30 18:40:00,273.86,273.88,273.81,273.85,29003.0,1m
AAPL,2026-04-30 18:41:00,273.85,273.88,273.79,273.82,33156.0,1m
AAPL,2026-04-30 18:42:00,273.81,273.94,273.79,273.82,41485.0,1m
AAPL,2026-04-30 18:43:00,273.82,273.85,273.76,273.78,23364.0,1m
AAPL,2026-04-30 18:44:00,273.78,273.78,273.61,273.63,39323.0,1m
AAPL,2026-04-30 18:45:00,273.62,273.64,273.53,273.56,27425.0,1m
AAPL,2026-04-30 18:46:00,273.56,273.63,273.5,273.58,34790.0,1m
AAPL,2026-04-30 18:47:00,273.56,273.6,273.5,273.51,44122.0,1m
AAPL,2026-04-30 18:48:00,273.54,273.69,273.52,273.65,36377.0,1m
AAPL,2026-04-30 18:49:00,273.63,273.73,273.58,273.7,32095.0,1m
AAPL,2026-04-30 18:50:00,273.69,273.89,273.67,273.86,35916.0,1m
AAPL,2026-04-30 18:51:00,273.86,273.88,273.77,273.77,35148.0,1m
AAPL,2026-04-30 18:52:00,273.78,273.91,273.73,273.88,44427.0,1m
AAPL,2026-04-30 18:53:00,273.86,273.86,273.52,273.52,48275.0,1m
AAPL,2026-04-30 18:54:00,273.53,273.6,273.45,273.46,44671.0,1m
AAPL,2026-04-30 18:55:00,273.46,273.46,273.11,273.14,43395.0,1m
AAPL,2026-04-30 18:56:00,273.13,273.19,273.08,273.09,64644.0,1m
AAPL,2026-04-30 18:57:00,273.07,273.24,273.07,273.17,50930.0,1m
AAPL,2026-04-30 18:58:00,273.16,273.22,273.12,273.13,35232.0,1m
AAPL,2026-04-30 18:59:00,273.13,273.24,273.04,273.1,124427.0,1m
AAPL,2026-04-30 19:00:00,273.08,273.28,272.82,273.26,114747.0,1m
AAPL,2026-04-30 19:01:00,273.28,273.5,273.25,273.48,41431.0,1m
AAPL,2026-04-30 19:02:00,273.48,273.62,273.47,273.57,53858.0,1m
AAPL,2026-04-30 19:03:00,273.57,273.7,273.56,273.59,58503.0,1m
AAPL,2026-04-30 19:04:00,273.59,273.78,273.59,273.76,64880.0,1m
AAPL,2026-04-30 19:05:00,273.76,273.85,273.68,273.81,46926.0,1m
AAPL,2026-04-30 19:06:00,273.78,274.08,273.78,274.01,67235.0,1m
AAPL,2026-04-30 19:07:00,274.02,274.17,273.99,274.05,100647.0,1m
AAPL,2026-04-30 19:08:00,274.05,274.11,273.95,274.05,49979.0,1m
AAPL,2026-04-30 19:09:00,274.06,274.08,273.84,273.95,84645.0,1m
AAPL,2026-04-30 19:10:00,273.95,274.02,273.93,273.98,33580.0,1m
AAPL,2026-04-30 19:11:00,273.98,274.02,273.91,273.99,42040.0,1m
AAPL,2026-04-30 19:12:00,273.99,274.1,273.98,274.07,40115.0,1m
AAPL,2026-04-30 19:13:00,274.08,274.25,274.06,274.23,67282.0,1m
AAPL,2026-04-30 19:14:00,274.21,274.25,274.16,274.22,74164.0,1m
AAPL,2026-04-30 19:15:00,274.22,274.24,274.09,274.2,70631.0,1m
AAPL,2026-04-30 19:16:00,274.19,274.35,274.15,274.26,102912.0,1m
AAPL,2026-04-30 19:17:00,274.29,274.35,274.27,274.31,73021.0,1m
AAPL,2026-04-30 19:18:00,274.3,274.38,274.1,274.31,92212.0,1m
AAPL,2026-04-30 19:19:00,274.3,274.33,274.11,274.18,61933.0,1m
AAPL,2026-04-30 19:20:00,274.15,274.2,274.09,274.18,46606.0,1m
AAPL,2026-04-30 19:21:00,274.17,274.17,274.02,274.12,48513.0,1m
AAPL,2026-04-30 19:22:00,274.12,274.17,273.99,274.07,73914.0,1m
AAPL,2026-04-30 19:23:00,274.08,274.15,274.0,274.11,61134.0,1m
AAPL,2026-04-30 19:24:00,274.11,274.31,274.11,274.28,64897.0,1m
AAPL,2026-04-30 19:25:00,274.29,274.4,274.27,274.37,98753.0,1m
AAPL,2026-04-30 19:26:00,274.36,274.37,274.26,274.31,68984.0,1m
AAPL,2026-04-30 19:27:00,274.31,274.46,274.26,274.27,70774.0,1m
AAPL,2026-04-30 19:28:00,274.29,274.38,274.25,274.34,54491.0,1m
AAPL,2026-04-30 19:29:00,274.35,274.5,274.35,274.49,83111.0,1m
AAPL,2026-04-30 19:30:00,274.47,274.53,274.13,274.17,113226.0,1m
AAPL,2026-04-30 19:31:00,274.15,274.2,273.95,273.95,74065.0,1m
AAPL,2026-04-30 19:32:00,273.97,274.15,273.92,274.1,84252.0,1m
AAPL,2026-04-30 19:33:00,274.1,274.13,274.0,274.1,116308.0,1m
AAPL,2026-04-30 19:34:00,274.09,274.12,273.91,273.94,84383.0,1m
AAPL,2026-04-30 19:35:00,273.95,274.09,273.9,274.06,66583.0,1m
AAPL,2026-04-30 19:36:00,274.06,274.27,274.06,274.12,128036.0,1m
AAPL,2026-04-30 19:37:00,274.14,274.24,274.1,274.23,66622.0,1m
AAPL,2026-04-30 19:38:00,274.22,274.24,274.05,274.13,66453.0,1m
AAPL,2026-04-30 19:39:00,274.13,274.17,274.05,274.16,80644.0,1m
AAPL,2026-04-30 19:40:00,274.14,274.25,274.11,274.15,56616.0,1m
AAPL,2026-04-30 19:41:00,274.15,274.19,274.09,274.17,56363.0,1m
AAPL,2026-04-30 19:42:00,274.17,274.41,274.17,274.33,143282.0,1m
AAPL,2026-04-30 19:43:00,274.34,274.36,274.26,274.32,86242.0,1m
AAPL,2026-04-30 19:44:00,274.32,274.49,274.31,274.49,85317.0,1m
AAPL,2026-04-30 19:45:00,274.48,274.55,274.37,274.38,135612.0,1m
AAPL,2026-04-30 19:46:00,274.38,274.48,274.29,274.31,105522.0,1m
AAPL,2026-04-30 19:47:00,274.31,274.44,274.3,274.34,81131.0,1m
AAPL,2026-04-30 19:48:00,274.35,274.41,274.28,274.32,88802.0,1m
AAPL,2026-04-30 19:49:00,274.31,274.41,274.16,274.27,87489.0,1m
AAPL,2026-04-30 19:50:00,274.27,276.0,274.27,275.7,1071136.0,1m
AAPL,2026-04-30 19:51:00,275.7,275.7,274.77,274.92,506679.0,1m
AAPL,2026-04-30 19:52:00,274.9,274.94,273.23,273.48,793496.0,1m
AAPL,2026-04-30 19:53:00,273.51,273.62,273.06,273.55,415332.0,1m
AAPL,2026-04-30 19:54:00,273.55,273.56,272.11,272.38,497307.0,1m
AAPL,2026-04-30 19:55:00,272.42,272.42,271.06,271.31,822892.0,1m
AAPL,2026-04-30 19:56:00,271.31,271.97,271.3,271.52,576548.0,1m
AAPL,2026-04-30 19:57:00,271.53,271.54,270.34,270.87,925693.0,1m
AAPL,2026-04-30 19:58:00,270.89,271.2,270.56,270.97,975527.0,1m
AAPL,2026-04-30 19:59:00,270.97,272.24,270.95,271.21,1988148.0,1m
